caso,extremo,estacion_referencia_m,estacion_modelo_m,componente,unidad,referencia,modelo_seccion,diferencia_magnitud_pct,ejes_originales_confirmados
G,i,0.0,0,n,kN,-3556.504,3649.144900745576,2.6048304949348067,False
G,i,0.0,0,vy,kN,-3.09,4.671759321875532,51.189622067169324,False
G,i,0.0,0,vz,kN,-10.309,-9.367221258460665,-9.135500451443734,False
G,i,0.0,0,t,kN*m,0.402987,1.0676666801362871e-08,-99.99999735061756,False
G,i,0.0,0,my,kN*m,-10.254164,8.313147035940242,-18.929061053243913,False
G,i,0.0,0,mz,kN*m,-5.591646,3.9224092380806486,-29.852332603304134,False
G,j,3.16,3.96,n,kN,-3518.542,3601.572841595576,2.359808170417632,False
G,j,3.16,3.96,vy,kN,-3.09,4.671759321875532,51.189622067169324,False
G,j,3.16,3.96,vz,kN,-10.309,-9.367221258460665,-9.135500451443734,False
G,j,3.16,3.96,t,kN*m,0.402987,1.0676666801362871e-08,-99.99999735061756,False
G,j,3.16,3.96,my,kN*m,22.321961,-28.78104914756399,28.936024695876796,False
G,j,3.16,3.96,mz,kN*m,4.172415,-14.57775767654646,249.38417383089794,False
Q,i,0.0,0,n,kN,-1062.18,1261.7307009663357,18.78690061631132,False
Q,i,0.0,0,vy,kN,-2.125,1.6122202269137633,-24.13081285111702,False
Q,i,0.0,0,vz,kN,-5.819,-2.8955357386796114,-50.2399769946793,False
Q,i,0.0,0,t,kN*m,0.045327,6.2270964424382385e-09,-99.99998626183854,False
Q,i,0.0,0,my,kN*m,-5.817738,2.554549379933098,-56.0903330481177,False
Q,i,0.0,0,mz,kN*m,-2.308048,1.3447547869435492,-41.73627294824244,False
Q,j,3.16,3.96,n,kN,-1062.18,1261.7307009663357,18.78690061631132,False
Q,j,3.16,3.96,vy,kN,-2.125,1.6122202269137633,-24.13081285111702,False
Q,j,3.16,3.96,vz,kN,-5.819,-2.8955357386796114,-50.2399769946793,False
Q,j,3.16,3.96,t,kN*m,0.045327,6.2270964424382385e-09,-99.99998626183854,False
Q,j,3.16,3.96,my,kN*m,12.570612,-8.911772145238164,-29.10629852199588,False
Q,j,3.16,3.96,mz,kN*m,4.40711,-5.039637311634953,14.352428499287573,False
