losa_id,receptor,id,area_m2,peso_propio_kN,G_kN,Q_kN
1000000,beam,207,0.346875,1.2756306445312495,2.1600680000000003,1.67763146082
1000000,beam,211,3.515625,12.92868896484375,21.89258,17.003010032925
1000000,beam,212,4.48125,16.4797688671875,27.905741999999996,17.425721758515
1000000,beam,213,4.48125,16.4797688671875,27.905742,21.97302515625
1000000,beam,363,3.16875,11.653058320312498,19.732512,15.325378572104999
1000001,beam,210,3.515625,12.92868896484375,21.89258,13.679706983635
1000001,beam,211,3.515625,12.92868896484375,21.89258,14.062191830925
1000001,beam,384,10.771875,39.61350298828125,67.078865,28.859310684155002
1000001,beam,387,4.219691,15.51788727943125,26.276957,20.615701439725
1000001,beam,388,6.5521840000000005,24.095615708849998,40.801908000000005,32.0113180359
1000002,beam,209,0.346875,1.2756306445312495,2.160068,1.398956868435
1000002,beam,210,3.515625,12.92868896484375,21.89258,17.003010032925
1000002,beam,375,3.16875,11.653058320312498,19.732512,12.77964970464
1000002,beam,385,3.177327,11.684600184206248,19.785924,12.355305171825
1000002,beam,386,1.303922,4.7951650054875,8.119819,5.070411683365
1000002,beam,389,4.48125,16.4797688671875,27.905742,21.84063538125
1000003,beam,213,4.48125,16.4797688671875,27.905741000000003,21.97302515625
1000003,beam,216,4.48125,16.4797688671875,27.905742,21.97302515625
1000003,beam,364,3.515625,12.92868896484375,21.892580000000002,17.238251953125
1000003,beam,383,3.515625,12.92868896484375,21.892580000000002,17.238251953125
1000004,beam,208,3.369319,12.390649564256247,20.9815,16.520866085675
1000004,beam,383,3.369319,12.390649564256247,20.9815,16.520866085675
1000004,beam,387,2.227556,8.191823267775,13.871487000000002,10.9224310237
1000004,beam,392,2.227556,8.191823267775,13.871487,10.922431023699998
1000005,beam,208,3.515625,12.92868896484375,21.892580000000002,17.238251953124998
1000005,beam,382,3.515625,12.92868896484375,21.89258,17.238251953125
1000005,beam,388,5.175000000000001,19.031030156250004,32.225877,25.374706875
1000005,wall,601,5.175,19.031030156249997,32.225878,25.374706874999998
1000006,beam,376,3.515625,12.92868896484375,21.892580000000002,14.193287128124997
1000006,beam,382,3.515625,12.92868896484375,21.892580000000002,17.238251953125
1000006,beam,389,4.48125,16.4797688671875,27.905741,21.84063538125
1000006,wall,601,4.48125,16.4797688671875,27.905742,21.84063538125
1000007,beam,214,10.078125,37.06224169921875,62.758729,49.416322265625
1000007,beam,216,5.928718,21.802823390512497,36.919446,29.07043118735
1000007,beam,365,3.515625,12.92868896484375,21.89258,17.238251953124998
1000007,beam,370,3.515625,12.92868896484375,21.89258,17.238251953124998
1000007,beam,392,4.149407,15.259418308706248,25.839284,20.345891078275
1000008,beam,370,3.515625,12.92868896484375,21.892580000000002,17.238251953124998
1000008,beam,377,3.515625,12.92868896484375,21.892580000000002,14.193287128124997
1000008,beam,390,13.171873999999999,48.43948431078749,82.02420000000001,64.45358930604999
1000008,wall,601,13.171875,48.43948798828124,82.02420000000001,64.453594209375
1000009,beam,214,11.875,43.67023828125,73.94827,58.226984374999994
1000009,beam,217,11.875,43.67023828125,73.94827,58.226984374999994
1000009,beam,366,6.25,22.9843359375,38.920142,30.64578125
1000009,beam,371,6.25,22.9843359375,38.920142,30.64578125
1000010,beam,371,6.25,22.9843359375,38.920142,30.64578125
1000010,beam,378,6.25,22.9843359375,38.920142,26.497568299999998
1000010,beam,390,16.0,58.83989999999999,99.63556400000002,78.32081022499999
1000010,beam,395,16.0,58.83989999999999,99.63556400000002,78.32081022499999
1000011,beam,215,11.875,43.67023828125,73.94827,58.226984374999994
1000011,beam,217,11.875,43.67023828125,73.94827,58.226984374999994
1000011,beam,367,6.25,22.9843359375,38.920142,30.64578125
1000011,beam,372,6.25,22.9843359375,38.920142,30.64578125
1000012,beam,372,6.25,22.9843359375,38.920142,30.64578125
1000012,beam,379,6.25,22.9843359375,38.920142,26.497568299999998
1000012,beam,391,16.0,58.83989999999999,99.63556400000002,78.32081022499999
1000012,beam,395,16.0,58.83989999999999,99.63556400000002,78.32081022499999
1000013,beam,215,11.875,43.67023828125,73.94827,58.226984374999994
1000013,beam,218,11.875,43.67023828125,73.94827,58.226984374999994
1000013,beam,368,6.25,22.9843359375,38.920142,30.64578125
1000013,beam,373,6.25,22.9843359375,38.920142,30.64578125
1000014,beam,373,6.25,22.9843359375,38.920142,30.64578125
1000014,beam,380,6.25,22.9843359375,38.920142,26.497568299999998
1000014,beam,391,16.0,58.83989999999999,99.63556400000002,78.32081022499999
1000014,beam,396,16.0,58.83989999999999,99.63556400000002,78.32081022499999
1000015,beam,218,12.418125,45.66757707421875,77.330431,60.890102765624995
1000015,beam,219,2.201625,8.09646217734375,13.710009,10.795282903124999
1000015,beam,369,7.680625,28.24545043359375,47.828963,37.660600578125
1000015,beam,374,7.680625,28.24545043359375,47.828963,37.660600578125
1000015,beam,397,8.8065,32.385848709375,54.840037,43.181131612499996
1000016,beam,374,7.680625,28.24545043359375,47.828962000000004,37.660600578125
1000016,beam,381,7.67605,28.228625899687497,47.800474,33.076825268374996
1000016,beam,396,16.476225,60.59121446109374,102.601123,80.65589617312499
1000016,beam,398,5.232691,19.24318844818125,32.585133000000006,25.652518482185
1000016,beam,399,4.081499000000001,15.009687063131253,25.416403,20.008964984890003
1000017,beam,220,19.1615,70.466296490625,119.322929,46.977521413
1000017,beam,221,12.215,44.920586156249996,76.065526,29.947051329999997
1000017,beam,223,13.09,48.13839318749999,81.514346,32.09225558
1000017,beam,225,13.035,47.93613103125,81.171849,31.957414169999996
1000018,beam,221,21.155,77.79738028124999,131.736897,103.102214775
1000018,beam,222,24.0,88.25984999999999,149.453346,70.60788
1000018,beam,224,19.16,70.46078025,119.31358800000001,78.25706699999999
1000018,beam,226,19.285,70.92046696875,120.09199100000001,64.983766225
1000019,beam,278,0.69375,2.551261289062499,4.320136000000001,3.3552599796449996
1000019,beam,282,3.515625,12.92868896484375,21.89258,17.003010032925
1000019,beam,283,0.07985400000000001,0.2936625859125,0.497266,0.310518746265
1000019,beam,284,4.48125,16.4797688671875,27.905742,21.97302515625
1000019,beam,476,2.821875,10.377427675781249,17.572444,13.64775005328
1000019,beam,497,4.401397,16.18610995876875,27.408476999999998,17.11520497358
1000020,beam,281,3.515625,12.92868896484375,21.89258,13.679706983635
1000020,beam,282,3.515625,12.92868896484375,21.89258,14.062191830925
1000020,beam,498,10.771875,39.61350298828125,67.078865,28.859310684155002
1000020,beam,501,4.219691,15.51788727943125,26.276957,20.615701439725
1000020,beam,502,6.5521840000000005,24.095615708849998,40.801908000000005,32.0113180359
1000021,beam,280,0.69375,2.551261289062499,4.320136,2.7979107948749995
1000021,beam,281,3.515625,12.92868896484375,21.89258,17.003010032925
1000021,beam,488,2.821875,10.377427675781249,17.572445,11.3806957782
1000021,beam,499,3.790938,13.9411508016375,23.607014999999997,14.74138373862
1000021,beam,500,0.690312,2.53861806555,4.298728,2.6843380198949998
1000021,beam,503,4.48125,16.4797688671875,27.905742,21.84063538125
1000022,beam,284,4.48125,16.4797688671875,27.905741000000003,21.97302515625
1000022,beam,287,4.48125,16.4797688671875,27.905742,21.97302515625
1000022,beam,477,3.515625,12.92868896484375,21.892580000000002,17.238251953125
1000022,beam,496,3.515625,12.92868896484375,21.892580000000002,17.238251953125
1000023,beam,279,3.369319,12.390649564256247,20.9815,16.520866085675
1000023,beam,496,3.369319,12.390649564256247,20.9815,16.520866085675
1000023,beam,501,2.227556,8.191823267775,13.871487000000002,10.9224310237
1000023,beam,506,2.227556,8.191823267775,13.871487,10.922431023699998
1000024,beam,279,3.515625,12.92868896484375,21.892580000000002,17.238251953124998
1000024,beam,495,3.515625,12.92868896484375,21.89258,17.238251953125
1000024,beam,502,5.175000000000001,19.031030156250004,32.225877,25.374706875
1000024,beam,507,5.175,19.031030156249997,32.225878,25.374706874999998
1000025,beam,489,3.515625,12.92868896484375,21.892580000000002,14.193287128124997
1000025,beam,495,3.515625,12.92868896484375,21.892580000000002,17.238251953125
1000025,beam,503,4.48125,16.4797688671875,27.905741,21.84063538125
1000025,beam,508,4.48125,16.4797688671875,27.905742,21.84063538125
1000026,beam,285,10.078125,37.06224169921875,62.758729,49.416322265625
1000026,beam,287,5.928718,21.802823390512497,36.919446,29.07043118735
1000026,beam,478,3.515625,12.92868896484375,21.89258,17.238251953124998
1000026,beam,483,3.515625,12.92868896484375,21.89258,17.238251953124998
1000026,beam,506,4.149407,15.259418308706248,25.839284,20.345891078275
1000027,beam,483,3.515625,12.92868896484375,21.892580000000002,17.238251953124998
1000027,beam,490,3.515625,12.92868896484375,21.892580000000002,14.193287128124997
1000027,beam,504,13.171873999999999,48.43948431078749,82.02420000000001,64.45358930604999
1000027,beam,507,6.859734,25.226628911662495,42.717097,33.566559562725
1000027,beam,508,6.312141,23.21285907661875,39.307103,30.887034646649997
1000028,beam,285,11.875,43.67023828125,73.94827,58.226984374999994
1000028,beam,288,11.875,43.67023828125,73.94827,58.226984374999994
1000028,beam,479,6.25,22.9843359375,38.920142,30.64578125
1000028,beam,484,6.25,22.9843359375,38.920142,30.64578125
1000029,beam,484,6.25,22.9843359375,38.920142,30.64578125
1000029,beam,491,6.25,22.9843359375,38.920142,26.497568299999998
1000029,beam,504,16.0,58.83989999999999,99.63556400000002,78.32081022499999
1000029,beam,509,16.0,58.83989999999999,99.63556400000002,78.32081022499999
1000030,beam,286,11.875,43.67023828125,73.94827,58.226984374999994
1000030,beam,288,11.875,43.67023828125,73.94827,58.226984374999994
1000030,beam,480,6.25,22.9843359375,38.920142,30.64578125
1000030,beam,485,6.25,22.9843359375,38.920142,30.64578125
1000031,beam,485,6.25,22.9843359375,38.920142,30.64578125
1000031,beam,492,6.25,22.9843359375,38.920142,26.497568299999998
1000031,beam,505,16.0,58.83989999999999,99.63556400000002,78.32081022499999
1000031,beam,509,16.0,58.83989999999999,99.63556400000002,78.32081022499999
1000032,beam,286,11.875,43.67023828125,73.94827,58.226984374999994
1000032,beam,289,11.875,43.67023828125,73.94827,58.226984374999994
1000032,beam,481,6.25,22.9843359375,38.920142,30.64578125
1000032,beam,486,6.25,22.9843359375,38.920142,30.64578125
1000033,beam,486,6.25,22.9843359375,38.920142,30.64578125
1000033,beam,493,6.25,22.9843359375,38.920142,26.497568299999998
1000033,beam,505,16.0,58.83989999999999,99.63556400000002,78.32081022499999
1000033,beam,510,16.0,58.83989999999999,99.63556400000002,78.32081022499999
1000034,beam,289,12.418125,45.66757707421875,77.330431,60.890102765624995
1000034,beam,290,4.40325,16.1929243546875,27.420019,21.590565806249998
1000034,beam,482,7.680625,28.24545043359375,47.828963,37.660600578125
1000034,beam,487,7.680625,28.24545043359375,47.828963,37.660600578125
1000034,beam,511,6.604875,24.289386532031248,41.130028,32.385848709375
1000035,beam,487,7.680625,28.24545043359375,47.828962000000004,37.660600578125
1000035,beam,494,7.67605,28.228625899687497,47.800474,33.076825268374996
1000035,beam,510,16.476224000000002,60.591210783600005,102.601123,80.6558912698
1000035,beam,512,9.314188999999999,34.25287183381874,58.001535999999994,45.661478563749995
1000036,beam,227,19.1615,70.466296490625,119.322929,46.977521413
1000036,beam,228,12.215,44.920586156249996,76.065526,29.947051329999997
1000036,beam,231,13.09,48.13839318749999,81.514346,32.09225558
1000036,beam,232,13.035,47.93613103125,81.171849,31.957414169999996
1000037,beam,228,20.659999999999997,75.97702087499998,128.654422,100.5941640375
1000037,beam,229,23.79,87.4875763125,148.145629,69.99006105
1000037,beam,423,19.125,70.33206796875,119.095635,78.154097175
1000037,beam,424,19.125,70.33206796875,119.09563499999999,63.68193343749999
1000038,beam,232,11.875,43.67023828125,73.94827,44.007341
1000038,beam,238,11.875,43.67023828125,73.94827,46.5815875
1000038,beam,400,6.25,22.9843359375,38.920142,24.4706563125
1000038,beam,408,6.25,22.9843359375,38.920142,24.4706563125
1000039,beam,408,6.25,22.9843359375,38.920142,30.64578125
1000039,beam,416,6.25,22.9843359375,38.920142,18.38746875
1000039,beam,424,16.0,58.83989999999999,99.635564,54.4269075
1000039,beam,429,16.0,58.83989999999999,99.635564,54.4269075
1000040,beam,230,11.1858,41.13570958875,69.656468,43.878090228000005
1000040,beam,237,4.2436,15.605812477499997,26.425843,16.6002312885
1000040,beam,240,4.2436,15.605812477499997,26.425842,16.646199976
1000040,beam,400,7.467156,27.460419520274993,46.499645,29.260427665682
1000040,beam,401,3.718644,13.675290068474999,23.156824,14.571693874818
1000041,beam,238,7.476225,27.49377071109375,46.556118,29.3266887585
1000041,beam,241,7.476225,27.49377071109375,46.556118,29.3266887585
1000041,beam,401,1.550025,5.700207249843749,9.652351,6.0802210665
1000041,beam,409,1.550025,5.700207249843749,9.652351,6.0802210665
1000042,beam,409,3.1125,11.446199296874996,19.382231,15.261599062499998
1000042,beam,410,3.1375,11.538136640625,19.537911,15.3841821875
1000042,beam,417,6.25,22.9843359375,38.920142,18.38746875
1000042,beam,425,16.0,58.83989999999999,99.635564,54.4269075
1000042,beam,429,16.0,58.83989999999999,99.635564,54.4269075
1000043,beam,233,7.523725,27.668451664218743,46.851911,29.5130151085
1000043,beam,241,7.523725,27.668451664218743,46.851911,29.5130151085
1000043,beam,402,1.575025,5.792144593593749,9.808032,6.1782875665
1000043,beam,410,1.575025,5.792144593593749,9.808032,6.1782875665
1000044,beam,233,11.875,43.67023828125,73.94827,46.5815875
1000044,beam,239,11.875,43.67023828125,73.94827,46.5815875
1000044,beam,403,6.25,22.9843359375,38.920142,24.516625
1000044,beam,411,6.25,22.9843359375,38.920142,24.516625
1000045,beam,411,6.25,22.9843359375,38.920142,30.64578125
1000045,beam,418,6.25,22.9843359375,38.920142,18.38746875
1000045,beam,425,16.0,58.83989999999999,99.635564,54.4269075
1000045,beam,430,16.0,58.83989999999999,99.635564,54.4269075
1000046,beam,234,11.875,43.67023828125,73.94827,46.5815875
1000046,beam,239,11.875,43.67023828125,73.94827,46.5815875
1000046,beam,404,6.25,22.9843359375,38.920142,24.516625
1000046,beam,412,6.25,22.9843359375,38.920142,24.516625
1000047,beam,412,6.25,22.9843359375,38.920142,30.64578125
1000047,beam,419,6.25,22.9843359375,38.920142,18.38746875
1000047,beam,426,16.0,58.83989999999999,99.635564,54.4269075
1000047,beam,430,16.0,58.83989999999999,99.635564,54.4269075
1000048,beam,234,11.875,43.67023828125,73.94827,46.5815875
1000048,beam,242,11.875,43.67023828125,73.94827,46.5815875
1000048,beam,405,6.25,22.9843359375,38.920142,24.516625
1000048,beam,413,6.25,22.9843359375,38.920142,24.516625
1000049,beam,413,6.25,22.9843359375,38.920142,30.64578125
1000049,beam,420,6.25,22.9843359375,38.920142,18.38746875
1000049,beam,426,16.0,58.83989999999999,99.635564,54.4269075
1000049,beam,432,16.0,58.83989999999999,99.635564,54.4269075
1000050,beam,235,11.875,43.67023828125,73.94827000000001,48.626274025
1000050,beam,242,11.875,43.67023828125,73.94827,46.5815875
1000050,beam,406,6.25,22.9843359375,38.920142,24.560754925
1000050,beam,414,6.25,22.9843359375,38.920142,24.560754925
1000051,beam,414,6.25,22.9843359375,38.920142,30.64578125
1000051,beam,421,6.25,22.9843359375,38.920142,18.38746875
1000051,beam,427,16.0,58.83989999999999,99.635564,54.4269075
1000051,beam,432,16.0,58.83989999999999,99.635564,54.4269075
1000052,beam,235,11.875,43.67023828125,73.94827,58.226984374999994
1000052,beam,236,11.875,43.67023828125,73.94827,58.226984374999994
1000052,beam,407,6.25,22.9843359375,38.920142,30.64578125
1000052,beam,415,6.25,22.9843359375,38.920142,30.64578125
1000053,beam,415,6.25,22.9843359375,38.920142,30.64578125
1000053,beam,422,6.25,22.9843359375,38.920142,18.38746875
1000053,beam,427,16.0,58.83989999999999,99.635564,54.4269075
1000053,beam,428,16.0,58.83989999999999,99.635564,54.4269075
1000054,beam,291,1.0406250000000001,3.8268919335937497,6.4802040000000005,5.032891440465001
1000054,beam,295,3.515625,12.92868896484375,21.89258,17.003010032925
1000054,beam,296,0.6924130000000001,2.54634447991875,4.311813,2.6925069593449997
1000054,beam,297,4.48125,16.4797688671875,27.905742,21.97302515625
1000054,beam,513,2.475,9.10179703125,15.412376,11.97011859246
1000054,beam,534,3.788836,13.933420709774998,23.593928,14.733209895844997
1000055,beam,294,3.515625,12.92868896484375,21.89258,13.679706983635
1000055,beam,295,3.515625,12.92868896484375,21.89258,14.062191830925
1000055,beam,535,10.771875,39.61350298828125,67.078865,28.859310684155002
1000055,beam,538,4.219691,15.51788727943125,26.276957,20.615701439725
1000055,beam,539,6.5521840000000005,24.095615708849998,40.801908000000005,32.0113180359
1000056,beam,293,1.040625,3.8268919335937492,6.480204,4.19686766331
1000056,beam,294,3.515625,12.92868896484375,21.89258,17.003010032925
1000056,beam,525,2.475,9.10179703125,15.412377,9.981738909765001
1000056,beam,536,4.404549,16.197701419068746,27.428105000000002,17.127462305415
1000056,beam,537,0.07670099999999999,0.28206744811874995,0.477636,0.29825945309999996
1000056,beam,540,4.48125,16.4797688671875,27.905742,21.84063538125
1000057,beam,297,4.48125,16.4797688671875,27.905741000000003,21.97302515625
1000057,beam,300,4.48125,16.4797688671875,27.905742,21.97302515625
1000057,beam,514,3.515625,12.92868896484375,21.892580000000002,17.238251953125
1000057,beam,533,3.515625,12.92868896484375,21.892580000000002,17.238251953125
1000058,beam,292,3.369319,12.390649564256247,20.9815,16.520866085675
1000058,beam,533,3.369319,12.390649564256247,20.9815,16.520866085675
1000058,beam,538,2.227556,8.191823267775,13.871487000000002,10.9224310237
1000058,beam,543,2.227556,8.191823267775,13.871487,10.922431023699998
1000059,beam,292,3.515625,12.92868896484375,21.892580000000002,17.238251953124998
1000059,beam,532,3.515625,12.92868896484375,21.89258,17.238251953125
1000059,beam,539,5.175000000000001,19.031030156250004,32.225877,25.374706875
1000059,beam,544,5.175,19.031030156249997,32.225878,25.374706874999998
1000060,beam,526,3.515625,12.92868896484375,21.892580000000002,14.193287128124997
1000060,beam,532,3.515625,12.92868896484375,21.892580000000002,17.238251953125
1000060,beam,540,4.48125,16.4797688671875,27.905741,21.84063538125
1000060,beam,545,4.48125,16.4797688671875,27.905742,21.84063538125
1000061,beam,298,10.078125,37.06224169921875,62.758729,49.416322265625
1000061,beam,300,5.928718,21.802823390512497,36.919446,29.07043118735
1000061,beam,515,3.515625,12.92868896484375,21.89258,17.238251953124998
1000061,beam,520,3.515625,12.92868896484375,21.89258,17.238251953124998
1000061,beam,543,4.149407,15.259418308706248,25.839284,20.345891078275
1000062,beam,520,3.515625,12.92868896484375,21.892580000000002,17.238251953124998
1000062,beam,527,3.515625,12.92868896484375,21.892580000000002,14.193287128124997
1000062,beam,541,13.171873999999999,48.43948431078749,82.02420000000001,64.45358930604999
1000062,beam,544,6.859734,25.226628911662495,42.717097,33.566559562725
1000062,beam,545,6.312141,23.21285907661875,39.307103,30.887034646649997
1000063,beam,298,11.875,43.67023828125,73.94827,58.226984374999994
1000063,beam,301,11.875,43.67023828125,73.94827,58.226984374999994
1000063,beam,516,6.25,22.9843359375,38.920142,30.64578125
1000063,beam,521,6.25,22.9843359375,38.920142,30.64578125
1000064,beam,521,6.25,22.9843359375,38.920142,30.64578125
1000064,beam,528,6.25,22.9843359375,38.920142,26.497568299999998
1000064,beam,541,16.0,58.83989999999999,99.63556400000002,78.32081022499999
1000064,beam,546,16.0,58.83989999999999,99.63556400000002,78.32081022499999
1000065,beam,299,11.875,43.67023828125,73.94827,58.226984374999994
1000065,beam,301,11.875,43.67023828125,73.94827,58.226984374999994
1000065,beam,517,6.25,22.9843359375,38.920142,30.64578125
1000065,beam,522,6.25,22.9843359375,38.920142,30.64578125
1000066,beam,522,6.25,22.9843359375,38.920142,30.64578125
1000066,beam,529,6.25,22.9843359375,38.920142,26.497568299999998
1000066,beam,542,16.0,58.83989999999999,99.63556400000002,78.32081022499999
1000066,beam,546,16.0,58.83989999999999,99.63556400000002,78.32081022499999
1000067,beam,299,11.875,43.67023828125,73.94827,58.226984374999994
1000067,beam,302,11.875,43.67023828125,73.94827,58.226984374999994
1000067,beam,518,6.25,22.9843359375,38.920142,30.64578125
1000067,beam,523,6.25,22.9843359375,38.920142,30.64578125
1000068,beam,523,6.25,22.9843359375,38.920142,30.64578125
1000068,beam,530,6.25,22.9843359375,38.920142,26.497568299999998
1000068,beam,542,16.0,58.83989999999999,99.63556400000002,78.32081022499999
1000068,beam,547,16.0,58.83989999999999,99.63556400000002,78.32081022499999
1000069,beam,302,12.418125,45.66757707421875,77.330431,60.890102765624995
1000069,beam,303,6.604875,24.289386532031248,41.130028,32.385848709375
1000069,beam,519,7.680625,28.24545043359375,47.828963,37.660600578125
1000069,beam,524,7.680625,28.24545043359375,47.828963,37.660600578125
1000069,beam,548,4.40325,16.1929243546875,27.420019,21.590565806249998
1000070,beam,524,7.680625,28.24545043359375,47.828962000000004,37.660600578125
1000070,beam,531,7.67605,28.228625899687497,47.800474,33.076825268374996
1000070,beam,547,16.476224000000002,60.591210783600005,102.601123,80.6558912698
1000070,beam,549,9.314188999999999,34.25287183381874,58.001535999999994,45.661478563749995
1000071,beam,330,19.1615,70.466296490625,119.322929,46.977521413
1000071,beam,331,12.215,44.920586156249996,76.065526,29.947051329999997
1000071,beam,334,13.09,48.13839318749999,81.514346,32.09225558
1000071,beam,335,13.035,47.93613103125,81.171849,31.957414169999996
1000072,beam,331,20.659999999999997,75.97702087499998,128.654422,100.5941640375
1000072,beam,332,23.79,87.4875763125,148.145629,69.99006105
1000072,beam,645,19.125,70.33206796875,119.095635,78.154097175
1000072,beam,646,19.125,70.33206796875,119.09563499999999,63.68193343749999
1000073,beam,335,11.875,43.67023828125,73.94827,44.007341
1000073,beam,341,11.875,43.67023828125,73.94827,46.5815875
1000073,beam,622,6.25,22.9843359375,38.920142,24.4706563125
1000073,beam,630,6.25,22.9843359375,38.920142,24.4706563125
1000074,beam,630,6.25,22.9843359375,38.920142,30.64578125
1000074,beam,638,6.25,22.9843359375,38.920142,18.38746875
1000074,beam,646,16.0,58.83989999999999,99.635564,54.4269075
1000074,beam,651,16.0,58.83989999999999,99.635564,54.4269075
1000075,beam,333,11.1858,41.13570958875,69.656468,54.847612784999995
1000075,beam,340,4.2436,15.605812477499997,26.425843,20.731135501249998
1000075,beam,343,4.2436,15.605812477499997,26.425843,20.777104188749995
1000075,beam,622,7.467157,27.460423197768748,46.499645,35.398295162877
1000075,beam,623,3.718643,13.675286390981249,23.156823,17.628345284623
1000076,beam,246,7.476225,27.49377071109375,46.556118,29.3266887585
1000076,beam,341,7.476225,27.49377071109375,46.556118,29.3266887585
1000076,beam,623,1.550025,5.700207249843749,9.652351,6.0802210665
1000076,beam,631,1.550025,5.700207249843749,9.652351,6.0802210665
1000077,beam,631,3.1125,11.446199296874996,19.382231,15.261599062499998
1000077,beam,632,3.1375,11.538136640625,19.537911,15.3841821875
1000077,beam,639,6.25,22.9843359375,38.920142,18.38746875
1000077,beam,647,16.0,58.83989999999999,99.635564,54.4269075
1000077,beam,651,16.0,58.83989999999999,99.635564,54.4269075
1000078,beam,246,7.523725,27.668451664218743,46.851911,29.5130151085
1000078,beam,336,7.523725,27.668451664218743,46.851911,29.5130151085
1000078,beam,624,1.575025,5.792144593593749,9.808032,6.1782875665
1000078,beam,632,1.575025,5.792144593593749,9.808032,6.1782875665
1000079,beam,243,1.5129,5.563680294375,9.421166000000001,7.387594611249999
1000079,beam,244,1.5129,5.563680294375,9.421166000000001,7.387594611249999
1000079,beam,247,4.6371,17.052906268125,28.876255,22.7372083575
1000079,beam,625,4.6371,17.052906268125,28.876255,21.57266867
1000080,beam,336,11.875,43.67023828125,73.94827,46.5815875
1000080,beam,342,11.875,43.67023828125,73.94827,46.5815875
1000080,beam,625,6.25,22.9843359375,38.920142,24.516625
1000080,beam,633,6.25,22.9843359375,38.920142,24.516625
1000081,beam,633,6.25,22.9843359375,38.920142,30.64578125
1000081,beam,640,6.25,22.9843359375,38.920142,18.38746875
1000081,beam,647,16.0,58.83989999999999,99.635564,54.4269075
1000081,beam,652,16.0,58.83989999999999,99.635564,54.4269075
1000082,beam,244,1.5129,5.563680294375,9.421166000000001,7.387594611249999
1000082,beam,245,1.5129,5.563680294375,9.421166000000001,7.387594611249999
1000082,beam,248,4.6371,17.052906268125,28.876255,22.7372083575
1000082,beam,626,4.6371,17.052906268125,28.876255,21.57266867
1000083,beam,337,11.875,43.67023828125,73.94827,46.5815875
1000083,beam,342,11.875,43.67023828125,73.94827,46.5815875
1000083,beam,626,6.25,22.9843359375,38.920142,24.516625
1000083,beam,634,6.25,22.9843359375,38.920142,24.516625
1000084,beam,634,6.25,22.9843359375,38.920142,30.64578125
1000084,beam,641,6.25,22.9843359375,38.920142,18.38746875
1000084,beam,648,16.0,58.83989999999999,99.635564,54.4269075
1000084,beam,652,16.0,58.83989999999999,99.635564,54.4269075
1000085,beam,337,11.875,43.67023828125,73.94827,46.5815875
1000085,beam,345,11.875,43.67023828125,73.94827,46.5815875
1000085,beam,627,6.25,22.9843359375,38.920142,24.516625
1000085,beam,635,6.25,22.9843359375,38.920142,24.516625
1000086,beam,635,6.25,22.9843359375,38.920142,30.64578125
1000086,beam,642,6.25,22.9843359375,38.920142,18.38746875
1000086,beam,648,16.0,58.83989999999999,99.635564,54.4269075
1000086,beam,654,16.0,58.83989999999999,99.635564,54.4269075
1000087,beam,338,11.875,43.67023828125,73.94827,46.5815875
1000087,beam,345,11.875,43.67023828125,73.94827,46.5815875
1000087,beam,628,6.25,22.9843359375,38.920142,24.516625
1000087,beam,636,6.25,22.9843359375,38.920142,24.516625
1000088,beam,636,6.25,22.9843359375,38.920142,30.64578125
1000088,beam,643,6.25,22.9843359375,38.920142,18.38746875
1000088,beam,649,16.0,58.83989999999999,99.635564,54.4269075
1000088,beam,654,16.0,58.83989999999999,99.635564,54.4269075
1000089,beam,338,11.875,43.67023828125,73.94827,46.5815875
1000089,beam,339,11.875,43.67023828125,73.94827,46.5815875
1000089,beam,629,6.25,22.9843359375,38.920142,24.516625
1000089,beam,637,6.25,22.9843359375,38.920142,24.516625
1000090,beam,637,6.25,22.9843359375,38.920142,30.64578125
1000090,beam,644,6.25,22.9843359375,38.920142,18.38746875
1000090,beam,649,16.0,58.83989999999999,99.635564,54.4269075
1000090,beam,650,16.0,58.83989999999999,99.635564,54.4269075
1000091,beam,304,1.3875,5.102522578124998,8.640272000000001,6.710519959289999
1000091,beam,308,3.515625,12.92868896484375,21.89258,17.003010032925
1000091,beam,309,1.304974,4.7990337289125,8.126362,5.074502037079999
1000091,beam,310,4.48125,16.4797688671875,27.905742,21.97302515625
1000091,beam,550,2.128125,7.826166386718748,13.252309,10.292490073635
1000091,beam,572,3.176277,11.680738815768747,19.779381,12.351221682764999
1000092,beam,307,3.515625,12.92868896484375,21.89258,13.679706983635
1000092,beam,308,3.515625,12.92868896484375,21.89258,14.062191830925
1000092,beam,573,10.771875,39.61350298828125,67.078865,28.859310684155002
1000092,beam,575,4.219691,15.51788727943125,26.276957,20.615701439725
1000092,beam,576,6.5521840000000005,24.095615708849998,40.801908000000005,32.0113180359
1000093,beam,306,1.3875,5.102522578124998,8.640272,5.5958245317449995
1000093,beam,307,3.515625,12.92868896484375,21.89258,17.003010032925
1000093,beam,562,2.128125,7.826166386718748,13.252309,8.582782041329999
1000093,beam,574,4.48125,16.4797688671875,27.905741999999996,17.425721758515
1000093,beam,577,4.48125,16.4797688671875,27.905742,21.84063538125
1000094,beam,310,4.48125,16.4797688671875,27.905741000000003,21.97302515625
1000094,beam,313,4.48125,16.4797688671875,27.905742,21.97302515625
1000094,beam,551,3.515625,12.92868896484375,21.892580000000002,17.238251953125
1000094,beam,571,3.515625,12.92868896484375,21.892580000000002,17.238251953125
1000095,beam,305,3.369319,12.390649564256247,20.9815,16.520866085675
1000095,beam,571,3.369319,12.390649564256247,20.9815,16.520866085675
1000095,beam,575,2.227556,8.191823267775,13.871487000000002,10.9224310237
1000095,beam,580,2.227556,8.191823267775,13.871487,10.922431023699998
1000096,beam,305,3.515625,12.92868896484375,21.892580000000002,17.238251953124998
1000096,beam,570,3.515625,12.92868896484375,21.89258,17.238251953125
1000096,beam,576,5.175000000000001,19.031030156250004,32.225877,25.374706875
1000096,beam,581,5.175,19.031030156249997,32.225878,25.374706874999998
1000097,beam,563,3.515625,12.92868896484375,21.892580000000002,14.193287128124997
1000097,beam,570,3.515625,12.92868896484375,21.892580000000002,17.238251953125
1000097,beam,577,4.48125,16.4797688671875,27.905741,21.84063538125
1000097,beam,582,4.48125,16.4797688671875,27.905742,21.84063538125
1000098,beam,311,10.078125,37.06224169921875,62.758729,49.416322265625
1000098,beam,313,5.928718,21.802823390512497,36.919446,29.07043118735
1000098,beam,552,3.515625,12.92868896484375,21.89258,17.238251953124998
1000098,beam,557,3.515625,12.92868896484375,21.89258,17.238251953124998
1000098,beam,580,4.149407,15.259418308706248,25.839284,20.345891078275
1000099,beam,557,3.515625,12.92868896484375,21.892580000000002,17.238251953124998
1000099,beam,564,3.515625,12.92868896484375,21.892580000000002,14.193287128124997
1000099,beam,578,13.171873999999999,48.43948431078749,82.02420000000001,64.45358930604999
1000099,beam,581,6.859734,25.226628911662495,42.717097,33.566559562725
1000099,beam,582,6.312141,23.21285907661875,39.307103,30.887034646649997
1000100,beam,311,11.875,43.67023828125,73.94827,58.226984374999994
1000100,beam,314,11.875,43.67023828125,73.94827,58.226984374999994
1000100,beam,553,6.25,22.9843359375,38.920142,30.64578125
1000100,beam,558,6.25,22.9843359375,38.920142,30.64578125
1000101,beam,558,6.25,22.9843359375,38.920142,30.64578125
1000101,beam,565,6.25,22.9843359375,38.920142,26.497568299999998
1000101,beam,578,16.0,58.83989999999999,99.63556400000002,78.32081022499999
1000101,beam,583,16.0,58.83989999999999,99.63556400000002,78.32081022499999
1000102,beam,312,11.875,43.67023828125,73.94827,58.226984374999994
1000102,beam,314,11.875,43.67023828125,73.94827,58.226984374999994
1000102,beam,554,6.25,22.9843359375,38.920142,30.64578125
1000102,beam,559,6.25,22.9843359375,38.920142,30.64578125
1000103,beam,559,6.25,22.9843359375,38.920142,30.64578125
1000103,beam,566,6.25,22.9843359375,38.920142,26.497568299999998
1000103,beam,579,16.0,58.83989999999999,99.63556400000002,78.32081022499999
1000103,beam,583,16.0,58.83989999999999,99.63556400000002,78.32081022499999
1000104,beam,312,11.875,43.67023828125,73.94827,58.226984374999994
1000104,beam,315,11.875,43.67023828125,73.94827,58.226984374999994
1000104,beam,555,6.25,22.9843359375,38.920142,30.64578125
1000104,beam,560,6.25,22.9843359375,38.920142,30.64578125
1000105,beam,560,6.25,22.9843359375,38.920142,30.64578125
1000105,beam,567,6.25,22.9843359375,38.920142,26.497568299999998
1000105,beam,579,16.0,58.83989999999999,99.63556400000002,78.32081022499999
1000105,beam,584,16.0,58.83989999999999,99.63556400000002,78.32081022499999
1000106,beam,315,12.418125,45.66757707421875,77.330431,60.890102765624995
1000106,beam,316,8.8065,32.385848709375,54.840037,43.181131612499996
1000106,beam,556,7.680625,28.24545043359375,47.828963,37.660600578125
1000106,beam,561,7.680625,28.24545043359375,47.828963,37.660600578125
1000106,beam,585,2.201625,8.09646217734375,13.710009,10.795282903124999
1000107,beam,561,7.680625,28.24545043359375,47.828962000000004,37.660600578125
1000107,beam,568,7.226552000000001,26.575599814049998,45.001346,31.13989715557
1000107,beam,569,0.44949900000000004,1.65302976313125,2.7991260000000002,1.93693301613
1000107,beam,584,16.476225,60.59121446109374,102.601123,80.65589617312499
1000107,beam,586,9.314188999999999,34.25287183381874,58.001535999999994,45.661478563749995
1000108,beam,346,19.1615,70.466296490625,119.322929,46.977521413
1000108,beam,347,12.215,44.920586156249996,76.065526,29.947051329999997
1000108,beam,349,13.09,48.13839318749999,81.514346,32.09225558
1000108,beam,350,13.035,47.93613103125,81.171849,31.957414169999996
1000109,beam,347,21.155,77.79738028124999,131.736897,103.102214775
1000109,beam,348,24.0,88.25984999999999,149.453346,70.60788
1000109,beam,680,19.16,70.46078025,119.31358800000001,78.25706699999999
1000109,beam,681,19.285,70.92046696875,120.09199100000001,64.983766225
1000110,beam,249,1.496,5.501530649999999,9.315926000000001,7.25875973125
1000110,beam,250,1.496,5.501530649999999,9.315926000000001,7.274082637499999
1000110,beam,251,1.21,4.449767437499999,7.53494,5.93302325
1000110,beam,655,1.21,4.449767437499999,7.534939,4.961551968749999
1000111,beam,252,6.765,24.878245218749996,42.127162,19.902596175
1000111,beam,350,6.765,24.878245218749996,42.127162,19.044513424999998
1000111,beam,655,1.21,4.449767437499999,7.53494,3.54449104375
1000111,beam,664,1.21,4.449767437499999,7.53494,3.54449104375
1000112,beam,664,2.75,10.1131078125,17.124862,8.1174545375
1000112,beam,665,3.5,12.871228125,21.795278999999997,10.331305774999999
1000112,beam,673,6.25,22.9843359375,38.920142,18.38746875
1000112,beam,681,16.0,58.83989999999999,99.635564,48.4325926875
1000112,beam,686,16.0,58.83989999999999,99.635564,47.07192
1000113,beam,252,8.19,30.1186738125,51.000954,24.094939049999997
1000113,beam,355,8.19,30.1186738125,51.000954,24.094939049999997
1000113,beam,656,1.96,7.20788775,12.205357,5.7663101999999995
1000113,beam,665,1.96,7.20788775,12.205357,5.7663101999999995
1000114,beam,355,7.476225,27.49377071109375,46.556118,21.995016568875002
1000114,beam,357,7.476225,27.49377071109375,46.556118,21.995016568875002
1000114,beam,657,1.550025,5.700207249843749,9.652351,4.560165799875
1000114,beam,666,1.550025,5.700207249843749,9.652351,4.560165799875
1000115,beam,666,3.1125,11.446199296874996,19.382231,9.1569594375
1000115,beam,667,3.1375,11.538136640625,19.537911,9.2305093125
1000115,beam,674,6.25,22.9843359375,38.920142,18.38746875
1000115,beam,682,16.0,58.83989999999999,99.635564,47.07192
1000115,beam,686,16.0,58.83989999999999,99.635564,47.07192
1000116,beam,351,7.523725,27.668451664218743,46.851911,22.134761331375
1000116,beam,357,7.523725,27.668451664218743,46.851911,22.134761331375
1000116,beam,658,1.575025,5.792144593593749,9.808032,4.633715674875
1000116,beam,667,1.575025,5.792144593593749,9.808032,4.633715674875
1000117,beam,351,11.875,43.67023828125,73.94827,34.936190625
1000117,beam,356,11.875,43.67023828125,73.94827,34.936190625
1000117,beam,659,6.25,22.9843359375,38.920142,18.38746875
1000117,beam,668,6.25,22.9843359375,38.920142,18.38746875
1000118,beam,668,6.25,22.9843359375,38.920142,18.38746875
1000118,beam,675,6.25,22.9843359375,38.920142,18.38746875
1000118,beam,682,16.0,58.83989999999999,99.635564,47.07192
1000118,beam,687,16.0,58.83989999999999,99.635564,47.07192
1000119,beam,253,4.2436,15.605812477499997,26.425842,12.484649981999999
1000119,beam,254,4.2436,15.605812477499997,26.425842,12.484649981999999
1000119,beam,255,16.3564,60.1505587725,101.854946,48.120447018
1000119,beam,659,8.1782,30.07527938625,50.927473,24.060223509
1000119,beam,660,8.1782,30.07527938625,50.927473,24.060223509
1000120,beam,352,11.875,43.67023828125,73.94827,34.936190625
1000120,beam,356,11.875,43.67023828125,73.94827,34.936190625
1000120,beam,660,6.25,22.9843359375,38.920142,18.38746875
1000120,beam,669,6.25,22.9843359375,38.920142,18.38746875
1000121,beam,669,6.25,22.9843359375,38.920142,18.38746875
1000121,beam,676,6.25,22.9843359375,38.920142,18.38746875
1000121,beam,683,16.0,58.83989999999999,99.635564,47.07192
1000121,beam,687,16.0,58.83989999999999,99.635564,47.07192
1000122,beam,352,11.875,43.67023828125,73.94827,34.936190625
1000122,beam,358,11.875,43.67023828125,73.94827,34.936190625
1000122,beam,661,6.25,22.9843359375,38.920142,18.38746875
1000122,beam,670,6.25,22.9843359375,38.920142,18.38746875
1000123,beam,670,6.25,22.9843359375,38.920142,18.38746875
1000123,beam,677,6.25,22.9843359375,38.920142,18.38746875
1000123,beam,683,16.0,58.83989999999999,99.635564,47.07192
1000123,beam,688,16.0,58.83989999999999,99.635564,47.07192
1000124,beam,353,11.875,43.67023828125,73.94827,34.936190625
1000124,beam,358,11.875,43.67023828125,73.94827,34.936190625
1000124,beam,662,6.25,22.9843359375,38.920142,18.38746875
1000124,beam,671,6.25,22.9843359375,38.920142,18.38746875
1000125,beam,671,6.25,22.9843359375,38.920142,18.38746875
1000125,beam,678,6.25,22.9843359375,38.920142,18.38746875
1000125,beam,684,16.0,58.83989999999999,99.635564,47.07192
1000125,beam,688,16.0,58.83989999999999,99.635564,47.07192
1000126,beam,353,11.875,43.67023828125,73.94827,34.936190625
1000126,beam,354,11.875,43.67023828125,73.94827,34.936190625
1000126,beam,663,6.25,22.9843359375,38.920142,18.38746875
1000126,beam,672,6.25,22.9843359375,38.920142,18.38746875
1000127,beam,672,6.25,22.9843359375,38.920142,18.38746875
1000127,beam,679,6.25,22.9843359375,38.920142,18.38746875
1000127,beam,684,16.0,58.83989999999999,99.635564,47.07192
1000127,beam,685,16.0,58.83989999999999,99.635564,47.07192
1000128,beam,257,1.625625,5.9782257773437495,10.123129,4.782580621875
1000128,beam,258,1.625625,5.9782257773437495,10.123129,4.782580621875
1000128,beam,259,7.618125,28.015607074218746,47.439761,22.412485659375
1000128,beam,354,7.618125,28.015607074218746,47.439761,22.412485659375
1000129,beam,256,1.625625,5.9782257773437495,10.123129,4.782580621875
1000129,beam,257,1.625625,5.9782257773437495,10.123129,4.782580621875
1000129,beam,436,9.721875,35.75213455078125,60.540281,28.601707640625
1000129,beam,685,9.721875,35.75213455078125,60.540281,28.601707640625
1000130,beam,259,7.380625,27.142202308593745,45.960796,21.713761846875
1000130,beam,260,7.380625,27.142202308593745,45.960796,21.713761846875
1000130,beam,434,1.500625,5.518539058593749,9.344726,4.414831246875
1000130,beam,435,1.500625,5.518539058593749,9.344726,4.414831246875
1000131,beam,433,1.500625,5.518539058593749,9.344726,4.414831246875
1000131,beam,434,1.500625,5.518539058593749,9.344726,4.414831246875
1000131,beam,436,9.401875,34.57533655078125,58.54757,27.660269240625002
1000131,beam,437,9.401875,34.57533655078125,58.54757,27.660269240625002
1000132,beam,317,1.734375,6.378153222656249,9.779835,3.40168171875
1000132,beam,321,3.515625,12.92868896484375,19.82399,6.8953007812500005
1000132,beam,322,1.917534,7.0517193004125,10.812635,3.7609169602200003
1000132,beam,323,4.48125,16.4797688671875,25.268979,8.7892100625
1000132,beam,587,1.78125,6.550535742187499,10.044155,3.4936190625
1000132,beam,608,2.563716,9.428049566775,14.456344,5.02829310228
1000133,beam,320,3.515625,12.92868896484375,19.82399,6.8953007812500005
1000133,beam,321,3.515625,12.92868896484375,19.82399,6.8953007812500005
1000133,beam,609,10.771875,39.61350298828125,60.740705,21.127201593749998
1000133,beam,611,4.219691,15.51788727943125,23.794095,8.27620654903
1000133,beam,612,6.552184,24.095615708849998,36.94661,12.85099504472
1000134,beam,319,1.734375,6.378153222656249,9.779835,3.40168171875
1000134,beam,320,3.515625,12.92868896484375,19.82399,6.8953007812500005
1000134,beam,599,1.78125,6.550535742187499,10.044155,3.4936190625
1000134,beam,610,4.48125,16.4797688671875,25.268979,8.7892100625
1000134,beam,613,4.48125,16.4797688671875,25.268979,8.7892100625
1000135,beam,323,4.48125,16.4797688671875,25.268979,8.7892100625
1000135,beam,326,4.48125,16.4797688671875,25.268979,8.7892100625
1000135,beam,588,3.515625,12.92868896484375,19.82399,6.8953007812500005
1000135,beam,607,3.515625,12.92868896484375,19.82399,6.8953007812500005
1000136,beam,318,3.369319,12.390649564256247,18.998996,6.60834643427
1000136,beam,607,3.369319,12.390649564256247,18.998996,6.60834643427
1000136,beam,611,2.227556,8.191823267775,12.560796,4.3689724094799995
1000136,beam,616,2.227556,8.191823267775,12.560796,4.3689724094799995
1000137,beam,318,3.515625,12.92868896484375,19.82399,6.8953007812500005
1000137,beam,606,3.515625,12.92868896484375,19.82399,6.8953007812500005
1000137,beam,612,5.175,19.031030156249997,29.180913,10.14988275
1000137,beam,617,5.175,19.031030156249997,29.180913,10.14988275
1000138,beam,600,3.515625,12.92868896484375,19.82399,6.8953007812500005
1000138,beam,606,3.515625,12.92868896484375,19.82399,6.8953007812500005
1000138,beam,613,4.48125,16.4797688671875,25.268979,8.7892100625
1000138,beam,618,4.48125,16.4797688671875,25.268979,8.7892100625
1000139,beam,324,8.207812,30.184177331175,46.282405,16.098227909960002
1000139,beam,326,5.869183,21.583883800106246,33.095288,11.511404693389998
1000139,beam,589,3.515625,12.92868896484375,19.82399,6.8953007812500005
1000139,beam,594,1.977565,7.272482927718749,11.15114,3.8786575614500003
1000139,beam,616,4.10774,15.106188176624999,23.162822,8.0566336942
1000140,beam,594,3.51,12.9080030625,19.792271,6.8842683
1000140,beam,601,3.515625,12.92868896484375,19.82399,6.8953007812500005
1000140,beam,614,9.930187,36.518200628831245,55.994574,19.47637366871
1000140,beam,617,6.64449,24.4350704469375,37.467109,13.0320375717
1000140,beam,618,6.114078,22.4844836320125,34.476207,11.99172460374
1000141,beam,324,9.94429,36.5700643231875,56.074099,19.504034305700003
1000141,beam,327,11.875,43.67023828125,66.961032,23.29079375
1000141,beam,590,6.25,22.9843359375,35.242648,12.2583125
1000141,beam,595,4.671136,17.1780734454,26.339713,9.16163917088
1000142,beam,595,6.211635,22.843248889781247,35.026315,12.18306607455
1000142,beam,602,6.25,22.9843359375,35.242648,12.2583125
1000142,beam,614,12.377744,45.5190761991,69.795917,24.27684063952
1000142,beam,619,16.0,58.83989999999999,90.22118,31.38128
1000143,beam,325,11.875,43.67023828125,66.961032,23.29079375
1000143,beam,327,11.875,43.67023828125,66.961032,23.29079375
1000143,beam,591,6.25,22.9843359375,35.242648,12.2583125
1000143,beam,596,6.25,22.9843359375,35.242648,12.2583125
1000144,beam,596,6.25,22.9843359375,35.242648,12.2583125
1000144,beam,603,6.25,22.9843359375,35.242648,12.2583125
1000144,beam,615,16.0,58.83989999999999,90.22118,31.38128
1000144,beam,619,16.0,58.83989999999999,90.22118,31.38128
1000145,beam,325,11.875,43.67023828125,66.961032,23.29079375
1000145,beam,328,11.875,43.67023828125,66.961032,23.29079375
1000145,beam,592,6.25,22.9843359375,35.242648,12.2583125
1000145,beam,597,6.25,22.9843359375,35.242648,12.2583125
1000146,beam,597,6.25,22.9843359375,35.242648,12.2583125
1000146,beam,604,6.25,22.9843359375,35.242648,12.2583125
1000146,beam,615,16.0,58.83989999999999,90.22118,31.38128
1000146,beam,620,16.0,58.83989999999999,90.22118,31.38128
1000147,beam,328,10.487414,38.5673994386625,59.136679,20.569279700619997
1000147,beam,329,11.008125,40.48231088671875,62.072877,21.590565806249998
1000147,beam,593,7.680625,28.24545043359375,43.309691,15.06424023125
1000147,beam,598,6.10176,22.439184263999994,34.406749,11.967564940799999
1000148,beam,598,7.642261,28.10436706336875,43.093363,14.988995767130001
1000148,beam,605,7.680625,28.24545043359375,43.309691,15.06424023125
1000148,beam,620,12.853969,47.27039066019373,72.481266,25.21087501877
1000148,beam,621,9.316125,34.25999146171875,52.531987,18.27199544625
1000149,beam,262,23.109375,84.98458212890624,143.907226,113.31277617187499
1000149,beam,263,23.109375,84.98458212890624,147.056386,113.44148845312499
1000149,beam,264,13.140625,48.324566308593745,81.829599,64.432755078125
1000149,beam,265,13.140625,48.324566308593745,84.078999,64.52469242187499
1000150,beam,261,24.6975,90.824901890625,153.796834,121.0998691875
1000150,beam,262,24.6975,90.824901890625,153.796834,121.0998691875
1000150,beam,465,19.8025,72.82356998437498,123.314579,97.09809331249998
1000150,beam,466,19.8025,72.82356998437498,123.314579,97.09809331249998
1000151,beam,265,11.875,43.67023828125,84.83830999999999,19.916080318749998
1000151,beam,271,11.875,43.67023828125,86.61122900000001,12.03643704375
1000151,beam,447,6.25,22.9843359375,43.191919,11.660106849999998
1000151,beam,456,6.25,22.9843359375,128.864407,14.285837387499999
1000152,beam,438,6.25,22.9843359375,38.920142,30.64578125
1000152,beam,447,6.25,22.9843359375,38.920142,30.64578125
1000152,beam,466,16.0,58.83989999999999,99.635564,78.4532
1000152,beam,472,16.0,58.83989999999999,99.635564,78.4532
1000153,beam,266,11.875,43.67023828125,84.83830999999999,19.916080318749998
1000153,beam,271,11.875,43.67023828125,86.61122900000001,12.03643704375
1000153,beam,448,6.25,22.9843359375,43.191919,11.660106849999998
1000153,beam,457,6.25,22.9843359375,128.864407,14.2858373875
1000154,beam,439,6.25,22.9843359375,38.920142,30.64578125
1000154,beam,448,6.25,22.9843359375,38.920142,30.64578125
1000154,beam,467,16.0,58.83989999999999,99.635564,78.4532
1000154,beam,472,16.0,58.83989999999999,99.635564,78.4532
1000155,beam,266,11.875,43.67023828125,76.19767,58.31892171874999
1000155,beam,272,11.875,43.67023828125,76.19767,58.31892171874999
1000155,beam,449,6.25,22.9843359375,38.920142,30.64578125
1000155,beam,458,6.25,22.9843359375,124.397355,34.1394003125
1000156,beam,440,6.25,22.9843359375,38.920142,30.64578125
1000156,beam,449,6.25,22.9843359375,38.920142,30.64578125
1000156,beam,467,16.0,58.83989999999999,99.635564,78.4532
1000156,beam,473,16.0,58.83989999999999,99.635564,78.4532
1000157,beam,275,4.2436,15.605812477499997,28.675243000000002,20.899687313749997
1000157,beam,276,4.2436,15.605812477499997,28.675243000000002,20.899687313749997
1000157,beam,277,16.3564,60.1505587725,101.854946,80.20074503
1000157,beam,458,8.1782,30.07527938625,138.654086,43.68592892125
1000157,beam,459,8.1782,30.07527938625,138.654086,43.68592892125
1000158,beam,267,11.875,43.67023828125,76.19767,58.31892171874999
1000158,beam,272,11.875,43.67023828125,76.19767,58.31892171874999
1000158,beam,450,6.25,22.9843359375,38.920142,30.64578125
1000158,beam,459,6.25,22.9843359375,124.397355,34.1394003125
1000159,beam,441,6.25,22.9843359375,38.920142,30.64578125
1000159,beam,450,6.25,22.9843359375,38.920142,30.64578125
1000159,beam,468,16.0,58.83989999999999,99.635564,78.4532
1000159,beam,473,16.0,58.83989999999999,99.635564,78.4532
1000160,beam,267,11.875,43.67023828125,76.19767,58.31892171874999
1000160,beam,273,11.875,43.67023828125,76.19767,58.31892171874999
1000160,beam,451,6.25,22.9843359375,38.920142,30.64578125
1000160,beam,460,6.25,22.9843359375,124.397355,34.1394003125
1000161,beam,442,6.25,22.9843359375,38.920142,30.64578125
1000161,beam,451,6.25,22.9843359375,38.920142,30.64578125
1000161,beam,468,16.0,58.83989999999999,99.635564,78.4532
1000161,beam,474,16.0,58.83989999999999,99.635564,78.4532
1000162,beam,268,11.875,43.67023828125,76.19767,58.31892171874999
1000162,beam,273,11.875,43.67023828125,76.19767,58.31892171874999
1000162,beam,452,6.25,22.9843359375,38.920142,30.64578125
1000162,beam,461,6.25,22.9843359375,124.397355,34.1394003125
1000163,beam,443,6.25,22.9843359375,38.920142,30.64578125
1000163,beam,452,6.25,22.9843359375,38.920142,30.64578125
1000163,beam,469,16.0,58.83989999999999,99.635564,78.4532
1000163,beam,474,16.0,58.83989999999999,99.635564,78.4532
1000164,beam,268,11.875,43.67023828125,76.19767,58.31892171874999
1000164,beam,269,11.875,43.67023828125,73.94827,58.226984374999994
1000164,beam,453,6.25,22.9843359375,38.920142,30.64578125
1000164,beam,462,6.25,22.9843359375,121.24819500000001,34.01068803125
1000165,beam,444,6.25,22.9843359375,38.920142,30.64578125
1000165,beam,453,6.25,22.9843359375,38.920142,30.64578125
1000165,beam,469,16.0,58.83989999999999,99.635564,78.4532
1000165,beam,470,16.0,58.83989999999999,99.635564,78.4532
1000166,beam,269,7.618125,28.015607074218746,47.439761,37.354142765625
1000166,beam,274,7.618125,28.015607074218746,47.439761,37.354142765625
1000166,beam,454,1.625625,5.9782257773437495,10.123129,7.970967703125
1000166,beam,463,1.625625,5.9782257773437495,10.123129,7.970967703125
1000167,beam,445,1.625625,5.9782257773437495,10.123129,7.970967703125
1000167,beam,454,1.625625,5.9782257773437495,10.123129,7.970967703125
1000167,beam,470,9.721875,35.75213455078125,60.540281,47.669512734375
1000167,beam,475,9.721875,35.75213455078125,60.540281,47.669512734375
1000168,beam,270,7.380625,27.142202308593745,45.960796,36.189603078124996
1000168,beam,274,7.380625,27.142202308593745,45.960796,36.189603078124996
1000168,beam,455,1.500625,5.518539058593749,9.344726,7.358052078125
1000168,beam,464,1.500625,5.518539058593749,9.344726,7.358052078125
1000169,beam,446,1.500625,5.518539058593749,9.344726,7.358052078125
1000169,beam,455,1.500625,5.518539058593749,9.344726,7.358052078125
1000169,beam,471,9.401875,34.57533655078125,58.54757,46.100448734375
1000169,beam,475,9.401875,34.57533655078125,58.54757,46.100448734375
1000170,beam,209,0.4255,1.5647735906249995,2.649683,0.834545915
1000170,beam,375,3.887,14.294418206249999,24.205215,7.62368971
1000170,beam,376,4.3125,15.859191796874999,26.854898,8.458235625
1000170,beam,377,4.3125,15.859191796874999,26.854898,8.458235625
1000170,beam,378,5.75,21.1455890625,35.806531,11.2776475
1000170,beam,379,5.75,21.1455890625,35.806531,11.2776475
1000170,beam,380,5.75,21.1455890625,35.806531,11.2776475
1000170,beam,381,6.6125,24.317427421875,41.17751,12.969294625
1000171,beam,280,0.851,3.129547181249999,5.299367,1.66909183
1000171,beam,488,3.4615,12.729644615624997,21.555532,6.789143795
1000171,beam,489,4.3125,15.859191796874999,26.854898,8.458235625
1000171,beam,490,4.3125,15.859191796874999,26.854898,8.458235625
1000171,beam,491,5.75,21.1455890625,35.806531,11.2776475
1000171,beam,492,5.75,21.1455890625,35.806531,11.2776475
1000171,beam,493,5.75,21.1455890625,35.806531,11.2776475
1000171,beam,494,6.6125,24.317427421875,41.17751,12.969294625
1000172,beam,293,1.2765,4.694320771874999,7.94905,2.503637745
1000172,beam,525,3.036,11.164871024999998,18.905848,5.95459788
1000172,beam,526,4.3125,15.859191796874999,26.854898,8.458235625
1000172,beam,527,4.3125,15.859191796874999,26.854898,8.458235625
1000172,beam,528,5.75,21.1455890625,35.806531,11.2776475
1000172,beam,529,5.75,21.1455890625,35.806531,11.2776475
1000172,beam,530,5.75,21.1455890625,35.806531,11.2776475
1000172,beam,531,6.6125,24.317427421875,41.17751,12.969294625
1000173,beam,306,1.702,6.259094362499998,9.597278,3.33818366
1000173,beam,562,2.6105,9.600097434374998,14.720149,5.120051965
1000173,beam,563,4.3125,15.859191796874999,24.317427,8.458235625
1000173,beam,564,4.3125,15.859191796874999,24.317427,8.458235625
1000173,beam,565,5.75,21.1455890625,32.423237,11.2776475
1000173,beam,566,5.75,21.1455890625,32.423237,11.2776475
1000173,beam,567,5.75,21.1455890625,32.423237,11.2776475
1000173,beam,568,6.21,22.8372361875,35.017095,12.1798593
1000173,beam,569,0.14375,0.5286397265624998,0.810581,0.28194118749999997
1000173,beam,689,0.25875,0.9515515078124999,1.459046,0.5074941374999999
1000174,beam,319,2.1275,7.823867953125,11.996598,4.172729575
1000174,beam,599,2.185,8.03532384375,12.32083,4.28550605
1000174,beam,600,4.3125,15.859191796874999,24.317427,8.458235625
1000174,beam,601,4.3125,15.859191796874999,24.317427,8.458235625
1000174,beam,602,5.75,21.1455890625,32.423237,11.2776475
1000174,beam,603,5.75,21.1455890625,32.423237,11.2776475
1000174,beam,604,5.75,21.1455890625,32.423237,11.2776475
1000174,beam,605,6.6125,24.317427421875,37.286722,12.969294625
1000175,beam,229,12.075,44.40573703124999,68.088797,23.683059749999998
1000175,beam,416,5.75,21.1455890625,32.423237,11.2776475
1000175,beam,417,5.75,21.1455890625,32.423237,11.2776475
1000175,beam,418,5.75,21.1455890625,32.423237,11.2776475
1000175,beam,419,5.75,21.1455890625,32.423237,11.2776475
1000175,beam,420,5.75,21.1455890625,32.423237,11.2776475
1000175,beam,421,5.75,21.1455890625,32.423237,11.2776475
1000175,beam,422,5.75,21.1455890625,32.423237,11.2776475
1000175,beam,696,0.2875,1.0572794531249996,1.621162,0.5638823749999999
1000176,beam,332,12.075,44.40573703124999,68.088797,23.683059749999998
1000176,beam,638,5.75,21.1455890625,32.423237,11.2776475
1000176,beam,639,5.75,21.1455890625,32.423237,11.2776475
1000176,beam,640,5.75,21.1455890625,32.423237,11.2776475
1000176,beam,641,5.75,21.1455890625,32.423237,11.2776475
1000176,beam,642,5.75,21.1455890625,32.423237,11.2776475
1000176,beam,643,5.75,21.1455890625,32.423237,11.2776475
1000176,beam,644,5.75,21.1455890625,32.423237,11.2776475
1000176,beam,699,0.2875,1.0572794531249996,1.621162,0.5638823749999999
1000177,beam,256,2.9325,10.784250421875,16.535851,5.751600225000001
1000177,beam,348,12.8225,47.154663609375,72.303818,25.149153925
1000177,beam,433,2.8175,10.361338640625,15.887386,5.526047275
1000177,beam,673,5.75,21.1455890625,32.423237,11.2776475
1000177,beam,674,5.75,21.1455890625,32.423237,11.2776475
1000177,beam,675,5.75,21.1455890625,32.423237,11.2776475
1000177,beam,676,5.75,21.1455890625,32.423237,11.2776475
1000177,beam,677,5.75,21.1455890625,32.423237,11.2776475
1000177,beam,678,5.75,21.1455890625,32.423237,11.2776475
1000177,beam,679,5.75,21.1455890625,32.423237,11.2776475
1000177,beam,702,0.2875,1.0572794531249996,1.621162,0.5638823749999999
1000178,beam,261,12.8225,47.154663609375,72.303818,25.149153925
1000178,beam,438,5.75,21.1455890625,32.423237,11.2776475
1000178,beam,439,5.75,21.1455890625,32.423237,11.2776475
1000178,beam,440,5.75,21.1455890625,32.423237,11.2776475
1000178,beam,441,5.75,21.1455890625,32.423237,11.2776475
1000178,beam,442,5.75,21.1455890625,32.423237,11.2776475
1000178,beam,443,5.75,21.1455890625,32.423237,11.2776475
1000178,beam,444,5.75,21.1455890625,32.423237,11.2776475
1000178,beam,445,2.9325,10.784250421875,16.535851,5.751600225000001
1000178,beam,446,2.8175,10.361338640625,15.887386,5.526047275
1000178,beam,704,0.2875,1.0572794531249996,1.621162,0.5638823749999999
1000179,beam,207,0.336,1.2356379,2.092347,0.6590068800000001
1000180,beam,207,0.1,0.367749375,0.622722,0.196133
1000181,beam,212,0.962,3.537748987499999,5.990588,1.88679946
1000182,beam,212,0.744,2.7360553499999996,4.633054,1.45922952
1000183,beam,384,0.06,0.220649625,0.373633,0.1176798
1000184,beam,384,1.014,3.7289786624999994,6.314404,1.98878862
1000185,beam,384,0.12,0.44129925,0.747267,0.2353596
1000186,beam,384,0.12,0.44129925,0.747267,0.2353596
1000187,beam,384,1.04,3.8245934999999998,6.476312,2.0397832
1000188,beam,384,0.686,2.5227607125,4.271875,1.3454723800000001
1000189,beam,384,0.008,0.029419949999999993,0.049818,0.01569064
1000190,beam,385,0.106,0.3898143374999999,0.660086,0.20790097999999999
1000191,beam,385,0.268,0.9855683249999999,1.668896,0.52563644
1000192,beam,385,1.212,4.457122425,7.547394,2.37713196
1000193,beam,386,0.12,0.44129925,0.747267,0.2353596
1000194,beam,207,0.335916,1.2353289905249998,2.091824,0.65884212828
1000195,beam,207,0.099975,0.36765743765625003,0.622567,0.19608396674999998
1000196,beam,363,0.375025,1.3791520935937498,2.335364,1.8388694581249998
1000197,beam,363,0.4625,1.7008408593750002,2.880091,2.2677878125
1000198,beam,364,0.075,0.27581203125,0.467042,0.367749375
1000199,beam,364,0.8625,3.171838359375,5.37098,4.2291178125
1000200,beam,365,0.9375,3.447650390625,5.838021,4.5968671875
1000201,beam,366,1.25,4.5968671875,7.784028,6.129156249999999
1000202,beam,367,1.25,4.5968671875,7.784028,6.129156249999999
1000203,beam,368,1.25,4.5968671875,7.784028,6.129156249999999
1000204,beam,369,0.645,2.37198346875,4.016559,3.162644625
1000205,beam,369,0.605,2.2248837187499997,3.76747,2.966511625
1000206,beam,369,0.082075,0.30183029953124996,0.511099,0.402440399375
1000207,beam,369,0.005425,0.01995040359375,0.033783,0.026600538125
1000208,beam,691,0.0625,0.22984335937499997,0.389201,0.153228875
1000209,beam,219,0.60125,2.2110931171874997,3.744118,1.4740617774999998
1000210,beam,223,0.465,1.71003459375,2.895659,1.14002283
1000211,beam,223,0.0375,0.137906015625,0.233521,0.09193732499999999
1000212,beam,223,0.63375,2.3306116640625,3.946502,1.5537407925
1000213,beam,223,0.075,0.27581203125,0.467042,0.18387464999999997
1000214,beam,224,0.075,0.27581203125,0.467042,0.367749375
1000215,beam,224,0.65,2.3903709374999997,4.047695,3.18716125
1000216,beam,224,0.42875,1.5767254453125,2.669922,2.10230059375
1000217,beam,224,0.005,0.01838746875,0.031136,0.024516625
1000218,beam,224,0.06625,0.24363396093749998,0.412554,0.32484528125
1000219,beam,224,0.1675,0.615980203125,1.04306,0.4927841625
1000220,beam,224,0.7575,2.785701515625,4.717121,2.2285612125
1000221,beam,224,0.075,0.27581203125,0.467042,0.220649625
1000222,beam,693,0.0875,0.321780703125,0.544882,0.25742456249999995
1000223,beam,220,0.85,3.1258696874999994,5.293139,2.0839127
1000224,beam,222,1.19,4.3762175625,7.410395,3.50097405
1000225,beam,220,0.05,0.1838746875,0.311361,0.1225831
1000226,beam,222,0.07,0.25742456249999995,0.435906,0.20593965
1000227,beam,220,0.675,2.4823082812500004,4.203375,1.65487185
1000228,beam,222,0.945,3.4752315937499993,5.884725,2.7801852749999996
1000229,beam,220,0.1,0.367749375,0.622722,0.2451662
1000230,beam,222,0.14,0.5148491249999999,0.871811,0.4118793
1000231,beam,220,0.825,3.033932343749999,5.137459,2.0226211499999995
1000232,beam,222,1.155,4.247505281249999,7.192442,3.3980042249999998
1000233,beam,220,0.0625,0.22984335937499997,0.389201,0.153228875
1000234,beam,225,0.60125,2.2110931171874997,3.744118,1.4740617774999998
1000235,beam,225,0.465,1.71003459375,2.895659,1.14002283
1000236,beam,225,0.0375,0.137906015625,0.233521,0.09193732499999999
1000237,beam,225,0.63375,2.3306116640625,3.946502,1.5537407925
1000238,beam,225,0.075,0.27581203125,0.467042,0.18387464999999997
1000239,beam,226,0.075,0.27581203125,0.467042,0.367749375
1000240,beam,226,0.65,2.3903709374999997,4.047695,3.18716125
1000241,beam,226,0.42875,1.5767254453125,2.669922,1.2613803562500001
1000242,beam,226,0.005,0.01838746875,0.031136,0.014709975
1000243,beam,226,0.06625,0.24363396093749998,0.412554,0.19490716875
1000244,beam,226,0.1675,0.615980203125,1.04306,0.4927841625
1000245,beam,226,0.7575,2.785701515625,4.717121,2.2285612125
1000246,beam,226,0.075,0.27581203125,0.467042,0.220649625
1000247,beam,222,0.0875,0.321780703125,0.544882,0.25742456249999995
1000248,beam,278,0.336,1.2356379,2.092347,0.6590068800000001
1000249,beam,278,0.1,0.367749375,0.622722,0.196133
1000250,beam,497,0.962,3.537748987499999,5.990588,1.88679946
1000251,beam,497,0.744,2.7360553499999996,4.633054,1.45922952
1000252,beam,498,0.06,0.220649625,0.373633,0.1176798
1000253,beam,498,1.014,3.7289786624999994,6.314404,1.98878862
1000254,beam,498,0.12,0.44129925,0.747267,0.2353596
1000255,beam,498,0.12,0.44129925,0.747267,0.2353596
1000256,beam,498,0.98,3.603943875,6.102678,1.9221034
1000257,beam,498,0.06,0.220649625,0.373633,0.1176798
1000258,beam,498,0.686,2.5227607125,4.271875,1.3454723800000001
1000259,beam,498,0.008,0.029419949999999993,0.049818,0.01569064
1000260,beam,499,0.106,0.3898143374999999,0.660086,0.20790097999999999
1000261,beam,499,0.04,0.14709975,0.249089,0.0784532
1000262,beam,499,0.228,0.8384685749999999,1.419807,0.44718324000000004
1000263,beam,499,1.212,4.457122425,7.547394,2.37713196
1000264,beam,500,0.12,0.44129925,0.747267,0.2353596
1000265,beam,278,0.335916,1.2353289905249998,2.091824,0.65884212828
1000266,beam,278,0.099975,0.36765743765625003,0.622567,0.19608396674999998
1000267,beam,476,0.375025,1.3791520935937498,2.335364,1.8388694581249998
1000268,beam,476,0.4625,1.7008408593750002,2.880091,2.2677878125
1000269,beam,477,0.075,0.27581203125,0.467042,0.367749375
1000270,beam,477,0.8625,3.171838359375,5.37098,4.2291178125
1000271,beam,478,0.9375,3.447650390625,5.838021,4.5968671875
1000272,beam,479,1.25,4.5968671875,7.784028,6.129156249999999
1000273,beam,480,1.25,4.5968671875,7.784028,6.129156249999999
1000274,beam,481,1.25,4.5968671875,7.784028,6.129156249999999
1000275,beam,482,0.645,2.37198346875,4.016559,3.162644625
1000276,beam,482,0.605,2.2248837187499997,3.76747,2.966511625
1000277,beam,482,0.082075,0.30183029953124996,0.511099,0.402440399375
1000278,beam,482,0.005425,0.01995040359375,0.033783,0.026600538125
1000279,beam,694,0.0625,0.22984335937499997,0.389201,0.153228875
1000280,beam,231,0.60125,2.2110931171874997,3.744118,1.4740617774999998
1000281,beam,231,0.465,1.71003459375,2.895659,1.14002283
1000282,beam,231,0.0375,0.137906015625,0.233521,0.09193732499999999
1000283,beam,231,0.63375,2.3306116640625,3.946502,1.5537407925
1000284,beam,231,0.075,0.27581203125,0.467042,0.18387464999999997
1000285,beam,423,0.075,0.27581203125,0.467042,0.367749375
1000286,beam,423,0.6125,2.252464921875,3.814174,3.0032865625
1000287,beam,423,0.0375,0.137906015625,0.233521,0.1838746875
1000288,beam,423,0.42875,1.5767254453125,2.669922,2.10230059375
1000289,beam,423,0.005,0.01838746875,0.031136,0.024516625
1000290,beam,423,0.06625,0.24363396093749998,0.412554,0.32484528125
1000291,beam,423,0.025,0.09193734375,0.155681,0.073549875
1000292,beam,423,0.1425,0.524042859375,0.887379,0.41923428749999997
1000293,beam,423,0.7575,2.785701515625,4.717121,2.2285612125
1000294,beam,423,0.075,0.27581203125,0.467042,0.220649625
1000295,beam,227,0.85,3.1258696874999994,5.293139,2.0839127
1000296,beam,227,0.05,0.1838746875,0.311361,0.1225831
1000297,beam,227,0.675,2.4823082812500004,4.203375,1.65487185
1000298,beam,227,0.025,0.09193734375,0.155681,0.06129155
1000299,beam,227,0.075,0.27581203125,0.467042,0.18387464999999997
1000300,beam,227,0.75,2.7581203124999996,4.670417,1.8387464999999998
1000301,beam,230,0.09,0.33097443749999994,0.56045,0.3530394
1000302,beam,237,0.909,3.3428418187499997,5.660545,3.56569794
1000303,beam,237,0.252,0.9267284249999999,1.56926,0.98851032
1000304,beam,227,0.075,0.27581203125,0.467042,0.18387464999999997
1000305,beam,230,0.075,0.27581203125,0.467042,0.2941995
1000306,beam,230,1.425,5.24042859375,8.873792,5.5897905
1000307,beam,230,0.747,2.74708783125,4.651735,2.9302270200000002
1000308,beam,230,0.09,0.33097443749999994,0.56045,0.3530394
1000309,beam,240,0.909,3.3428418187499997,5.660545,3.56569794
1000310,beam,240,0.252,0.9267284249999999,1.56926,0.98851032
1000311,beam,402,0.075,0.27581203125,0.467042,0.2941995
1000312,beam,402,0.5525,2.0318152968749996,3.440541,2.16726965
1000313,beam,403,1.25,4.5968671875,7.784028,4.903325
1000314,beam,404,1.25,4.5968671875,7.784028,4.903325
1000315,beam,405,1.25,4.5968671875,7.784028,4.903325
1000316,beam,406,1.175,4.32105515625,7.316987,4.6091255
1000317,beam,406,0.075,0.27581203125,0.467042,0.367749375
1000318,beam,407,1.25,4.5968671875,7.784028,6.129156249999999
1000319,beam,236,0.075,0.27581203125,0.467042,0.367749375
1000320,beam,236,0.7215,2.653311740625,4.492941,3.5377489875
1000321,beam,236,0.558,2.0520415124999998,3.47479,2.73605535
1000322,beam,236,0.045,0.16548721874999997,0.280225,0.220649625
1000323,beam,236,0.7605,2.796733996874999,4.735803,3.7289786624999994
1000324,beam,236,0.09,0.33097443749999994,0.56045,0.44129925
1000325,beam,428,0.09,0.33097443749999994,0.56045,0.44129925
1000326,beam,428,0.735,2.7029579062499995,4.577009,3.6039438749999997
1000327,beam,428,0.045,0.16548721874999997,0.280225,0.132389775
1000328,beam,428,0.5145,1.8920705343749997,3.203906,1.5136564274999997
1000329,beam,428,0.006,0.0220649625,0.037363,0.01765197
1000330,beam,428,0.0795,0.292360753125,0.495064,0.2338886025
1000331,beam,428,0.03,0.1103248125,0.186817,0.08825985
1000332,beam,428,0.171,0.62885143125,1.064855,0.503081145
1000333,beam,428,0.909,3.3428418187499997,5.660545,2.674273455
1000334,beam,428,0.09,0.33097443749999994,0.56045,0.26477955
1000335,beam,291,0.336,1.2356379,2.092347,0.6590068800000001
1000336,beam,291,0.1,0.367749375,0.622722,0.196133
1000337,beam,534,0.962,3.537748987499999,5.990588,1.88679946
1000338,beam,534,0.744,2.7360553499999996,4.633054,1.45922952
1000339,beam,535,0.06,0.220649625,0.373633,0.1176798
1000340,beam,535,1.014,3.7289786624999994,6.314404,1.98878862
1000341,beam,535,0.12,0.44129925,0.747267,0.2353596
1000342,beam,535,0.12,0.44129925,0.747267,0.2353596
1000343,beam,535,0.98,3.603943875,6.102678,1.9221034
1000344,beam,535,0.06,0.220649625,0.373633,0.1176798
1000345,beam,535,0.686,2.5227607125,4.271875,1.3454723800000001
1000346,beam,535,0.008,0.029419949999999993,0.049818,0.01569064
1000347,beam,536,0.106,0.3898143374999999,0.660086,0.20790097999999999
1000348,beam,536,0.04,0.14709975,0.249089,0.0784532
1000349,beam,536,0.228,0.8384685749999999,1.419807,0.44718324000000004
1000350,beam,536,1.212,4.457122425,7.547394,2.37713196
1000351,beam,536,0.12,0.44129925,0.747267,0.2353596
1000352,beam,291,0.335916,1.2353289905249998,2.091824,0.65884212828
1000353,beam,291,0.099975,0.36765743765625003,0.622567,0.19608396674999998
1000354,beam,513,0.375025,1.3791520935937498,2.335364,1.8388694581249998
1000355,beam,513,0.4625,1.7008408593750002,2.880091,2.2677878125
1000356,beam,514,0.075,0.27581203125,0.467042,0.367749375
1000357,beam,514,0.8625,3.171838359375,5.37098,4.2291178125
1000358,beam,515,0.9375,3.447650390625,5.838021,4.5968671875
1000359,beam,516,1.25,4.5968671875,7.784028,6.129156249999999
1000360,beam,517,1.25,4.5968671875,7.784028,6.129156249999999
1000361,beam,518,1.25,4.5968671875,7.784028,6.129156249999999
1000362,beam,519,0.645,2.37198346875,4.016559,3.162644625
1000363,beam,519,0.605,2.2248837187499997,3.76747,2.966511625
1000364,beam,519,0.082075,0.30183029953124996,0.511099,0.402440399375
1000365,beam,519,0.005425,0.01995040359375,0.033783,0.026600538125
1000366,beam,697,0.0625,0.22984335937499997,0.389201,0.153228875
1000367,beam,303,0.60125,2.2110931171874997,3.744118,1.4740617774999998
1000368,beam,303,0.465,1.71003459375,2.895659,1.14002283
1000369,beam,303,0.0375,0.137906015625,0.233521,0.09193732499999999
1000370,beam,334,0.63375,2.3306116640625,3.946502,1.5537407925
1000371,beam,334,0.075,0.27581203125,0.467042,0.18387464999999997
1000372,beam,549,0.075,0.27581203125,0.467042,0.367749375
1000373,beam,549,0.6125,2.252464921875,3.814174,3.0032865625
1000374,beam,549,0.0375,0.137906015625,0.233521,0.1838746875
1000375,beam,549,0.42875,1.5767254453125,2.669922,2.10230059375
1000376,beam,549,0.005,0.01838746875,0.031136,0.024516625
1000377,beam,549,0.06625,0.24363396093749998,0.412554,0.32484528125
1000378,beam,549,0.025,0.09193734375,0.155681,0.073549875
1000379,beam,549,0.1425,0.524042859375,0.887379,0.41923428749999997
1000380,beam,549,0.7575,2.785701515625,4.717121,2.2285612125
1000381,beam,549,0.075,0.27581203125,0.467042,0.220649625
1000382,beam,330,0.85,3.1258696874999994,5.293139,2.0839127
1000383,beam,330,0.05,0.1838746875,0.311361,0.1225831
1000384,beam,330,0.675,2.4823082812500004,4.203375,1.65487185
1000385,beam,330,0.025,0.09193734375,0.155681,0.06129155
1000386,beam,330,0.075,0.27581203125,0.467042,0.18387464999999997
1000387,beam,330,0.75,2.7581203124999996,4.670417,1.8387464999999998
1000388,beam,333,0.09,0.33097443749999994,0.56045,0.44129925
1000389,beam,340,0.486,1.7872619624999995,3.02643,2.38301595
1000390,beam,340,0.012,0.044129925,0.074727,0.0588399
1000391,beam,340,0.411,1.51144993125,2.559389,2.0152665749999996
1000392,beam,340,0.252,0.9267284249999999,1.56926,1.2356379
1000393,beam,330,0.075,0.27581203125,0.467042,0.18387464999999997
1000394,beam,333,0.075,0.27581203125,0.467042,0.367749375
1000395,beam,333,1.425,5.24042859375,8.873792,6.987238125
1000396,beam,333,0.747,2.74708783125,4.651735,3.662783775
1000397,beam,333,0.09,0.33097443749999994,0.56045,0.44129925
1000398,beam,343,0.486,1.7872619624999995,3.02643,2.38301595
1000399,beam,343,0.012,0.044129925,0.074727,0.0588399
1000400,beam,343,0.411,1.51144993125,2.559389,2.0152665749999996
1000401,beam,343,0.252,0.9267284249999999,1.56926,1.2356379
1000402,beam,624,0.075,0.27581203125,0.467042,0.2941995
1000403,beam,624,0.4775,1.7560032656249995,2.973499,1.87307015
1000404,beam,243,0.012,0.044129925,0.074727,0.0588399
1000405,beam,243,0.411,1.51144993125,2.559389,2.0152665749999996
1000406,beam,243,0.252,0.9267284249999999,1.56926,1.2356379
1000407,beam,624,0.075,0.27581203125,0.467042,0.2941995
1000408,beam,247,0.2,0.73549875,1.245445,0.980665
1000409,beam,248,0.2,0.73549875,1.245445,0.980665
1000410,beam,245,0.012,0.044129925,0.074727,0.0588399
1000411,beam,245,0.411,1.51144993125,2.559389,2.0152665749999996
1000412,beam,245,0.252,0.9267284249999999,1.56926,1.2356379
1000413,beam,627,0.075,0.27581203125,0.467042,0.2941995
1000414,beam,627,1.175,4.32105515625,7.316987,4.6091255
1000415,beam,628,1.25,4.5968671875,7.784028,4.903325
1000416,beam,629,1.25,4.5968671875,7.784028,4.903325
1000417,beam,339,0.075,0.27581203125,0.467042,0.2941995
1000418,beam,339,0.7215,2.653311740625,4.492941,2.83019919
1000419,beam,339,0.558,2.0520415124999998,3.47479,2.18884428
1000420,beam,339,0.045,0.16548721874999997,0.280225,0.1765197
1000421,beam,339,0.7605,2.796733996874999,4.735803,2.98318293
1000422,beam,339,0.09,0.33097443749999994,0.56045,0.3530394
1000423,beam,650,0.09,0.33097443749999994,0.56045,0.44129925
1000424,beam,650,0.735,2.7029579062499995,4.577009,3.6039438749999997
1000425,beam,650,0.045,0.16548721874999997,0.280225,0.132389775
1000426,beam,650,0.5145,1.8920705343749997,3.203906,1.5136564274999997
1000427,beam,650,0.006,0.0220649625,0.037363,0.01765197
1000428,beam,650,0.0795,0.292360753125,0.495064,0.2338886025
1000429,beam,650,0.03,0.1103248125,0.186817,0.08825985
1000430,beam,650,0.171,0.62885143125,1.064855,0.503081145
1000431,beam,650,0.909,3.3428418187499997,5.660545,2.674273455
1000432,beam,650,0.09,0.33097443749999994,0.56045,0.26477955
1000433,beam,304,0.336,1.2356379,2.092347,0.6590068800000001
1000434,beam,304,0.1,0.367749375,0.622722,0.196133
1000435,beam,309,0.962,3.537748987499999,5.990588,1.88679946
1000436,beam,572,0.744,2.7360553499999996,4.633054,1.45922952
1000437,beam,573,0.06,0.220649625,0.373633,0.1176798
1000438,beam,573,1.014,3.7289786624999994,6.314404,1.98878862
1000439,beam,573,0.12,0.44129925,0.747267,0.2353596
1000440,beam,573,0.12,0.44129925,0.747267,0.2353596
1000441,beam,573,1.04,3.8245934999999998,6.476312,2.0397832
1000442,beam,573,0.686,2.5227607125,4.271875,1.3454723800000001
1000443,beam,573,0.008,0.029419949999999993,0.049818,0.01569064
1000444,beam,574,0.106,0.3898143374999999,0.660086,0.20790097999999999
1000445,beam,574,0.268,0.9855683249999999,1.668896,0.52563644
1000446,beam,574,1.212,4.457122425,7.547394,2.37713196
1000447,beam,574,0.12,0.44129925,0.747267,0.2353596
1000448,beam,304,0.335916,1.2353289905249998,2.091824,0.65884212828
1000449,beam,304,0.099975,0.36765743765625003,0.622567,0.19608396674999998
1000450,beam,304,0.375025,1.3791520935937498,2.335364,1.8388694581249998
1000451,beam,550,0.4625,1.7008408593750002,2.880091,2.2677878125
1000452,beam,551,0.075,0.27581203125,0.467042,0.367749375
1000453,beam,551,0.8625,3.171838359375,5.37098,4.2291178125
1000454,beam,552,0.9375,3.447650390625,5.838021,4.5968671875
1000455,beam,553,1.25,4.5968671875,7.784028,6.129156249999999
1000456,beam,554,1.25,4.5968671875,7.784028,6.129156249999999
1000457,beam,555,1.25,4.5968671875,7.784028,6.129156249999999
1000458,beam,556,0.645,2.37198346875,4.016559,3.162644625
1000459,beam,556,0.605,2.2248837187499997,3.76747,2.966511625
1000460,beam,556,0.082075,0.30183029953124996,0.511099,0.402440399375
1000461,beam,556,0.005425,0.01995040359375,0.033783,0.026600538125
1000462,beam,700,0.0625,0.22984335937499997,0.389201,0.153228875
1000463,beam,316,0.60125,2.2110931171874997,3.744118,1.4740617774999998
1000464,beam,316,0.465,1.71003459375,2.895659,1.14002283
1000465,beam,316,0.0375,0.137906015625,0.233521,0.09193732499999999
1000466,beam,316,0.63375,2.3306116640625,3.946502,1.5537407925
1000467,beam,349,0.075,0.27581203125,0.467042,0.18387464999999997
1000468,beam,586,0.075,0.27581203125,0.467042,0.367749375
1000469,beam,586,0.65,2.3903709374999997,4.047695,3.18716125
1000470,beam,586,0.42875,1.5767254453125,2.669922,2.10230059375
1000471,beam,586,0.005,0.01838746875,0.031136,0.024516625
1000472,beam,586,0.06625,0.24363396093749998,0.412554,0.32484528125
1000473,beam,586,0.1675,0.615980203125,1.04306,0.4927841625
1000474,beam,586,0.7575,2.785701515625,4.717121,2.2285612125
1000475,beam,586,0.075,0.27581203125,0.467042,0.220649625
1000476,beam,346,0.85,3.1258696874999994,5.293139,2.0839127
1000477,beam,346,0.05,0.1838746875,0.311361,0.1225831
1000478,beam,346,0.675,2.4823082812500004,4.203375,1.65487185
1000479,beam,346,0.1,0.367749375,0.622722,0.2451662
1000480,beam,346,0.75,2.7581203124999996,4.670417,1.8387464999999998
1000481,beam,249,0.09,0.33097443749999994,0.56045,0.44129925
1000482,beam,249,0.393,1.44525504375,2.447299,1.927006725
1000483,beam,249,0.018,0.0661948875,0.11209,0.08825984999999999
1000484,beam,249,0.252,0.9267284249999999,1.56926,1.2356379
1000485,beam,346,0.075,0.27581203125,0.467042,0.18387464999999997
1000486,beam,251,0.075,0.27581203125,0.467042,0.367749375
1000487,beam,251,0.585,2.15133384375,3.642925,2.8684451249999996
1000488,beam,250,0.09,0.33097443749999994,0.56045,0.44129925
1000489,beam,250,0.393,1.44525504375,2.447299,1.927006725
1000490,beam,250,0.018,0.0661948875,0.11209,0.08825984999999999
1000491,beam,250,0.252,0.9267284249999999,1.56926,1.2356379
1000492,beam,656,0.075,0.27581203125,0.467042,0.220649625
1000493,beam,656,0.625,2.29843359375,3.892014,1.838746875
1000494,beam,657,0.6225,2.289239859375,3.876446,1.8313918875000001
1000495,beam,658,0.5525,2.0318152968749996,3.440541,1.6254522375
1000496,beam,253,0.09,0.33097443749999994,0.56045,0.26477955
1000497,beam,253,0.408,1.5004174499999996,2.540707,1.2003339599999998
1000498,beam,253,0.09,0.33097443749999994,0.56045,0.26477955
1000499,beam,253,0.393,1.44525504375,2.447299,1.156204035
1000500,beam,253,0.018,0.0661948875,0.11209,0.052955909999999995
1000501,beam,253,0.252,0.9267284249999999,1.56926,0.7413827399999999
1000502,beam,658,0.075,0.27581203125,0.467042,0.220649625
1000503,beam,255,1.5,5.516240624999999,9.340834,4.4129925
1000504,beam,255,1.5,5.516240624999999,9.340834,4.4129925
1000505,beam,254,0.09,0.33097443749999994,0.56045,0.26477955
1000506,beam,254,0.408,1.5004174499999996,2.540707,1.2003339599999998
1000507,beam,254,0.09,0.33097443749999994,0.56045,0.26477955
1000508,beam,254,0.393,1.44525504375,2.447299,1.156204035
1000509,beam,254,0.018,0.0661948875,0.11209,0.052955909999999995
1000510,beam,254,0.252,0.9267284249999999,1.56926,0.7413827399999999
1000511,beam,661,0.075,0.27581203125,0.467042,0.220649625
1000512,beam,661,1.175,4.32105515625,7.316987,3.456844125
1000513,beam,662,1.25,4.5968671875,7.784028,3.67749375
1000514,beam,663,1.1625,4.275086484375,7.239146,3.4200691875
1000515,beam,663,0.021,0.07722736875,0.118415,0.041187930000000005
1000516,beam,663,0.294,1.0811831624999997,1.657814,0.57663102
1000517,beam,663,0.0875,0.321780703125,0.544882,0.25742456249999995
1000518,beam,258,0.153,0.5626565437499998,0.86274,0.30008349
1000519,beam,258,2.142,7.877191612499998,12.07836,4.20116886
1000520,beam,258,0.6375,2.3444022656249994,3.969855,1.8755218124999997
1000521,beam,435,0.147,0.5405915812499998,0.828907,0.28831551
1000522,beam,435,2.058,7.568282137499999,11.604699,4.036417139999999
1000523,beam,435,0.6125,2.252464921875,3.814174,1.8019719375
1000524,beam,260,0.018,0.0661948875,0.101499,0.03530394
1000525,beam,260,0.252,0.9267284249999999,1.420984,0.49425516
1000526,beam,260,0.075,0.27581203125,0.467042,0.220649625
1000527,beam,260,0.7215,2.653311740625,4.492941,2.1226493925
1000528,beam,260,0.558,2.0520415124999998,3.47479,1.6416332100000002
1000529,beam,260,0.045,0.16548721874999997,0.280225,0.132389775
1000530,beam,260,0.7605,2.796733996874999,4.735803,2.2373871975
1000531,beam,260,0.09,0.33097443749999994,0.56045,0.26477955
1000532,beam,437,0.09,0.33097443749999994,0.56045,0.26477955
1000533,beam,437,0.78,2.8684451249999996,4.857234,2.2947561
1000534,beam,437,0.5145,1.8920705343749997,3.203906,1.5136564274999997
1000535,beam,437,0.006,0.0220649625,0.037363,0.01765197
1000536,beam,437,0.0795,0.292360753125,0.495064,0.2338886025
1000537,beam,437,0.201,0.7391762437499999,1.251672,0.591340995
1000538,beam,437,0.909,3.3428418187499997,5.660545,2.674273455
1000539,beam,437,0.09,0.33097443749999994,0.56045,0.26477955
1000540,beam,260,0.051,0.18755218124999995,0.28758,0.10002783
1000541,beam,260,0.714,2.625730537499999,4.02612,1.40038962
1000542,beam,260,0.2125,0.7814674218749998,1.19825,0.416782625
1000543,beam,260,2.04425,7.517716598437499,11.527165,4.0094488525
1000544,beam,260,1.581,5.814117618749998,8.91498,3.10086273
1000545,beam,260,0.1275,0.468880453125,0.71895,0.250069575
1000546,beam,260,2.15475,7.924079657812499,12.150255,4.2261758175
1000547,beam,260,0.255,0.93776090625,1.4379,0.50013915
1000548,beam,437,0.255,0.93776090625,1.4379,0.50013915
1000549,beam,437,2.21,8.127261187499998,12.4618,4.3345393
1000550,beam,437,1.45775,5.3608665140625,8.219995,2.8591288075000003
1000551,beam,437,0.017,0.06251739375,0.09586,0.03334261
1000552,beam,437,0.22525,0.8283554671875,1.270145,0.4417895825
1000553,beam,437,0.5695,2.094332690625,3.21131,1.1169774350000001
1000554,beam,437,2.5755,9.471385153124999,14.522791,5.051405415
1000555,beam,437,0.255,0.93776090625,1.4379,0.50013915
1000556,beam,317,0.336,1.2356379,1.894645,0.6590068800000001
1000557,beam,317,0.1,0.367749375,0.563882,0.196133
1000558,beam,322,0.1,0.367749375,0.563882,0.196133
1000559,beam,608,1.606,5.9060549625,9.055951,3.14989598
1000560,beam,609,0.06,0.220649625,0.338329,0.1176798
1000561,beam,609,0.224,0.8237586,1.263097,0.43933792
1000562,beam,609,0.79,2.9052200625,4.454671,1.5494507000000002
1000563,beam,609,0.12,0.44129925,0.676659,0.2353596
1000564,beam,609,0.12,0.44129925,0.676659,0.2353596
1000565,beam,609,0.6,2.20649625,3.383294,1.176798
1000566,beam,609,0.44,1.6180972499999997,2.481082,0.8629852
1000567,beam,609,0.384,1.4121576,2.165308,0.75315072
1000568,beam,609,0.302,1.1106031125,1.702925,0.59232166
1000569,beam,609,0.008,0.029419949999999993,0.045111,0.01569064
1000570,beam,610,0.374,1.3753826624999999,2.10892,0.73353742
1000571,beam,610,1.212,4.457122425,6.834254,2.37713196
1000572,beam,610,0.12,0.44129925,0.676659,0.2353596
1000573,beam,317,0.335916,1.2353289905249998,1.894171,0.65884212828
1000574,beam,317,0.099975,0.36765743765625003,0.563741,0.19608396674999998
1000575,beam,317,0.375025,1.3791520935937498,2.1147,0.73554778325
1000576,beam,587,0.4625,1.7008408593750002,2.607956,0.907115125
1000577,beam,588,0.075,0.27581203125,0.422912,0.14709975
1000578,beam,588,0.8625,3.171838359375,4.863485,1.691647125
1000579,beam,589,0.41825,1.5381117609375,2.358438,0.8203262725
1000580,beam,589,0.44425,1.6337265984374996,2.505047,0.8713208525
1000581,beam,589,0.075,0.27581203125,0.422912,0.14709975
1000582,beam,590,0.075,0.27581203125,0.422912,0.14709975
1000583,beam,590,0.44425,1.6337265984374996,2.505047,0.8713208525
1000584,beam,590,0.73075,2.6873285578124997,4.12057,1.4332418975
1000585,beam,591,1.25,4.5968671875,7.04853,2.4516625
1000586,beam,592,1.25,4.5968671875,7.04853,2.4516625
1000587,beam,593,0.075,0.27581203125,0.422912,0.14709975
1000588,beam,593,0.44425,1.6337265984374996,2.505047,0.8713208525
1000589,beam,593,0.12575,0.46244483906249995,0.709082,0.2466372475
1000590,beam,593,0.605,2.2248837187499997,3.411488,1.18660465
1000591,beam,593,0.082075,0.30183029953124996,0.462806,0.16097615975
1000592,beam,593,0.005425,0.01995040359375,0.030591,0.01064021525
1000593,beam,703,0.0625,0.22984335937499997,0.389201,0.3064578125
1000594,beam,264,0.0625,0.22984335937499997,0.389201,0.3064578125
1000595,beam,264,1.00375,3.691284351562499,6.250575,4.921712468749999
1000596,beam,264,0.0375,0.137906015625,0.233521,0.1838746875
1000597,beam,264,0.14,0.5148491249999999,0.871811,0.6864655000000001
1000598,beam,264,0.49375,1.8157625390624998,3.074691,2.42101671875
1000599,beam,264,0.075,0.27581203125,0.467042,0.367749375
1000600,beam,465,0.075,0.27581203125,0.467042,0.367749375
1000601,beam,465,0.375,1.3790601562499998,2.335209,1.838746875
1000602,beam,465,0.275,1.01131078125,1.712486,1.348414375
1000603,beam,465,0.24,0.8825985,1.494533,1.1767979999999998
1000604,beam,465,0.18875,0.6941269453125,1.175388,0.92550259375
1000605,beam,465,0.005,0.01838746875,0.031136,0.024516625
1000606,beam,465,0.23375,0.8596141640625001,1.455613,1.14615221875
1000607,beam,465,0.7575,2.785701515625,4.717121,3.7142686874999997
1000608,beam,465,0.075,0.27581203125,0.467042,0.367749375
1000609,beam,263,2.425,8.917922343749998,15.101015,11.890563124999998
1000610,beam,263,0.075,0.27581203125,5.865603,0.588399
1000611,beam,456,0.075,0.27581203125,5.865603,0.588399
1000612,beam,456,1.175,4.32105515625,91.89444,9.218251
1000613,beam,457,1.175,4.32105515625,91.89444,9.218251
1000614,beam,275,0.09,0.33097443749999994,0.56045,0.44129925
1000615,beam,275,0.891,3.2766469312499997,5.548455,4.368862575
1000616,beam,275,0.018,0.0661948875,0.11209,0.08825984999999999
1000617,beam,275,0.252,0.9267284249999999,1.56926,1.2356379
1000618,beam,457,0.075,0.27581203125,5.865603,0.588399
1000619,beam,277,1.5,5.516240624999999,9.340834,7.3549875
1000620,beam,277,1.5,5.516240624999999,9.340834,7.3549875
1000621,beam,276,0.09,0.33097443749999994,0.56045,0.44129925
1000622,beam,276,0.891,3.2766469312499997,5.548455,4.368862575
1000623,beam,276,0.018,0.0661948875,0.11209,0.08825984999999999
1000624,beam,276,0.252,0.9267284249999999,1.56926,1.2356379
1000625,beam,460,0.075,0.27581203125,5.865603,0.588399
1000626,beam,460,1.175,4.32105515625,91.89444,9.218251
1000627,beam,461,1.25,4.5968671875,97.760042,9.80665
1000628,beam,462,1.175,4.32105515625,91.89444,9.218251
1000629,beam,462,0.018,0.0661948875,0.11209,0.08825984999999999
1000630,beam,462,0.252,0.9267284249999999,1.56926,1.2356379
1000631,beam,462,0.075,0.27581203125,0.467042,0.367749375
1000632,beam,463,0.153,0.5626565437499998,0.952765,0.7502087249999999
1000633,beam,463,2.142,7.877191612499998,13.338711,10.502922149999998
1000634,beam,463,0.6375,2.3444022656249994,3.969855,3.1258696874999994
1000635,beam,464,0.147,0.5405915812499998,0.915402,0.7207887749999999
1000636,beam,464,2.058,7.568282137499999,12.815624,10.09104285
1000637,beam,464,0.6125,2.252464921875,3.814174,3.0032865625
1000638,beam,270,0.069,0.25374706874999997,0.429678,0.338329425
1000639,beam,270,0.966,3.5524589625,6.015497,4.7366119499999995
1000640,beam,270,0.2875,1.0572794531249996,1.790327,1.4097059374999998
1000641,beam,270,0.2875,1.0572794531249996,1.790327,1.4097059374999998
1000642,beam,270,4.61725,16.979908017187498,28.752644,22.63987735625
1000643,beam,270,0.1725,0.634367671875,1.074196,0.8458235624999999
1000644,beam,270,0.644,2.3683059749999997,4.010331,3.1577413
1000645,beam,270,2.27125,8.3525076796875,14.14358,11.13667690625
1000646,beam,270,0.345,1.26873534375,2.148392,1.6916471249999998
1000647,beam,471,0.345,1.26873534375,2.148392,1.6916471249999998
1000648,beam,471,1.725,6.34367671875,10.741959,8.458235625
1000649,beam,471,1.265,4.652029593749999,7.877437,6.202706124999999
1000650,beam,471,1.104,4.0599530999999995,6.874854,5.4132708
1000651,beam,471,0.86825,3.192983948437499,5.406786,4.257311931249999
1000652,beam,471,0.023,0.08458235624999999,0.143226,0.11277647499999999
1000653,beam,471,1.07525,3.9542251546875,6.695821,5.27230020625
1000654,beam,471,3.4845,12.814226971875,21.698758,17.0856359625
1000655,beam,471,0.345,1.26873534375,2.148392,1.6916471249999998
