P_objetivo_kN,phi_1_m,M_kNm,P_seccion_kN,eps0,eps_c_extrema,eps_s_max_abs
0.0,0.0,0.0,-0.0,0.0,0.0,0.0
0.0,0.00025,53.69196356787607,-2.2093438190040615e-12,4.374445520513411e-05,-4.375554479486589e-05,0.00011299445520513411
0.0,0.0005,107.20668948907432,-7.167599846980011e-13,8.727252219775222e-05,-8.772747780224778e-05,0.0002257725221977522
0.0,0.00075,160.5406267168773,-1.1528555887707626e-12,0.00013057931012016235,-0.00013192068987983763,0.00033832931012016236
0.0,0.001,213.69008820965018,4.1389114358025836e-13,0.00017365972819781859,-0.0001763402718021814,0.0004506597281978185
0.0,0.00125,266.6512431602771,5.719869022868806e-13,0.00021650847405338758,-0.00022099152594661238,0.0005627584740533876
0.0,0.0015,319.4201086376693,1.1723955140041653e-13,0.00025912002112529216,-0.0002658799788747078,0.0006746200211252922
0.0,0.00175,371.9925405847329,3.439026841078885e-12,0.0003014886051053049,-0.0003110113948946951,0.0007862386051053048
0.0,0.002,424.3642241107891,1.2789769243681803e-12,0.00034360820929995234,-0.00035639179070004766,0.0008976082092999522
0.0,0.0022500000000000003,476.5306630092744,6.302514066192089e-12,0.0003854725488093584,-0.0004020274511906416,0.0010087225488093583
0.0,0.0025000000000000005,528.4871684233298,2.3234747459355276e-12,0.0004270750534045037,-0.0004479249465954964,0.0011195750534045037
0.0,0.0027500000000000007,580.2288465725735,2.5792701308091637e-12,0.00046840884896942034,-0.0004940911510305799,0.0012301588489694204
0.0,0.003000000000000001,631.750585443675,-3.552713678800501e-13,0.0005094667373583813,-0.0005405332626416189,0.0013404667373583814
0.0,0.003250000000000001,683.0470403351738,-1.5489831639570184e-12,0.0005502411744992382,-0.000587258825500762,0.0014504911744992383
0.0,0.0035000000000000014,734.1126181329525,5.9117155615240335e-12,0.0005907242465523628,-0.0006342757534476376,0.001560224246552363
0.0,0.0037500000000000016,784.941460176661,1.0160761121369433e-12,0.0006309076439096987,-0.0006815923560903018,0.0016696576439096992
0.0,0.004000000000000002,835.5274235588311,5.4001247917767614e-12,0.0006707826327895718,-0.0007292173672104288,0.0017787826327895723
0.0,0.004250000000000002,885.8640606768548,-5.165645688975928e-12,0.0007103400241495793,-0.0007771599758504212,0.0018875900241495797
0.0,0.004500000000000002,935.9445968330771,-4.604316927725449e-12,0.0007495701396010845,-0.0008254298603989162,0.001996070139601085
0.0,0.0047500000000000025,952.6085328398771,-3.346656285430072e-11,0.0008028696389548007,-0.0008596303610452,0.0021186196389548014
0.0,0.005000000000000003,967.9588118822412,6.59383658785373e-12,0.0008565740528478002,-0.0008934259471522007,0.002241574052847801
0.0,0.005250000000000003,983.2459010061059,-2.1032064978498966e-12,0.0009101465206937835,-0.0009273534793062173,0.002364396520693784
0.0,0.005500000000000003,998.468804345032,-9.265477274311706e-12,0.0009635847078782668,-0.0009614152921217341,0.002487084707878268
0.0,0.005750000000000003,1013.6264962797835,1.0388134796812665e-11,0.0010168862046780179,-0.0009956137953219834,0.0026096362046780187
0.0,0.006000000000000004,1028.7179201082583,-6.409095476556104e-12,0.0010700485228181701,-0.001029951477181831,0.0027320485228181706
0.0,0.006250000000000004,1043.7419866369144,-2.1316282072803006e-13,0.0011230690918230984,-0.0010644309081769027,0.002854319091823099
0.0,0.006500000000000004,1051.3901923611413,-6.87805368215777e-12,0.00118052104193619,-0.0010944789580638115,0.002981021041936191
0.0,0.006750000000000004,1057.9170765615136,-7.489120434911456e-12,0.0012385506431283864,-0.001123949356871615,0.0031083006431283874
0.0,0.0070000000000000045,1064.14031190461,-8.286221486741852e-09,0.001297783728697349,-0.0011522162713026522,0.00323678372869735
0.0,0.007250000000000005,1070.3266098735055,4.902744876744691e-12,0.00135695361407737,-0.0011805463859226315,0.003365203614077371
0.0,0.007500000000000005,1076.4816885594494,1.6484591469634324e-12,0.0014160300123163567,-0.0012089699876836448,0.003493530012316358
0.0,0.007750000000000005,1082.6051318219577,7.915446076367516e-12,0.001475011537150746,-0.0012374884628492558,0.003621761537150747
0.0,0.008000000000000005,1088.6965131277032,4.547473508864641e-13,0.0015338967660709568,-0.001266103233929045,0.0037498967660709584
0.0,0.008250000000000006,1094.7553707803768,-1.8758328224066645e-12,0.0015926793464083918,-0.0012948206535916098,0.003877929346408393
0.0,0.008500000000000006,1100.7812479991776,6.579625733138528e-12,0.001651359901274295,-0.001323640098725707,0.004005859901274297
0.0,0.008750000000000006,1106.7736769113078,5.343281372915953e-12,0.001709937499954387,-0.0013525625000456148,0.004133687499954388
0.0,0.009000000000000006,1112.732174654986,-1.0686562745831907e-11,0.0017684104837590413,-0.001381589516240961,0.004261410483759043
0.0,0.009250000000000006,1118.6562452472065,-2.2168933355715126e-12,0.0018267771451479205,-0.0014107228548520816,0.004389027145147922
0.0,0.009500000000000007,1124.545379048285,8.668621376273222e-13,0.0018850357256826895,-0.0014399642743173125,0.004516535725682691
0.0,0.009750000000000007,1130.3990521975913,1.7053025658242404e-13,0.001943184413867671,-0.0014693155861323314,0.0046439344138676725
0.0,0.010000000000000007,1136.1377670930783,3.851141627819743e-12,0.002001315282748698,-0.001498684717251304,0.004771315282748699
0.0,0.010250000000000007,1138.024005014603,-1.1368683772161603e-11,0.002064626794481959,-0.0015228732055180432,0.004903876794481961
0.0,0.010500000000000008,1139.7754582948185,9.492850949754938e-12,0.0021285738550084208,-0.0015464261449915817,0.005037073855008423
0.0,0.010750000000000008,1141.5120291673288,6.0822458181064576e-12,0.0021924527574125334,-0.001570047242587469,0.005170202757412535
0.0,0.011000000000000008,1143.2335428286153,5.5138116294983774e-12,0.0022562626134545265,-0.0015937373865454762,0.005303262613454528
0.0,0.011250000000000008,1144.9398206432934,1.3784529073745944e-12,0.0023200025145960765,-0.0016174974854039261,0.005436252514596078
0.0,0.011500000000000008,1146.6306800218586,3.808509063674137e-12,0.002383671531342229,-0.0016413284686577737,0.005569171531342231
0.0,0.011750000000000009,1148.3059342932656,-7.673861546209082e-12,0.002447268712555616,-0.0016652312874443865,0.005702018712555618
0.0,0.012000000000000009,1149.965392572152,1.9753088054130785e-12,0.0025107930847414845,-0.0016892069152585187,0.005834793084741487
0.0,0.01225000000000001,1151.6088596204063,2.2168933355715126e-12,0.0025742436513020365,-0.0017132563486979666,0.005967493651302039
0.0,0.01250000000000001,1153.236135702794,1.8758328224066645e-12,0.0026376193917584034,-0.0017373806082415996,0.006100119391758405
0.0,0.01275000000000001,1154.847016436283,-5.172751116333529e-12,0.0027009192609385637,-0.0017615807390614392,0.006232669260938566
0.0,0.01300000000000001,1156.4412926328132,-2.3305801732931286e-12,0.002764142188129361,-0.001785857811870642,0.0063651421881293635
0.0,0.01325000000000001,1158.018750135048,-3.922195901395753e-12,0.0028272870761906245,-0.001810212923809379,0.006497537076190627
0.0,0.01350000000000001,1159.5791696448014,7.545963853772264e-12,0.0028903528006293385,-0.001834647199370665,0.006629852800629341
0.0,0.01375000000000001,1161.122326543701,5.6132876125047915e-12,0.0029533382086316265,-0.0018591617913683769,0.006762088208631629
0.0,0.01400000000000001,1162.6479907056835,-6.87805368215777e-12,0.003016242118050148,-0.0018837578819498554,0.0068942421180501505
0.0,0.014250000000000011,1164.1557487537837,1.4068746168049984e-12,0.0030790400088200093,-0.001908459991179994,0.007026290008820012
0.0,0.014500000000000011,1165.6454415641397,1.2747136679536197e-11,0.0031417479518268364,-0.0019332520481731676,0.007158247951826839
0.0,0.014750000000000011,1167.116823573478,5.115907697472721e-13,0.003204366730700525,-0.001958133269299479,0.007290116730700527
0.0,0.015000000000000012,1168.5609866523182,-1.3457679415296298e-11,0.003266996246808984,-0.0019830037531910196,0.007421996246808987
0.0,0.015250000000000012,1169.8735376228824,-6.636469151999336e-12,0.0033308612470339845,-0.0020066387529660192,0.007555111247033988
0.0,0.015500000000000012,1171.170970435482,8.355982572538778e-12,0.003394637412359102,-0.0020303625876409016,0.007688137412359105
0.0,0.01575000000000001,1172.4530538467275,-4.263256414560601e-14,0.0034583232357079047,-0.002054176764292099,0.007821073235707906
0.0,0.01600000000000001,1173.7195499959876,-1.4352963262354024e-12,0.003521917165069636,-0.0020780828349303672,0.00795391716506964
0.0,0.01625000000000001,1174.9702141290174,-5.286437954055145e-12,0.0035854176015932657,-0.0021020823984067376,0.008086667601593269
0.0,0.01650000000000001,1176.2047943064595,5.9259264162392356e-12,0.0036488228975761487,-0.0021261771024238545,0.008219322897576152
0.0,0.01675000000000001,1177.3138642845793,-8.469669410260394e-12,0.0037115991968425695,-0.0021509008031574345,0.008351349196842571
0.0,0.01700000000000001,1177.8803407960381,-1.5347723092418164e-12,0.003771560880979213,-0.002178439119020791,0.008480560880979216
0.0,0.017250000000000012,1178.4320315184402,-9.805489753489383e-13,0.0038313857247645965,-0.0022061142752354073,0.0086096357247646
0.0,0.017500000000000012,1178.9695459968782,5.8548721426632255e-12,0.003891104060205752,-0.0022338959397942516,0.008738604060205754
0.0,0.017750000000000012,1179.4926212384705,-3.979039320256561e-13,0.0039507136861906865,-0.002261786313809317,0.00886746368619069
0.0,0.018000000000000013,1180.0009850572396,1.3073986337985843e-12,0.004010212320861748,-0.0022897876791382566,0.00899621232086175
0.0,0.018250000000000013,1180.4943556013288,-2.5579538487363607e-12,0.004069597597388485,-0.002317902402611519,0.009124847597388488
0.0,0.018500000000000013,1180.972440848149,9.492850949754938e-12,0.004128867059451047,-0.002346132940548957,0.00925336705945105
0.0,0.018750000000000013,1181.4349380647889,-8.01492205937393e-12,0.0041880181564095415,-0.0023744818435904626,0.009381768156409544
0.0,0.019000000000000013,1181.8815332306947,-9.00968188943807e-12,0.004247048238132224,-0.00240295176186778,0.009510048238132226
0.0,0.019250000000000014,1182.3119004192502,-6.423306331271306e-12,0.004305954549452554,-0.002431545450547451,0.009638204549452557
0.0,0.019500000000000014,1182.7257011347394,-4.547473508864641e-13,0.004364734224222049,-0.0024602657757779554,0.009766234224222053
0.0,0.019750000000000014,1183.1225836005765,1.0516032489249483e-12,0.004423384278922186,-0.002489115721077818,0.00989413427892219
0.0,0.020000000000000014,1183.5021819943877,4.149569576838985e-12,0.004481901605794854,-0.00251809839420515,0.010021901605794858
0.0,0.020250000000000015,1183.3831584147292,-2.9436080239975126e-09,0.004537221575733882,-0.0025502784242661227,0.010146471575733885
0.0,0.020500000000000015,1183.0336263214876,-1.4210854715202004e-12,0.004591030411002569,-0.0025839695889974352,0.010269530411002573
0.0,0.020750000000000015,1182.6659872878909,-9.180212146020494e-12,0.004644675103573757,-0.002617824896426248,0.010392425103573761
0.0,0.021000000000000015,1182.279765331389,-5.7127635955112055e-12,0.0046981510367580985,-0.0026518489632419064,0.010515151036758102
0.0,0.021250000000000015,1181.8744617194714,-3.609557097661309e-12,0.0047514533690544035,-0.0026860466309456014,0.010637703369054407
0.0,0.021500000000000016,1181.4495533958527,4.604316927725449e-12,0.004804577018479181,-0.002720422981520824,0.010760077018479183
0.0,0.021750000000000016,1181.0044912633962,-3.268496584496461e-12,0.004857516645464522,-0.0027549833545354825,0.010882266645464527
0.0,0.022000000000000016,1180.5386983073588,1.5262457964126952e-11,0.004910266634158235,-0.00278973336584177,0.011004266634158238
0.0,0.022250000000000016,1180.0515675402755,-7.105427357601002e-13,0.004962821071940176,-0.0028246789280598292,0.01112607107194018
0.0,0.022500000000000017,1179.5424597473375,-8.043343768804334e-12,0.005015173726941886,-0.002859826273058119,0.01124767372694189
0.0,0.022750000000000017,1179.010701007977,1.4495071809506044e-12,0.005067318023326556,-0.0028951819766734497,0.011369068023326559
0.0,0.023000000000000017,1178.4555799659195,1.5063505998114124e-12,0.005119247014050111,-0.002930752985949894,0.011490247014050116
0.0,0.023250000000000017,1177.8763448156126,-4.320099833421409e-12,0.00517095335078244,-0.0029665466492175656,0.011611203350782445
0.0,0.023500000000000017,1177.2721999682321,1.1368683772161603e-12,0.005222429250617953,-0.0030025707493820516,0.011731929250617957
0.0,0.023750000000000018,1176.6423023543625,-1.3642420526593924e-12,0.005273666459146623,-0.0030388335408533824,0.011852416459146628
0.0,0.024000000000000018,1175.0309257593813,-1.1040413028240437e-09,0.005317156064091918,-0.003082843935908088,0.011965156064091924
0.0,0.024250000000000018,1173.3223098215572,-8.270717444247566e-12,0.005359875284462614,-0.0031276247155373913,0.012077125284462618
0.0,0.02450000000000002,1171.4691059364384,4.291678123991005e-12,0.005403785450025449,-0.0031712145499745575,0.012190285450025453
0.0,0.02475000000000002,1169.5769290291294,-5.5138116294983774e-12,0.005447002790205711,-0.0032154972097942942,0.012302752790205715
0.0,0.02500000000000002,1167.642137761437,-1.3017142919125035e-11,0.0054894595738167636,-0.0032605404261832425,0.012414459573816768
0.0,0.02525000000000002,1165.6604551600446,-1.6200374375330284e-11,0.005531076121672028,-0.003306423878327979,0.012525326121672033
0.0,0.02550000000000002,1163.6268000725827,-1.446665010007564e-11,0.005571757624578948,-0.003353242375421058,0.012635257624578951
0.0,0.02575000000000002,1161.627825326105,-3.006533688676427e-09,0.005614434344156858,-0.0033980656558431485,0.012747184344156863
0.0,0.02600000000000002,1159.7178227699985,-4.462208380573429e-12,0.005660680477840726,-0.00343931952215928,0.01286268047784073
0.0,0.02625000000000002,1157.7797355107723,-1.1937117960769683e-12,0.005706570630223919,-0.003480929369776087,0.012977820630223923
0.0,0.02650000000000002,1155.8121266937064,-5.8832938520936295e-12,0.00575208556215294,-0.003522914437847067,0.013092585562152946
4188.606661247634,6.66780605676108e-11,0.0,4188.606661247628,-0.000234124912256735,-0.0002341249355940562,0.00023412493072655778
4188.606661247634,0.0002500000666780606,185.8397857536296,4188.606661235741,-0.00023684940539916803,-0.0003243494287364892,0.0003060994238689908
4188.606661247634,0.0005000000666780607,368.471038747559,4188.6066612476325,-0.00024024353970286195,-0.0004152435630401832,0.00037874355817268474
4188.606661247634,0.0007500000666780607,542.4162945115163,4188.606661245181,-0.00024334859703698233,-0.0005058486203743035,0.00045109861550680507
4188.606661247634,0.0010000000666780607,669.5814274402093,4188.606661247622,-0.0002381677005463039,-0.0005881677238836251,0.0005151677190161267
4188.606661247634,0.0012500000666780607,767.3755565683726,4188.606661187372,-0.00022631495209631024,-0.0006638149754336314,0.000572564970566133
4188.606661247634,0.0015000000666780607,849.0580905066785,4188.606661247622,-0.00021004837629440753,-0.0007350483996317287,0.0006255483947642303
4188.606661247634,0.0017500000666780607,920.8314218592654,4188.606661247624,-0.00019063508094958659,-0.0008031351042869078,0.0006753850994194094
4188.606661247634,0.0020000000666780607,986.5417019189223,4188.606661247488,-0.00016917273939616808,-0.0008691727627334893,0.0007231727578659908
4188.606661247634,0.002250000066678061,1047.4694880010836,4188.606661247637,-0.00014591544651732413,-0.0009334154698546454,0.0007691654649871469
4188.606661247634,0.002500000066678061,1105.2802550162844,4188.606661247649,-0.000121563649189276,-0.0009965636725265974,0.0008140636676590989
4188.606661247634,0.0027500000666780614,1160.2491890846518,4188.606661247641,-9.607230150553226e-05,-0.0010585723248428536,0.0008578223199753552
4188.606661247634,0.0030000000666780616,1213.289232976385,4188.606661247585,-6.993688054968603e-05,-0.0011199369038870073,0.000900936899019509
4188.606661247634,0.003250000066678062,1265.0819251096593,4188.606661247639,-4.3720762035725274e-05,-0.0011812207853730467,0.0009439707805055482
4188.606661247634,0.003500000066678062,1314.9238794535536,4188.6066612475615,-1.659164101467286e-05,-0.0012415916643519944,0.000986091659484496
4188.606661247634,0.0037500000666780622,1364.0642586653264,4188.606661247626,1.0165227864130229e-05,-0.0013023347954731915,0.0010489152463339533
4188.606661247634,0.0040000000666780625,1411.843885921501,4188.606661247632,3.739879856071883e-05,-0.001362601224776603,0.001145398817030542
4188.606661247634,0.004250000066678063,1458.70604133945,4188.606661247659,6.454974837910778e-05,-0.001422950274958214,0.001241799766848931
4188.606661247634,0.004500000066678063,1504.9250260048793,4188.606661247638,9.122482035350055e-05,-0.0014837752029838213,0.001337724838823324
4188.606661247634,0.004750000066678063,1550.1199346860535,4188.606661247575,0.00011804771317759287,-0.001544452310159729,0.0014337977316474164
4188.606661247634,0.005000000066678063,1594.3408648154798,4188.606661247637,0.00014494325028090063,-0.0016050567730564215,0.0015299432687507241
4188.606661247634,0.005250000066678064,1637.906518500461,4188.606661247632,0.0001713065750203276,-0.0016661934483169945,0.001625556593490151
4188.606661247634,0.005500000066678064,1680.7932280944924,4188.606661247649,0.0001971159760371321,-0.00172788404730019,0.0017206159945069555
4188.606661247634,0.005750000066678064,1722.9756676364864,4188.606661247641,0.0002223481162583384,-0.001790151907078984,0.001815098134728162
4188.606661247634,0.006000000066678064,1764.3196678583834,4188.606661247613,0.00024729171406029837,-0.001852708309277024,0.001909291732530122
4188.606661247634,0.0062500000666780645,1803.7514181066285,4188.606661247626,0.0002726910340111788,-0.0019148089893261436,0.0020039410524810026
4188.606661247634,0.006500000066678065,1818.0082212472287,4188.6066612476525,0.00030858854917462146,-0.0019664114741627012,0.002109088567644445
4188.606661247634,0.006750000066678065,1831.9207411386867,4188.606661247606,0.00034407245090620014,-0.002018427572431122,0.002213822469376024
4188.606661247634,0.007000000066678065,1844.8924851164852,4188.606661247607,0.0003785714300944066,-0.002071428593242916,0.0023175714485642305
4188.606661247634,0.007250000066678065,1855.039895469711,4188.606661247609,0.00041027632841980616,-0.0021272236949175165,0.00241852634688963
4188.606661247634,0.007500000066678066,1864.7000014823946,4188.606661247614,0.0004420342068407077,-0.002182965816496615,0.002519534225310532
4188.606661247634,0.007750000066678066,1871.677163799042,4188.606661244138,0.00047194881948802483,-0.002240551203849298,0.002618698837957849
4188.606661247634,0.008000000066678066,1877.5295213489694,4188.606661247682,0.0005003429915092903,-0.0022996570318280325,0.0027163430099791143
4188.606661247634,0.008250000066678066,1883.0692708920478,4188.606661247619,0.0005281423384961548,-0.002359357684841168,0.002813392356965979
4188.606661247634,0.008500000066678066,1885.4152580486796,4188.6066612200975,0.0005515119420527925,-0.002423488081284531,0.0029060119605226163
4188.606661247634,0.008750000066678067,1887.3440155507508,4188.60666124762,0.0005741450995894274,-0.002488354923747896,0.0029978951180592516
4188.606661247634,0.009000000066678067,1888.7752367509556,4188.606661247601,0.0005958988195333682,-0.002554101203803955,0.0030888988380031925
4188.606661247634,0.009250000066678067,1886.9062712468167,4188.606661247595,0.0006125309474317533,-0.00262496907590557,0.0031747809659015778
4188.606661247634,0.009500000066678067,1883.9646705949167,4188.606661246576,0.0006269589743023647,-0.0026980410490349584,0.003258458992772189
4188.606661247634,0.009750000066678068,1869.5579547860782,4188.606661202866,0.0006222062265936279,-0.0027902937967436954,0.0033229562450634523
4188.606661247634,0.010000000066678068,1849.9856615937413,4188.606661243556,0.0006080188937457826,-0.0028919811295915407,0.003378018912215607
4188.606661247634,0.010250000066678068,1827.6635080418575,4188.606661247683,0.0005914202144118771,-0.002996079808925446,0.0034306702328817016
4188.606661247634,0.010500000066678068,1796.5492141792859,4188.606661158804,0.0005606781921275559,-0.003114321831209768,0.0034691782105973805
4188.606661247634,0.010750000066678068,1759.1650704635522,4188.606661247545,0.000517208657869274,-0.0032452913654680495,0.0034949586763390987
4188.606661247634,0.011000000066678069,1701.9309790528514,4188.606661247604,0.00044128539453244906,-0.0034087146288048747,0.0034882854130022737
4188.606661247634,0.011250000066678069,1625.2869805274293,4188.606661247576,0.00034730660570335994,-0.0035901934176339645,0.0034635566241731845
8377.213322495269,1.6506660641754056e-10,0.0,8377.213322495316,-0.0004993515720638228,-0.0004993516298371351,0.0004993516177872728
8377.213322495269,0.00025000016506660644,172.71696512272578,8377.213322495285,-0.0005052105328788547,-0.0005927105906521669,0.0005744605786023047
8377.213322495269,0.0005000001650666064,341.7472920714828,8377.213322495256,-0.0005118661493323301,-0.0006868662071056423,0.00065036619505578
8377.213322495269,0.0007500001650666064,506.9612553025902,8377.213322484964,-0.0005193521011108098,-0.000781852158884122,0.0007271021468342597
8377.213322495269,0.0010000001650666065,668.2190234580423,8377.21332249529,-0.0005277102909385053,-0.0008777103487118175,0.0008047103366619552
8377.213322495269,0.0012500001650666065,825.3715180909255,8377.21332249521,-0.0005369736519996277,-0.00097447370977294,0.0008832236977230777
8377.213322495269,0.0015000001650666065,974.4993488769722,8377.213322495307,-0.0005463541567621365,-0.0010713542145354487,0.0009618542024855864
8377.213322495269,0.0017500001650666065,1096.9286996435942,8377.21332249497,-0.0005513008987944506,-0.001163800956567763,0.0010360509445179005
8377.213322495269,0.0020000001650666063,1200.9286036699027,8377.213322443215,-0.0005529568469877195,-0.0012529569047610317,0.0011069568927111694
8377.213322495269,0.0022500001650666065,1291.484402655387,8377.21332249519,-0.0005520629516245435,-0.0013395630093978555,0.0011753129973479932
8377.213322495269,0.0025000001650666067,1370.818790271677,8377.21332249528,-0.0005487821726374517,-0.001423782230410764,0.0012412822183609016
8377.213322495269,0.002750000165066607,1442.3537092118863,8377.213322495265,-0.0005439955877062187,-0.001506495645479531,0.0013057456334296686
8377.213322495269,0.003000000165066607,1507.4746376581409,8377.2133224952,-0.0005380006491576224,-0.0015880007069309348,0.0013690006948810724
8377.213322495269,0.0032500001650666074,1567.4773347208752,8377.213322495294,-0.0005312085668421648,-0.0016687086246154773,0.001431458612565615
8377.213322495269,0.0035000001650666076,1623.349484050141,8377.213322495278,-0.0005240287265390835,-0.001749028784312396,0.0014935287722625337
8377.213322495269,0.003750000165066608,1674.7699250699172,8377.213322495047,-0.0005160402511397195,-0.0018285403089130323,0.0015547902968631698
8377.213322495269,0.004000000165066608,1723.5566974413068,8377.213322495296,-0.0005084259989360727,-0.0019084260567093854,0.0016164260446595228
8377.213322495269,0.004250000165066608,1768.7236925092989,8377.21332249522,-0.0005003730942822875,-0.0019878731520556,0.001677623140005738
8377.213322495269,0.0045000001650666085,1809.2133008444366,8377.21332249459,-0.0004943424104288052,-0.002069342468202118,0.0017408424561522555
8377.213322495269,0.004750000165066609,1839.432050927949,8377.213322494454,-0.0004907660123896103,-0.0021532660701629232,0.0018065160581130608
8377.213322495269,0.005000000165066609,1861.4525149365343,8377.213322494323,-0.0004914407900272046,-0.0022414408478005176,0.0018764408357506551
8377.213322495269,0.005250000165066609,1875.622165723417,8377.213322495125,-0.0004964342340071675,-0.0023339342917804806,0.0019506842797306183
8377.213322495269,0.005500000165066609,1875.158436911343,8377.213322495289,-0.0005097782207953891,-0.0024347782785687022,0.0020332782665188395
8377.213322495269,0.00575000016506661,1853.0053439342466,8377.213322493673,-0.0005361543629864025,-0.002548654420759716,0.0021289044087098533
8377.213322495269,0.00600000016506661,1817.0596071473226,8377.213322495201,-0.0005719679502489411,-0.0026719680080222546,0.0022339679959723917
8377.213322495269,0.00625000016506661,1764.6676603067733,8377.213322495258,-0.0006198920873292003,-0.0028073921451025135,0.002351142133052651
8377.213322495269,0.00650000016506661,1690.677015598589,8377.213322495358,-0.0006846271466012869,-0.0029596272043746004,0.002485127192324738
8377.213322495269,0.0067500001650666105,1588.6106798126816,8377.213322494872,-0.0007679755705462936,-0.003130475628319607,0.0026377256162697445
8377.213322495269,0.007000000165066611,1436.3978883834905,8377.213322495294,-0.0008891634623847491,-0.0033391635201580625,0.0028281635081082003
8377.213322495269,0.007250000165066611,1194.2712025951048,8377.213322495132,-0.001075460457811425,-0.0036129605155847387,0.003083710503534876
