losa_id,area_neta_m2,espesor_m,densidad_kg_m3,masa_propia_kg,peso_propio_kN,G_losa_kN,adicional_G_kN,Q_losa_kN
1000000,15.99375,0.15,2500.0,5997.65625,58.81691566406249,99.596644,40.779728335937506,73.404766980615
1000001,28.575,0.15,2500.0,10715.625,105.08438390625,177.94289,72.85850609375001,109.22822897434
1000002,15.99375,0.15,2500.0,5997.65625,58.81691566406249,99.596645,40.7797293359375,70.44796884244
1000003,15.99375,0.15,2500.0,5997.65625,58.81691566406249,99.596643,40.77972733593751,78.42255421875
1000004,11.19375,0.15,2500.0,4197.65625,41.1649456640625,69.705974,28.541028335937497,54.88659421875
1000005,17.38125,0.15,2500.0,6517.968750000001,63.9194382421875,108.236915,44.31747675781249,85.22591765624999
1000006,15.99375,0.15,2500.0,5997.65625,58.81691566406249,99.596643,40.77972733593751,75.11280984375
1000007,27.1875,0.15,2500.0,10195.3125,99.981861328125,169.302619,69.32075767187499,133.3091484375
1000008,33.375,0.15,2500.0,12515.625,122.73635390624999,207.83356,85.09720609375002,160.33872259667498
1000009,36.25,0.15,2500.0,13593.75,133.3091484375,225.73682399999998,92.42767556249999,177.74553125
1000010,44.5,0.15,2500.0,16687.5,163.64847187499998,277.11141200000003,113.46294012500005,213.78497
1000011,36.25,0.15,2500.0,13593.75,133.3091484375,225.73682399999998,92.42767556249999,177.74553125
1000012,44.5,0.15,2500.0,16687.5,163.64847187499998,277.11141200000003,113.46294012500005,213.78497
1000013,36.25,0.15,2500.0,13593.75,133.3091484375,225.73682399999998,92.42767556249999,177.74553125
1000014,44.5,0.15,2500.0,16687.5,163.64847187499998,277.11141200000003,113.46294012500005,213.78497
1000015,38.7875,0.15,2500.0,14545.3125,142.64078882812498,241.53840300000002,98.89761417187503,190.1877184375
1000016,41.1536,0.15,2500.0,15432.599999999999,151.34210679,256.232095,104.88998821000001,197.054800583375
1000017,57.5015,0.15,2500.0,21563.0625,211.461406865625,358.07465,146.613243134375,140.974242493
1000018,83.6,0.15,2500.0,31349.999999999996,307.4384774999999,520.595822,213.15734450000008,315.86238985
1000019,15.99375,0.15,2500.0,5997.65625,58.81691566406249,99.596645,40.7797293359375,73.404768941945
1000020,28.575,0.15,2500.0,10715.625,105.08438390625,177.94289,72.85850609375001,109.22822897434
1000021,15.99375,0.15,2500.0,5997.65625,58.81691566406249,99.59664599999999,40.7797303359375,70.447973745765
1000022,15.99375,0.15,2500.0,5997.65625,58.81691566406249,99.596643,40.77972733593751,78.42255421875
1000023,11.19375,0.15,2500.0,4197.65625,41.1649456640625,69.705974,28.541028335937497,54.88659421875
1000024,17.38125,0.15,2500.0,6517.968750000001,63.9194382421875,108.236915,44.31747675781249,85.22591765624999
1000025,15.99375,0.15,2500.0,5997.65625,58.81691566406249,99.596643,40.77972733593751,75.11280984375
1000026,27.1875,0.15,2500.0,10195.3125,99.981861328125,169.302619,69.32075767187499,133.3091484375
1000027,33.375,0.15,2500.0,12515.625,122.73635390624999,207.83356,85.09720609375002,160.33872259667498
1000028,36.25,0.15,2500.0,13593.75,133.3091484375,225.73682399999998,92.42767556249999,177.74553125
1000029,44.5,0.15,2500.0,16687.5,163.64847187499998,277.11141200000003,113.46294012500005,213.78497
1000030,36.25,0.15,2500.0,13593.75,133.3091484375,225.73682399999998,92.42767556249999,177.74553125
1000031,44.5,0.15,2500.0,16687.5,163.64847187499998,277.11141200000003,113.46294012500005,213.78497
1000032,36.25,0.15,2500.0,13593.75,133.3091484375,225.73682399999998,92.42767556249999,177.74553125
1000033,44.5,0.15,2500.0,16687.5,163.64847187499998,277.11141200000003,113.46294012500005,213.78497
1000034,38.7875,0.15,2500.0,14545.3125,142.64078882812498,241.538404,98.89761517187503,190.1877184375
1000035,41.1536,0.15,2500.0,15432.599999999999,151.34210679,256.232095,104.88998821000001,197.05479568004998
1000036,57.5015,0.15,2500.0,21563.0625,211.461406865625,358.07465,146.613243134375,140.974242493
1000037,82.7,0.15,2500.0,31012.5,304.128733125,514.991321,210.86258787499997,312.4202557
1000038,36.25,0.15,2500.0,13593.75,133.3091484375,225.73682399999998,92.42767556249999,139.530241125
1000039,44.5,0.15,2500.0,16687.5,163.64847187499998,277.111412,113.46294012499999,157.887065
1000040,30.8588,0.15,2500.0,11572.049999999997,113.48304413249997,192.164622,78.68157786750004,120.956643033
1000041,36.25,0.15,2500.0,13593.75,133.3091484375,225.73682399999998,92.42767556249999,142.196425
1000042,44.5,0.15,2500.0,16687.5,163.64847187499998,277.111412,113.46294012499999,157.887065
1000043,36.25,0.15,2500.0,13593.75,133.3091484375,225.73682399999998,92.42767556249999,142.196425
1000044,44.5,0.15,2500.0,16687.5,163.64847187499998,277.111412,113.46294012499999,157.887065
1000045,36.25,0.15,2500.0,13593.75,133.3091484375,225.73682399999998,92.42767556249999,142.196425
1000046,44.5,0.15,2500.0,16687.5,163.64847187499998,277.111412,113.46294012499999,157.887065
1000047,36.25,0.15,2500.0,13593.75,133.3091484375,225.73682399999998,92.42767556249999,142.196425
1000048,44.5,0.15,2500.0,16687.5,163.64847187499998,277.111412,113.46294012499999,157.887065
1000049,36.25,0.15,2500.0,13593.75,133.3091484375,225.73682399999998,92.42767556249999,144.329371375
1000050,44.5,0.15,2500.0,16687.5,163.64847187499998,277.111412,113.46294012499999,157.887065
1000051,36.25,0.15,2500.0,13593.75,133.3091484375,225.73682399999998,92.42767556249999,177.74553125
1000052,44.5,0.15,2500.0,16687.5,163.64847187499998,277.111412,113.46294012499999,157.887065
1000053,15.99375,0.15,2500.0,5997.65625,58.81691566406249,99.596643,40.77972733593751,73.40476207729
1000054,28.575,0.15,2500.0,10715.625,105.08438390625,177.94289,72.85850609375001,109.22822897434
1000055,15.99375,0.15,2500.0,5997.65625,58.81691566406249,99.596644,40.779728335937506,70.447973745765
1000056,15.99375,0.15,2500.0,5997.65625,58.81691566406249,99.596643,40.77972733593751,78.42255421875
1000057,11.19375,0.15,2500.0,4197.65625,41.1649456640625,69.705974,28.541028335937497,54.88659421875
1000058,17.38125,0.15,2500.0,6517.968750000001,63.9194382421875,108.236915,44.31747675781249,85.22591765624999
1000059,15.99375,0.15,2500.0,5997.65625,58.81691566406249,99.596643,40.77972733593751,75.11280984375
1000060,27.1875,0.15,2500.0,10195.3125,99.981861328125,169.302619,69.32075767187499,133.3091484375
1000061,33.375,0.15,2500.0,12515.625,122.73635390624999,207.83356,85.09720609375002,160.33872259667498
1000062,36.25,0.15,2500.0,13593.75,133.3091484375,225.73682399999998,92.42767556249999,177.74553125
1000063,44.5,0.15,2500.0,16687.5,163.64847187499998,277.11141200000003,113.46294012500005,213.78497
1000064,36.25,0.15,2500.0,13593.75,133.3091484375,225.73682399999998,92.42767556249999,177.74553125
1000065,44.5,0.15,2500.0,16687.5,163.64847187499998,277.11141200000003,113.46294012500005,213.78497
1000066,36.25,0.15,2500.0,13593.75,133.3091484375,225.73682399999998,92.42767556249999,177.74553125
1000067,44.5,0.15,2500.0,16687.5,163.64847187499998,277.11141200000003,113.46294012500005,213.78497
1000068,38.7875,0.15,2500.0,14545.3125,142.64078882812498,241.538404,98.89761517187503,190.1877184375
1000069,41.1536,0.15,2500.0,15432.599999999999,151.34210679,256.232095,104.88998821000001,197.05479568004998
1000070,57.5015,0.15,2500.0,21563.0625,211.461406865625,358.07465,146.613243134375,140.974242493
1000071,82.7,0.15,2500.0,31012.5,304.128733125,514.991321,210.86258787499997,312.4202557
1000072,36.25,0.15,2500.0,13593.75,133.3091484375,225.73682399999998,92.42767556249999,139.530241125
1000073,44.5,0.15,2500.0,16687.5,163.64847187499998,277.111412,113.46294012499999,157.887065
1000074,30.8588,0.15,2500.0,11572.049999999997,113.48304413249997,192.164622,78.68157786750004,149.38249292249998
1000075,36.25,0.15,2500.0,13593.75,133.3091484375,225.73682399999998,92.42767556249999,142.196425
1000076,44.5,0.15,2500.0,16687.5,163.64847187499998,277.111412,113.46294012499999,157.887065
1000077,12.3,0.15,2500.0,4612.5,45.23317312499999,76.594842,31.361668875000007,59.08506625
1000078,36.25,0.15,2500.0,13593.75,133.3091484375,225.73682399999998,92.42767556249999,142.196425
1000079,44.5,0.15,2500.0,16687.5,163.64847187499998,277.111412,113.46294012499999,157.887065
1000080,12.3,0.15,2500.0,4612.5,45.23317312499999,76.594842,31.361668875000007,59.08506625
1000081,36.25,0.15,2500.0,13593.75,133.3091484375,225.73682399999998,92.42767556249999,142.196425
1000082,44.5,0.15,2500.0,16687.5,163.64847187499998,277.111412,113.46294012499999,157.887065
1000083,36.25,0.15,2500.0,13593.75,133.3091484375,225.73682399999998,92.42767556249999,142.196425
1000084,44.5,0.15,2500.0,16687.5,163.64847187499998,277.111412,113.46294012499999,157.887065
1000085,36.25,0.15,2500.0,13593.75,133.3091484375,225.73682399999998,92.42767556249999,142.196425
1000086,44.5,0.15,2500.0,16687.5,163.64847187499998,277.111412,113.46294012499999,157.887065
1000087,36.25,0.15,2500.0,13593.75,133.3091484375,225.73682399999998,92.42767556249999,142.196425
1000088,44.5,0.15,2500.0,16687.5,163.64847187499998,277.111412,113.46294012499999,157.887065
1000089,15.99375,0.15,2500.0,5997.65625,58.81691566406249,99.59664599999999,40.7797303359375,73.404768941945
1000090,28.575,0.15,2500.0,10715.625,105.08438390625,177.94289,72.85850609375001,109.22822897434
1000091,15.99375,0.15,2500.0,5997.65625,58.81691566406249,99.596645,40.7797293359375,70.447973745765
1000092,15.99375,0.15,2500.0,5997.65625,58.81691566406249,99.596643,40.77972733593751,78.42255421875
1000093,11.19375,0.15,2500.0,4197.65625,41.1649456640625,69.705974,28.541028335937497,54.88659421875
1000094,17.38125,0.15,2500.0,6517.968750000001,63.9194382421875,108.236915,44.31747675781249,85.22591765624999
1000095,15.99375,0.15,2500.0,5997.65625,58.81691566406249,99.596643,40.77972733593751,75.11280984375
1000096,27.1875,0.15,2500.0,10195.3125,99.981861328125,169.302619,69.32075767187499,133.3091484375
1000097,33.375,0.15,2500.0,12515.625,122.73635390624999,207.83356,85.09720609375002,160.33872259667498
1000098,36.25,0.15,2500.0,13593.75,133.3091484375,225.73682399999998,92.42767556249999,177.74553125
1000099,44.5,0.15,2500.0,16687.5,163.64847187499998,277.11141200000003,113.46294012500005,213.78497
1000100,36.25,0.15,2500.0,13593.75,133.3091484375,225.73682399999998,92.42767556249999,177.74553125
1000101,44.5,0.15,2500.0,16687.5,163.64847187499998,277.11141200000003,113.46294012500005,213.78497
1000102,36.25,0.15,2500.0,13593.75,133.3091484375,225.73682399999998,92.42767556249999,177.74553125
1000103,44.5,0.15,2500.0,16687.5,163.64847187499998,277.11141200000003,113.46294012500005,213.78497
1000104,38.7875,0.15,2500.0,14545.3125,142.64078882812498,241.53840300000002,98.89761417187503,190.1877184375
1000105,41.1536,0.15,2500.0,15432.599999999999,151.34210679,256.232093,104.88998621000002,197.054800583375
1000106,57.5015,0.15,2500.0,21563.0625,211.461406865625,358.07465,146.613243134375,140.974242493
1000107,83.6,0.15,2500.0,31349.999999999996,307.4384774999999,520.595822,213.15734450000008,315.86238985
1000108,5.412,0.15,2500.0,2029.5,19.902596175,33.701731,13.799134825000003,25.4274175875
1000109,15.95,0.15,2500.0,5981.249999999999,58.656025312499985,99.324204,40.66817868750001,46.0360916875
1000110,44.5,0.15,2500.0,16687.5,163.64847187499998,277.111411,113.46293912499999,132.26719187499998
1000111,20.3,0.15,2500.0,7612.5,74.653123125,126.412622,51.759498875000006,59.72249849999999
1000112,36.25,0.15,2500.0,13593.75,133.3091484375,225.73682399999998,92.42767556249999,106.64731875000001
1000113,44.5,0.15,2500.0,16687.5,163.64847187499998,277.111412,113.46294012499999,130.9187775
1000114,36.25,0.15,2500.0,13593.75,133.3091484375,225.73682399999998,92.42767556249999,106.64731875000001
1000115,44.5,0.15,2500.0,16687.5,163.64847187499998,277.111412,113.46294012499999,130.9187775
1000116,41.2,0.15,2500.0,15450.000000000002,151.51274250000003,256.561576,105.04883349999997,121.210194
1000117,36.25,0.15,2500.0,13593.75,133.3091484375,225.73682399999998,92.42767556249999,106.64731875000001
1000118,44.5,0.15,2500.0,16687.5,163.64847187499998,277.111412,113.46294012499999,130.9187775
1000119,36.25,0.15,2500.0,13593.75,133.3091484375,225.73682399999998,92.42767556249999,106.64731875000001
1000120,44.5,0.15,2500.0,16687.5,163.64847187499998,277.111412,113.46294012499999,130.9187775
1000121,36.25,0.15,2500.0,13593.75,133.3091484375,225.73682399999998,92.42767556249999,106.64731875000001
1000122,44.5,0.15,2500.0,16687.5,163.64847187499998,277.111412,113.46294012499999,130.9187775
1000123,36.25,0.15,2500.0,13593.75,133.3091484375,225.73682399999998,92.42767556249999,106.64731875000001
1000124,44.5,0.15,2500.0,16687.5,163.64847187499998,277.111412,113.46294012499999,130.9187775
1000125,18.4875,0.15,2500.0,6932.8125,67.98766570312499,115.12577999999999,47.138114296875,54.3901325625
1000126,22.695,0.15,2500.0,8510.625,83.46072065624999,141.32682,57.86609934375001,66.768576525
1000127,17.7625,0.15,2500.0,6660.937499999999,65.32148273437498,110.611044,45.289561265625025,52.2571861875
1000128,21.805,0.15,2500.0,8176.875,80.18775121875,135.784592,55.59684078125001,64.150200975
1000129,15.99375,0.15,2500.0,5997.65625,58.81691566406249,90.185938,31.3690223359375,31.369021687500002
1000130,28.575,0.15,2500.0,10715.625,105.08438390625,161.12939,56.045006093750004,56.04500475
1000131,15.99375,0.15,2500.0,5997.65625,58.81691566406249,90.18593800000001,31.369022335937515,31.369021687500002
1000132,15.99375,0.15,2500.0,5997.65625,58.81691566406249,90.185938,31.3690223359375,31.369021687500002
1000133,11.19375,0.15,2500.0,4197.65625,41.1649456640625,63.119584,21.954638335937503,21.954637687499996
1000134,17.38125,0.15,2500.0,6517.968750000001,63.9194382421875,98.009806,34.090367757812494,34.0903670625
1000135,15.99375,0.15,2500.0,5997.65625,58.81691566406249,90.185938,31.3690223359375,31.369021687500002
1000136,23.677925,0.15,2500.0,8879.221875,87.07542120046874,133.51564499999998,46.44022379953124,46.44022464025
1000137,29.71438,0.15,2500.0,11142.892499999998,109.27444673512498,167.554151,58.27970426487501,58.2797049254
1000138,32.740425,0.15,2500.0,12277.659375000001,120.40270830984376,184.617492,64.21478369015624,64.21477972658
1000139,40.83938,0.15,2500.0,15314.7675,150.18656470387498,230.28606000000002,80.09949529612504,80.09949921407
1000140,36.25,0.15,2500.0,13593.75,133.3091484375,204.40736,71.09821156250001,71.0982125
1000141,44.5,0.15,2500.0,16687.5,163.64847187499998,250.927656,87.27918412500003,87.279185
1000142,36.25,0.15,2500.0,13593.75,133.3091484375,204.40736,71.09821156250001,71.0982125
1000143,44.5,0.15,2500.0,16687.5,163.64847187499998,250.927656,87.27918412500003,87.279185
1000144,35.277925,0.15,2500.0,13229.221875000001,129.73434870046876,198.925996,69.19164729953124,69.19165067892
1000145,37.49298,0.15,2500.0,14059.8675,137.880199618875,211.41630700000002,73.53610738112502,73.5361064634
1000146,72.5,0.15,2500.0,27187.5,266.618296875,456.87221,190.253913125,355.71171212499996
1000147,89.0,0.15,2500.0,33375.0,327.29694374999997,554.2228259999999,226.92588224999997,436.395925
1000148,36.25,0.15,2500.0,13593.75,133.3091484375,343.50586500000003,210.19671656250003,57.8984616
1000149,44.5,0.15,2500.0,16687.5,163.64847187499998,277.111412,113.46294012499999,218.1979625
1000150,36.25,0.15,2500.0,13593.75,133.3091484375,343.50586500000003,210.19671656250003,57.8984616
1000151,44.5,0.15,2500.0,16687.5,163.64847187499998,277.111412,113.46294012499999,218.1979625
1000152,36.25,0.15,2500.0,13593.75,133.3091484375,315.712837,182.40368856249998,181.423025
1000153,44.5,0.15,2500.0,16687.5,163.64847187499998,277.111412,113.46294012499999,218.1979625
1000154,41.2,0.15,2500.0,15450.000000000002,151.51274250000003,436.513604,285.0008614999999,209.37197749999999
1000155,36.25,0.15,2500.0,13593.75,133.3091484375,315.712837,182.40368856249998,181.423025
1000156,44.5,0.15,2500.0,16687.5,163.64847187499998,277.111412,113.46294012499999,218.1979625
1000157,36.25,0.15,2500.0,13593.75,133.3091484375,315.712837,182.40368856249998,181.423025
1000158,44.5,0.15,2500.0,16687.5,163.64847187499998,277.111412,113.46294012499999,218.1979625
1000159,36.25,0.15,2500.0,13593.75,133.3091484375,315.712837,182.40368856249998,181.423025
1000160,44.5,0.15,2500.0,16687.5,163.64847187499998,277.111412,113.46294012499999,218.1979625
1000161,36.25,0.15,2500.0,13593.75,133.3091484375,310.314277,177.0051285625,181.20237537499997
1000162,44.5,0.15,2500.0,16687.5,163.64847187499998,277.111412,113.46294012499999,218.1979625
1000163,18.4875,0.15,2500.0,6932.8125,67.98766570312499,115.12577999999999,47.138114296875,90.6502209375
1000164,22.695,0.15,2500.0,8510.625,83.46072065624999,141.32682,57.86609934375001,111.28096087499999
1000165,17.7625,0.15,2500.0,6660.937499999999,65.32148273437498,110.611044,45.289561265625025,87.09531031249999
1000166,21.805,0.15,2500.0,8176.875,80.18775121875,135.784592,55.59684078125001,106.917001625
1000167,36.8,0.15,2500.0,13799.999999999998,135.33176999999995,229.161797,93.83002700000006,72.176944
1000168,36.8,0.15,2500.0,13799.999999999998,135.33176999999995,229.161798,93.83002800000006,72.176944
1000169,36.8,0.15,2500.0,13799.999999999998,135.33176999999995,229.16179699999998,93.83002700000003,72.176944
1000170,36.8,0.15,2500.0,13799.999999999998,135.33176999999995,207.508714,72.17694400000005,72.176944
1000171,36.8,0.15,2500.0,13799.999999999998,135.33176999999995,207.508715,72.17694500000005,72.176944
1000172,52.6125,0.15,2500.0,19729.687499999996,193.48213992187493,296.672618,103.19047807812507,103.19047462500001
1000173,52.6125,0.15,2500.0,19729.687499999996,193.48213992187493,296.672618,103.19047807812507,103.19047462500001
1000174,59.11,0.15,2500.0,22166.25,217.37665556249996,333.310876,115.93422043750004,115.9342163
1000175,59.11,0.15,2500.0,22166.25,217.37665556249996,333.310876,115.93422043750004,115.9342163
1000176,0.336,0.15,2500.0,126.0,1.2356379,2.092347,0.8567091000000002,0.6590068800000001
1000177,0.1,0.15,2500.0,37.5,0.367749375,0.622722,0.254972625,0.196133
1000178,0.962,0.15,2500.0,360.74999999999994,3.537748987499999,5.990588,2.4528390125000006,1.88679946
1000179,0.744,0.15,2500.0,279.0,2.7360553499999996,4.633054,1.89699865,1.45922952
1000180,0.06,0.15,2500.0,22.5,0.220649625,0.373633,0.152983375,0.1176798
1000181,1.014,0.15,2500.0,380.24999999999994,3.7289786624999994,6.314404,2.5854253375000003,1.98878862
1000182,0.12,0.15,2500.0,45.0,0.44129925,0.747267,0.30596775000000004,0.2353596
1000183,0.12,0.15,2500.0,45.0,0.44129925,0.747267,0.30596775000000004,0.2353596
1000184,0.98,0.15,2500.0,367.5,3.603943875,6.102678,2.498734125,1.9221034
1000185,0.06,0.15,2500.0,22.5,0.220649625,0.373633,0.152983375,0.1176798
1000186,0.686,0.15,2500.0,257.25,2.5227607125,4.271875,1.7491142874999999,1.3454723800000001
1000187,0.008,0.15,2500.0,2.9999999999999996,0.029419949999999993,0.049818,0.020398050000000008,0.01569064
1000188,0.106,0.15,2500.0,39.74999999999999,0.3898143374999999,0.660086,0.27027166250000006,0.20790097999999999
1000189,0.268,0.15,2500.0,100.5,0.9855683249999999,1.668896,0.683327675,0.52563644
1000190,1.212,0.15,2500.0,454.5,4.457122425,7.547394,3.090271575,2.37713196
1000191,0.12,0.15,2500.0,45.0,0.44129925,0.747267,0.30596775000000004,0.2353596
1000192,0.335916,0.15,2500.0,125.96849999999999,1.2353289905249998,2.091824,0.8564950094750001,0.65884212828
1000193,0.099975,0.15,2500.0,37.490625,0.36765743765625003,0.622567,0.25490956234374995,0.19608396674999998
1000194,0.375025,0.15,2500.0,140.634375,1.3791520935937498,2.335364,0.9562119064062504,1.8388694581249998
1000195,0.4625,0.15,2500.0,173.43750000000003,1.7008408593750002,2.880091,1.179250140625,2.2677878125
1000196,0.075,0.15,2500.0,28.125,0.27581203125,0.467042,0.19122996875000003,0.367749375
1000197,0.8625,0.15,2500.0,323.4375,3.171838359375,5.37098,2.199141640625,4.2291178125
1000198,0.9375,0.15,2500.0,351.5625,3.447650390625,5.838021,2.3903706093750006,4.5968671875
1000199,1.25,0.15,2500.0,468.75,4.5968671875,7.784028,3.1871608125,6.129156249999999
1000200,1.25,0.15,2500.0,468.75,4.5968671875,7.784028,3.1871608125,6.129156249999999
1000201,1.25,0.15,2500.0,468.75,4.5968671875,7.784028,3.1871608125,6.129156249999999
1000202,0.645,0.15,2500.0,241.875,2.37198346875,4.016559,1.6445755312500001,3.162644625
1000203,0.605,0.15,2500.0,226.875,2.2248837187499997,3.76747,1.5425862812500002,2.966511625
1000204,0.082075,0.15,2500.0,30.778125,0.30183029953124996,0.511099,0.20926870046875,0.402440399375
1000205,0.005425,0.15,2500.0,2.0343750000000003,0.01995040359375,0.033783,0.013832596406250001,0.026600538125
1000206,0.0625,0.15,2500.0,23.4375,0.22984335937499997,0.389201,0.15935764062500005,0.153228875
1000207,0.60125,0.15,2500.0,225.46874999999997,2.2110931171874997,3.744118,1.5330248828125002,1.4740617774999998
1000208,0.465,0.15,2500.0,174.37500000000003,1.71003459375,2.895659,1.18562440625,1.14002283
1000209,0.0375,0.15,2500.0,14.0625,0.137906015625,0.233521,0.09561498437500002,0.09193732499999999
1000210,0.63375,0.15,2500.0,237.65625000000003,2.3306116640625,3.946502,1.6158903359375003,1.5537407925
1000211,0.075,0.15,2500.0,28.125,0.27581203125,0.467042,0.19122996875000003,0.18387464999999997
1000212,0.075,0.15,2500.0,28.125,0.27581203125,0.467042,0.19122996875000003,0.367749375
1000213,0.6125,0.15,2500.0,229.6875,2.252464921875,3.814174,1.5617090781249998,3.0032865625
1000214,0.0375,0.15,2500.0,14.0625,0.137906015625,0.233521,0.09561498437500002,0.1838746875
1000215,0.42875,0.15,2500.0,160.78125,1.5767254453125,2.669922,1.0931965546875002,2.10230059375
1000216,0.005,0.15,2500.0,1.875,0.01838746875,0.031136,0.01274853125,0.024516625
1000217,0.06625,0.15,2500.0,24.84375,0.24363396093749998,0.412554,0.1689200390625,0.32484528125
1000218,0.1675,0.15,2500.0,62.81250000000001,0.615980203125,1.04306,0.4270797968750001,0.4927841625
1000219,0.7575,0.15,2500.0,284.0625,2.785701515625,4.717121,1.9314194843749997,2.2285612125
1000220,0.075,0.15,2500.0,28.125,0.27581203125,0.467042,0.19122996875000003,0.220649625
1000221,0.0875,0.15,2500.0,32.8125,0.321780703125,0.544882,0.22310129687499997,0.25742456249999995
1000222,0.85,0.15,2500.0,318.75,3.1258696874999994,5.293139,2.1672693125000007,2.0839127
1000223,1.19,0.15,2500.0,446.25,4.3762175625,7.410395,3.0341774375000004,3.50097405
1000224,0.05,0.15,2500.0,18.75,0.1838746875,0.311361,0.1274863125,0.1225831
1000225,0.07,0.15,2500.0,26.25,0.25742456249999995,0.435906,0.17848143750000006,0.20593965
1000226,0.675,0.15,2500.0,253.12500000000003,2.4823082812500004,4.203375,1.72106671875,1.65487185
1000227,0.945,0.15,2500.0,354.37499999999994,3.4752315937499993,5.884725,2.409493406250001,2.7801852749999996
1000228,0.1,0.15,2500.0,37.5,0.367749375,0.622722,0.254972625,0.2451662
1000229,0.14,0.15,2500.0,52.5,0.5148491249999999,0.871811,0.3569618750000001,0.4118793
1000230,0.825,0.15,2500.0,309.37499999999994,3.033932343749999,5.137459,2.1035266562500006,2.0226211499999995
1000231,1.155,0.15,2500.0,433.12499999999994,4.247505281249999,7.192442,2.944936718750001,3.3980042249999998
1000232,0.0625,0.15,2500.0,23.4375,0.22984335937499997,0.389201,0.15935764062500005,0.153228875
1000233,0.60125,0.15,2500.0,225.46874999999997,2.2110931171874997,3.744118,1.5330248828125002,1.4740617774999998
1000234,0.465,0.15,2500.0,174.37500000000003,1.71003459375,2.895659,1.18562440625,1.14002283
1000235,0.0375,0.15,2500.0,14.0625,0.137906015625,0.233521,0.09561498437500002,0.09193732499999999
1000236,0.63375,0.15,2500.0,237.65625000000003,2.3306116640625,3.946502,1.6158903359375003,1.5537407925
1000237,0.075,0.15,2500.0,28.125,0.27581203125,0.467042,0.19122996875000003,0.18387464999999997
1000238,0.075,0.15,2500.0,28.125,0.27581203125,0.467042,0.19122996875000003,0.367749375
1000239,0.6125,0.15,2500.0,229.6875,2.252464921875,3.814174,1.5617090781249998,3.0032865625
1000240,0.0375,0.15,2500.0,14.0625,0.137906015625,0.233521,0.09561498437500002,0.1103248125
1000241,0.42875,0.15,2500.0,160.78125,1.5767254453125,2.669922,1.0931965546875002,1.2613803562500001
1000242,0.005,0.15,2500.0,1.875,0.01838746875,0.031136,0.01274853125,0.014709975
1000243,0.06625,0.15,2500.0,24.84375,0.24363396093749998,0.412554,0.1689200390625,0.19490716875
1000244,0.1675,0.15,2500.0,62.81250000000001,0.615980203125,1.04306,0.4270797968750001,0.4927841625
1000245,0.7575,0.15,2500.0,284.0625,2.785701515625,4.717121,1.9314194843749997,2.2285612125
1000246,0.075,0.15,2500.0,28.125,0.27581203125,0.467042,0.19122996875000003,0.220649625
1000247,0.0875,0.15,2500.0,32.8125,0.321780703125,0.544882,0.22310129687499997,0.25742456249999995
1000248,0.336,0.15,2500.0,126.0,1.2356379,2.092347,0.8567091000000002,0.6590068800000001
1000249,0.1,0.15,2500.0,37.5,0.367749375,0.622722,0.254972625,0.196133
1000250,0.962,0.15,2500.0,360.74999999999994,3.537748987499999,5.990588,2.4528390125000006,1.88679946
1000251,0.744,0.15,2500.0,279.0,2.7360553499999996,4.633054,1.89699865,1.45922952
1000252,0.06,0.15,2500.0,22.5,0.220649625,0.373633,0.152983375,0.1176798
1000253,1.014,0.15,2500.0,380.24999999999994,3.7289786624999994,6.314404,2.5854253375000003,1.98878862
1000254,0.12,0.15,2500.0,45.0,0.44129925,0.747267,0.30596775000000004,0.2353596
1000255,0.12,0.15,2500.0,45.0,0.44129925,0.747267,0.30596775000000004,0.2353596
1000256,0.98,0.15,2500.0,367.5,3.603943875,6.102678,2.498734125,1.9221034
1000257,0.06,0.15,2500.0,22.5,0.220649625,0.373633,0.152983375,0.1176798
1000258,0.686,0.15,2500.0,257.25,2.5227607125,4.271875,1.7491142874999999,1.3454723800000001
1000259,0.008,0.15,2500.0,2.9999999999999996,0.029419949999999993,0.049818,0.020398050000000008,0.01569064
1000260,0.106,0.15,2500.0,39.74999999999999,0.3898143374999999,0.660086,0.27027166250000006,0.20790097999999999
1000261,0.04,0.15,2500.0,15.0,0.14709975,0.249089,0.10198925,0.0784532
1000262,0.228,0.15,2500.0,85.5,0.8384685749999999,1.419807,0.5813384250000001,0.44718324000000004
1000263,1.212,0.15,2500.0,454.5,4.457122425,7.547394,3.090271575,2.37713196
1000264,0.12,0.15,2500.0,45.0,0.44129925,0.747267,0.30596775000000004,0.2353596
1000265,0.335916,0.15,2500.0,125.96849999999999,1.2353289905249998,2.091824,0.8564950094750001,0.65884212828
1000266,0.099975,0.15,2500.0,37.490625,0.36765743765625003,0.622567,0.25490956234374995,0.19608396674999998
1000267,0.375025,0.15,2500.0,140.634375,1.3791520935937498,2.335364,0.9562119064062504,1.8388694581249998
1000268,0.4625,0.15,2500.0,173.43750000000003,1.7008408593750002,2.880091,1.179250140625,2.2677878125
1000269,0.075,0.15,2500.0,28.125,0.27581203125,0.467042,0.19122996875000003,0.367749375
1000270,0.8625,0.15,2500.0,323.4375,3.171838359375,5.37098,2.199141640625,4.2291178125
1000271,0.9375,0.15,2500.0,351.5625,3.447650390625,5.838021,2.3903706093750006,4.5968671875
1000272,1.25,0.15,2500.0,468.75,4.5968671875,7.784028,3.1871608125,6.129156249999999
1000273,1.25,0.15,2500.0,468.75,4.5968671875,7.784028,3.1871608125,6.129156249999999
1000274,1.25,0.15,2500.0,468.75,4.5968671875,7.784028,3.1871608125,6.129156249999999
1000275,0.645,0.15,2500.0,241.875,2.37198346875,4.016559,1.6445755312500001,3.162644625
1000276,0.605,0.15,2500.0,226.875,2.2248837187499997,3.76747,1.5425862812500002,2.966511625
1000277,0.082075,0.15,2500.0,30.778125,0.30183029953124996,0.511099,0.20926870046875,0.402440399375
1000278,0.005425,0.15,2500.0,2.0343750000000003,0.01995040359375,0.033783,0.013832596406250001,0.026600538125
1000279,0.0625,0.15,2500.0,23.4375,0.22984335937499997,0.389201,0.15935764062500005,0.153228875
1000280,0.60125,0.15,2500.0,225.46874999999997,2.2110931171874997,3.744118,1.5330248828125002,1.4740617774999998
1000281,0.465,0.15,2500.0,174.37500000000003,1.71003459375,2.895659,1.18562440625,1.14002283
1000282,0.0375,0.15,2500.0,14.0625,0.137906015625,0.233521,0.09561498437500002,0.09193732499999999
1000283,0.63375,0.15,2500.0,237.65625000000003,2.3306116640625,3.946502,1.6158903359375003,1.5537407925
1000284,0.075,0.15,2500.0,28.125,0.27581203125,0.467042,0.19122996875000003,0.18387464999999997
1000285,0.075,0.15,2500.0,28.125,0.27581203125,0.467042,0.19122996875000003,0.367749375
1000286,0.6125,0.15,2500.0,229.6875,2.252464921875,3.814174,1.5617090781249998,3.0032865625
1000287,0.0375,0.15,2500.0,14.0625,0.137906015625,0.233521,0.09561498437500002,0.1838746875
1000288,0.42875,0.15,2500.0,160.78125,1.5767254453125,2.669922,1.0931965546875002,2.10230059375
1000289,0.005,0.15,2500.0,1.875,0.01838746875,0.031136,0.01274853125,0.024516625
1000290,0.06625,0.15,2500.0,24.84375,0.24363396093749998,0.412554,0.1689200390625,0.32484528125
1000291,0.025,0.15,2500.0,9.375,0.09193734375,0.155681,0.06374365625000002,0.073549875
1000292,0.1425,0.15,2500.0,53.43749999999999,0.524042859375,0.887379,0.3633361406250001,0.41923428749999997
1000293,0.7575,0.15,2500.0,284.0625,2.785701515625,4.717121,1.9314194843749997,2.2285612125
1000294,0.075,0.15,2500.0,28.125,0.27581203125,0.467042,0.19122996875000003,0.220649625
1000295,0.85,0.15,2500.0,318.75,3.1258696874999994,5.293139,2.1672693125000007,2.0839127
1000296,0.05,0.15,2500.0,18.75,0.1838746875,0.311361,0.1274863125,0.1225831
1000297,0.675,0.15,2500.0,253.12500000000003,2.4823082812500004,4.203375,1.72106671875,1.65487185
1000298,0.025,0.15,2500.0,9.375,0.09193734375,0.155681,0.06374365625000002,0.06129155
1000299,0.075,0.15,2500.0,28.125,0.27581203125,0.467042,0.19122996875000003,0.18387464999999997
1000300,0.75,0.15,2500.0,281.25,2.7581203124999996,4.670417,1.9122966875,1.8387464999999998
1000301,0.09,0.15,2500.0,33.75,0.33097443749999994,0.56045,0.22947556250000006,0.3530394
1000302,0.909,0.15,2500.0,340.875,3.3428418187499997,5.660545,2.31770318125,3.56569794
1000303,0.252,0.15,2500.0,94.5,0.9267284249999999,1.56926,0.6425315750000002,0.98851032
1000304,0.075,0.15,2500.0,28.125,0.27581203125,0.467042,0.19122996875000003,0.18387464999999997
1000305,0.075,0.15,2500.0,28.125,0.27581203125,0.467042,0.19122996875000003,0.2941995
1000306,1.425,0.15,2500.0,534.375,5.24042859375,8.873792,3.63336340625,5.5897905
1000307,0.747,0.15,2500.0,280.125,2.74708783125,4.651735,1.9046471687500004,2.9302270200000002
1000308,0.09,0.15,2500.0,33.75,0.33097443749999994,0.56045,0.22947556250000006,0.3530394
1000309,0.909,0.15,2500.0,340.875,3.3428418187499997,5.660545,2.31770318125,3.56569794
1000310,0.252,0.15,2500.0,94.5,0.9267284249999999,1.56926,0.6425315750000002,0.98851032
1000311,0.075,0.15,2500.0,28.125,0.27581203125,0.467042,0.19122996875000003,0.2941995
1000312,0.5525,0.15,2500.0,207.18749999999997,2.0318152968749996,3.440541,1.4087257031250005,2.16726965
1000313,1.25,0.15,2500.0,468.75,4.5968671875,7.784028,3.1871608125,4.903325
1000314,1.25,0.15,2500.0,468.75,4.5968671875,7.784028,3.1871608125,4.903325
1000315,1.25,0.15,2500.0,468.75,4.5968671875,7.784028,3.1871608125,4.903325
1000316,1.175,0.15,2500.0,440.625,4.32105515625,7.316987,2.99593184375,4.6091255
1000317,0.075,0.15,2500.0,28.125,0.27581203125,0.467042,0.19122996875000003,0.367749375
1000318,1.25,0.15,2500.0,468.75,4.5968671875,7.784028,3.1871608125,6.129156249999999
1000319,0.075,0.15,2500.0,28.125,0.27581203125,0.467042,0.19122996875000003,0.367749375
1000320,0.7215,0.15,2500.0,270.5625,2.653311740625,4.492941,1.839629259375,3.5377489875
1000321,0.558,0.15,2500.0,209.25000000000003,2.0520415124999998,3.47479,1.4227484875000003,2.73605535
1000322,0.045,0.15,2500.0,16.875,0.16548721874999997,0.280225,0.11473778125000003,0.220649625
1000323,0.7605,0.15,2500.0,285.18749999999994,2.796733996874999,4.735803,1.9390690031250006,3.7289786624999994
1000324,0.09,0.15,2500.0,33.75,0.33097443749999994,0.56045,0.22947556250000006,0.44129925
1000325,0.09,0.15,2500.0,33.75,0.33097443749999994,0.56045,0.22947556250000006,0.44129925
1000326,0.735,0.15,2500.0,275.625,2.7029579062499995,4.577009,1.8740510937500008,3.6039438749999997
1000327,0.045,0.15,2500.0,16.875,0.16548721874999997,0.280225,0.11473778125000003,0.132389775
1000328,0.5145,0.15,2500.0,192.93749999999997,1.8920705343749997,3.203906,1.3118354656250002,1.5136564274999997
1000329,0.006,0.15,2500.0,2.25,0.0220649625,0.037363,0.0152980375,0.01765197
1000330,0.0795,0.15,2500.0,29.8125,0.292360753125,0.495064,0.20270324687500002,0.2338886025
1000331,0.03,0.15,2500.0,11.25,0.1103248125,0.186817,0.07649218750000002,0.08825985
1000332,0.171,0.15,2500.0,64.125,0.62885143125,1.064855,0.4360035687500001,0.503081145
1000333,0.909,0.15,2500.0,340.875,3.3428418187499997,5.660545,2.31770318125,2.674273455
1000334,0.09,0.15,2500.0,33.75,0.33097443749999994,0.56045,0.22947556250000006,0.26477955
1000335,0.336,0.15,2500.0,126.0,1.2356379,2.092347,0.8567091000000002,0.6590068800000001
1000336,0.1,0.15,2500.0,37.5,0.367749375,0.622722,0.254972625,0.196133
1000337,0.962,0.15,2500.0,360.74999999999994,3.537748987499999,5.990588,2.4528390125000006,1.88679946
1000338,0.744,0.15,2500.0,279.0,2.7360553499999996,4.633054,1.89699865,1.45922952
1000339,0.06,0.15,2500.0,22.5,0.220649625,0.373633,0.152983375,0.1176798
1000340,1.014,0.15,2500.0,380.24999999999994,3.7289786624999994,6.314404,2.5854253375000003,1.98878862
1000341,0.12,0.15,2500.0,45.0,0.44129925,0.747267,0.30596775000000004,0.2353596
1000342,0.12,0.15,2500.0,45.0,0.44129925,0.747267,0.30596775000000004,0.2353596
1000343,0.98,0.15,2500.0,367.5,3.603943875,6.102678,2.498734125,1.9221034
1000344,0.06,0.15,2500.0,22.5,0.220649625,0.373633,0.152983375,0.1176798
1000345,0.686,0.15,2500.0,257.25,2.5227607125,4.271875,1.7491142874999999,1.3454723800000001
1000346,0.008,0.15,2500.0,2.9999999999999996,0.029419949999999993,0.049818,0.020398050000000008,0.01569064
1000347,0.106,0.15,2500.0,39.74999999999999,0.3898143374999999,0.660086,0.27027166250000006,0.20790097999999999
1000348,0.04,0.15,2500.0,15.0,0.14709975,0.249089,0.10198925,0.0784532
1000349,0.228,0.15,2500.0,85.5,0.8384685749999999,1.419807,0.5813384250000001,0.44718324000000004
1000350,1.212,0.15,2500.0,454.5,4.457122425,7.547394,3.090271575,2.37713196
1000351,0.12,0.15,2500.0,45.0,0.44129925,0.747267,0.30596775000000004,0.2353596
1000352,0.335916,0.15,2500.0,125.96849999999999,1.2353289905249998,2.091824,0.8564950094750001,0.65884212828
1000353,0.099975,0.15,2500.0,37.490625,0.36765743765625003,0.622567,0.25490956234374995,0.19608396674999998
1000354,0.375025,0.15,2500.0,140.634375,1.3791520935937498,2.335364,0.9562119064062504,1.8388694581249998
1000355,0.4625,0.15,2500.0,173.43750000000003,1.7008408593750002,2.880091,1.179250140625,2.2677878125
1000356,0.075,0.15,2500.0,28.125,0.27581203125,0.467042,0.19122996875000003,0.367749375
1000357,0.8625,0.15,2500.0,323.4375,3.171838359375,5.37098,2.199141640625,4.2291178125
1000358,0.9375,0.15,2500.0,351.5625,3.447650390625,5.838021,2.3903706093750006,4.5968671875
1000359,1.25,0.15,2500.0,468.75,4.5968671875,7.784028,3.1871608125,6.129156249999999
1000360,1.25,0.15,2500.0,468.75,4.5968671875,7.784028,3.1871608125,6.129156249999999
1000361,1.25,0.15,2500.0,468.75,4.5968671875,7.784028,3.1871608125,6.129156249999999
1000362,0.645,0.15,2500.0,241.875,2.37198346875,4.016559,1.6445755312500001,3.162644625
1000363,0.605,0.15,2500.0,226.875,2.2248837187499997,3.76747,1.5425862812500002,2.966511625
1000364,0.082075,0.15,2500.0,30.778125,0.30183029953124996,0.511099,0.20926870046875,0.402440399375
1000365,0.005425,0.15,2500.0,2.0343750000000003,0.01995040359375,0.033783,0.013832596406250001,0.026600538125
1000366,0.0625,0.15,2500.0,23.4375,0.22984335937499997,0.389201,0.15935764062500005,0.153228875
1000367,0.60125,0.15,2500.0,225.46874999999997,2.2110931171874997,3.744118,1.5330248828125002,1.4740617774999998
1000368,0.465,0.15,2500.0,174.37500000000003,1.71003459375,2.895659,1.18562440625,1.14002283
1000369,0.0375,0.15,2500.0,14.0625,0.137906015625,0.233521,0.09561498437500002,0.09193732499999999
1000370,0.63375,0.15,2500.0,237.65625000000003,2.3306116640625,3.946502,1.6158903359375003,1.5537407925
1000371,0.075,0.15,2500.0,28.125,0.27581203125,0.467042,0.19122996875000003,0.18387464999999997
1000372,0.075,0.15,2500.0,28.125,0.27581203125,0.467042,0.19122996875000003,0.367749375
1000373,0.6125,0.15,2500.0,229.6875,2.252464921875,3.814174,1.5617090781249998,3.0032865625
1000374,0.0375,0.15,2500.0,14.0625,0.137906015625,0.233521,0.09561498437500002,0.1838746875
1000375,0.42875,0.15,2500.0,160.78125,1.5767254453125,2.669922,1.0931965546875002,2.10230059375
1000376,0.005,0.15,2500.0,1.875,0.01838746875,0.031136,0.01274853125,0.024516625
1000377,0.06625,0.15,2500.0,24.84375,0.24363396093749998,0.412554,0.1689200390625,0.32484528125
1000378,0.025,0.15,2500.0,9.375,0.09193734375,0.155681,0.06374365625000002,0.073549875
1000379,0.1425,0.15,2500.0,53.43749999999999,0.524042859375,0.887379,0.3633361406250001,0.41923428749999997
1000380,0.7575,0.15,2500.0,284.0625,2.785701515625,4.717121,1.9314194843749997,2.2285612125
1000381,0.075,0.15,2500.0,28.125,0.27581203125,0.467042,0.19122996875000003,0.220649625
1000382,0.85,0.15,2500.0,318.75,3.1258696874999994,5.293139,2.1672693125000007,2.0839127
1000383,0.05,0.15,2500.0,18.75,0.1838746875,0.311361,0.1274863125,0.1225831
1000384,0.675,0.15,2500.0,253.12500000000003,2.4823082812500004,4.203375,1.72106671875,1.65487185
1000385,0.025,0.15,2500.0,9.375,0.09193734375,0.155681,0.06374365625000002,0.06129155
1000386,0.075,0.15,2500.0,28.125,0.27581203125,0.467042,0.19122996875000003,0.18387464999999997
1000387,0.75,0.15,2500.0,281.25,2.7581203124999996,4.670417,1.9122966875,1.8387464999999998
1000388,0.09,0.15,2500.0,33.75,0.33097443749999994,0.56045,0.22947556250000006,0.44129925
1000389,0.486,0.15,2500.0,182.24999999999997,1.7872619624999995,3.02643,1.2391680375000005,2.38301595
1000390,0.012,0.15,2500.0,4.5,0.044129925,0.074727,0.030597075,0.0588399
1000391,0.411,0.15,2500.0,154.125,1.51144993125,2.559389,1.0479390687499999,2.0152665749999996
1000392,0.252,0.15,2500.0,94.5,0.9267284249999999,1.56926,0.6425315750000002,1.2356379
1000393,0.075,0.15,2500.0,28.125,0.27581203125,0.467042,0.19122996875000003,0.18387464999999997
1000394,0.075,0.15,2500.0,28.125,0.27581203125,0.467042,0.19122996875000003,0.367749375
1000395,1.425,0.15,2500.0,534.375,5.24042859375,8.873792,3.63336340625,6.987238125
1000396,0.747,0.15,2500.0,280.125,2.74708783125,4.651735,1.9046471687500004,3.662783775
1000397,0.09,0.15,2500.0,33.75,0.33097443749999994,0.56045,0.22947556250000006,0.44129925
1000398,0.486,0.15,2500.0,182.24999999999997,1.7872619624999995,3.02643,1.2391680375000005,2.38301595
1000399,0.012,0.15,2500.0,4.5,0.044129925,0.074727,0.030597075,0.0588399
1000400,0.411,0.15,2500.0,154.125,1.51144993125,2.559389,1.0479390687499999,2.0152665749999996
1000401,0.252,0.15,2500.0,94.5,0.9267284249999999,1.56926,0.6425315750000002,1.2356379
1000402,0.075,0.15,2500.0,28.125,0.27581203125,0.467042,0.19122996875000003,0.2941995
1000403,0.4775,0.15,2500.0,179.06249999999997,1.7560032656249995,2.973499,1.2174957343750004,1.87307015
1000404,0.012,0.15,2500.0,4.5,0.044129925,0.074727,0.030597075,0.0588399
1000405,0.411,0.15,2500.0,154.125,1.51144993125,2.559389,1.0479390687499999,2.0152665749999996
1000406,0.252,0.15,2500.0,94.5,0.9267284249999999,1.56926,0.6425315750000002,1.2356379
1000407,0.075,0.15,2500.0,28.125,0.27581203125,0.467042,0.19122996875000003,0.2941995
1000408,0.2,0.15,2500.0,75.0,0.73549875,1.245445,0.5099462499999999,0.980665
1000409,0.2,0.15,2500.0,75.0,0.73549875,1.245445,0.5099462499999999,0.980665
1000410,0.012,0.15,2500.0,4.5,0.044129925,0.074727,0.030597075,0.0588399
1000411,0.411,0.15,2500.0,154.125,1.51144993125,2.559389,1.0479390687499999,2.0152665749999996
1000412,0.252,0.15,2500.0,94.5,0.9267284249999999,1.56926,0.6425315750000002,1.2356379
1000413,0.075,0.15,2500.0,28.125,0.27581203125,0.467042,0.19122996875000003,0.2941995
1000414,1.175,0.15,2500.0,440.625,4.32105515625,7.316987,2.99593184375,4.6091255
1000415,1.25,0.15,2500.0,468.75,4.5968671875,7.784028,3.1871608125,4.903325
1000416,1.25,0.15,2500.0,468.75,4.5968671875,7.784028,3.1871608125,4.903325
1000417,0.075,0.15,2500.0,28.125,0.27581203125,0.467042,0.19122996875000003,0.2941995
1000418,0.7215,0.15,2500.0,270.5625,2.653311740625,4.492941,1.839629259375,2.83019919
1000419,0.558,0.15,2500.0,209.25000000000003,2.0520415124999998,3.47479,1.4227484875000003,2.18884428
1000420,0.045,0.15,2500.0,16.875,0.16548721874999997,0.280225,0.11473778125000003,0.1765197
1000421,0.7605,0.15,2500.0,285.18749999999994,2.796733996874999,4.735803,1.9390690031250006,2.98318293
1000422,0.09,0.15,2500.0,33.75,0.33097443749999994,0.56045,0.22947556250000006,0.3530394
1000423,0.09,0.15,2500.0,33.75,0.33097443749999994,0.56045,0.22947556250000006,0.44129925
1000424,0.735,0.15,2500.0,275.625,2.7029579062499995,4.577009,1.8740510937500008,3.6039438749999997
1000425,0.045,0.15,2500.0,16.875,0.16548721874999997,0.280225,0.11473778125000003,0.132389775
1000426,0.5145,0.15,2500.0,192.93749999999997,1.8920705343749997,3.203906,1.3118354656250002,1.5136564274999997
1000427,0.006,0.15,2500.0,2.25,0.0220649625,0.037363,0.0152980375,0.01765197
1000428,0.0795,0.15,2500.0,29.8125,0.292360753125,0.495064,0.20270324687500002,0.2338886025
1000429,0.03,0.15,2500.0,11.25,0.1103248125,0.186817,0.07649218750000002,0.08825985
1000430,0.171,0.15,2500.0,64.125,0.62885143125,1.064855,0.4360035687500001,0.503081145
1000431,0.909,0.15,2500.0,340.875,3.3428418187499997,5.660545,2.31770318125,2.674273455
1000432,0.09,0.15,2500.0,33.75,0.33097443749999994,0.56045,0.22947556250000006,0.26477955
1000433,0.336,0.15,2500.0,126.0,1.2356379,2.092347,0.8567091000000002,0.6590068800000001
1000434,0.1,0.15,2500.0,37.5,0.367749375,0.622722,0.254972625,0.196133
1000435,0.962,0.15,2500.0,360.74999999999994,3.537748987499999,5.990588,2.4528390125000006,1.88679946
1000436,0.744,0.15,2500.0,279.0,2.7360553499999996,4.633054,1.89699865,1.45922952
1000437,0.06,0.15,2500.0,22.5,0.220649625,0.373633,0.152983375,0.1176798
1000438,1.014,0.15,2500.0,380.24999999999994,3.7289786624999994,6.314404,2.5854253375000003,1.98878862
1000439,0.12,0.15,2500.0,45.0,0.44129925,0.747267,0.30596775000000004,0.2353596
1000440,0.12,0.15,2500.0,45.0,0.44129925,0.747267,0.30596775000000004,0.2353596
1000441,0.98,0.15,2500.0,367.5,3.603943875,6.102678,2.498734125,1.9221034
1000442,0.06,0.15,2500.0,22.5,0.220649625,0.373633,0.152983375,0.1176798
1000443,0.686,0.15,2500.0,257.25,2.5227607125,4.271875,1.7491142874999999,1.3454723800000001
1000444,0.008,0.15,2500.0,2.9999999999999996,0.029419949999999993,0.049818,0.020398050000000008,0.01569064
1000445,0.106,0.15,2500.0,39.74999999999999,0.3898143374999999,0.660086,0.27027166250000006,0.20790097999999999
1000446,0.268,0.15,2500.0,100.5,0.9855683249999999,1.668896,0.683327675,0.52563644
1000447,1.212,0.15,2500.0,454.5,4.457122425,7.547394,3.090271575,2.37713196
1000448,0.12,0.15,2500.0,45.0,0.44129925,0.747267,0.30596775000000004,0.2353596
1000449,0.335916,0.15,2500.0,125.96849999999999,1.2353289905249998,2.091824,0.8564950094750001,0.65884212828
1000450,0.099975,0.15,2500.0,37.490625,0.36765743765625003,0.622567,0.25490956234374995,0.19608396674999998
1000451,0.375025,0.15,2500.0,140.634375,1.3791520935937498,2.335364,0.9562119064062504,1.8388694581249998
1000452,0.4625,0.15,2500.0,173.43750000000003,1.7008408593750002,2.880091,1.179250140625,2.2677878125
1000453,0.075,0.15,2500.0,28.125,0.27581203125,0.467042,0.19122996875000003,0.367749375
1000454,0.8625,0.15,2500.0,323.4375,3.171838359375,5.37098,2.199141640625,4.2291178125
1000455,0.9375,0.15,2500.0,351.5625,3.447650390625,5.838021,2.3903706093750006,4.5968671875
1000456,1.25,0.15,2500.0,468.75,4.5968671875,7.784028,3.1871608125,6.129156249999999
1000457,1.25,0.15,2500.0,468.75,4.5968671875,7.784028,3.1871608125,6.129156249999999
1000458,1.25,0.15,2500.0,468.75,4.5968671875,7.784028,3.1871608125,6.129156249999999
1000459,0.645,0.15,2500.0,241.875,2.37198346875,4.016559,1.6445755312500001,3.162644625
1000460,0.605,0.15,2500.0,226.875,2.2248837187499997,3.76747,1.5425862812500002,2.966511625
1000461,0.082075,0.15,2500.0,30.778125,0.30183029953124996,0.511099,0.20926870046875,0.402440399375
1000462,0.005425,0.15,2500.0,2.0343750000000003,0.01995040359375,0.033783,0.013832596406250001,0.026600538125
1000463,0.0625,0.15,2500.0,23.4375,0.22984335937499997,0.389201,0.15935764062500005,0.153228875
1000464,0.60125,0.15,2500.0,225.46874999999997,2.2110931171874997,3.744118,1.5330248828125002,1.4740617774999998
1000465,0.465,0.15,2500.0,174.37500000000003,1.71003459375,2.895659,1.18562440625,1.14002283
1000466,0.0375,0.15,2500.0,14.0625,0.137906015625,0.233521,0.09561498437500002,0.09193732499999999
1000467,0.63375,0.15,2500.0,237.65625000000003,2.3306116640625,3.946502,1.6158903359375003,1.5537407925
1000468,0.075,0.15,2500.0,28.125,0.27581203125,0.467042,0.19122996875000003,0.18387464999999997
1000469,0.075,0.15,2500.0,28.125,0.27581203125,0.467042,0.19122996875000003,0.367749375
1000470,0.6125,0.15,2500.0,229.6875,2.252464921875,3.814174,1.5617090781249998,3.0032865625
1000471,0.0375,0.15,2500.0,14.0625,0.137906015625,0.233521,0.09561498437500002,0.1838746875
1000472,0.42875,0.15,2500.0,160.78125,1.5767254453125,2.669922,1.0931965546875002,2.10230059375
1000473,0.005,0.15,2500.0,1.875,0.01838746875,0.031136,0.01274853125,0.024516625
1000474,0.06625,0.15,2500.0,24.84375,0.24363396093749998,0.412554,0.1689200390625,0.32484528125
1000475,0.1675,0.15,2500.0,62.81250000000001,0.615980203125,1.04306,0.4270797968750001,0.4927841625
1000476,0.7575,0.15,2500.0,284.0625,2.785701515625,4.717121,1.9314194843749997,2.2285612125
1000477,0.075,0.15,2500.0,28.125,0.27581203125,0.467042,0.19122996875000003,0.220649625
1000478,0.85,0.15,2500.0,318.75,3.1258696874999994,5.293139,2.1672693125000007,2.0839127
1000479,0.05,0.15,2500.0,18.75,0.1838746875,0.311361,0.1274863125,0.1225831
1000480,0.675,0.15,2500.0,253.12500000000003,2.4823082812500004,4.203375,1.72106671875,1.65487185
1000481,0.1,0.15,2500.0,37.5,0.367749375,0.622722,0.254972625,0.2451662
1000482,0.75,0.15,2500.0,281.25,2.7581203124999996,4.670417,1.9122966875,1.8387464999999998
1000483,0.09,0.15,2500.0,33.75,0.33097443749999994,0.56045,0.22947556250000006,0.44129925
1000484,0.393,0.15,2500.0,147.375,1.44525504375,2.447299,1.00204395625,1.927006725
1000485,0.018,0.15,2500.0,6.749999999999999,0.0661948875,0.11209,0.0458951125,0.08825984999999999
1000486,0.252,0.15,2500.0,94.5,0.9267284249999999,1.56926,0.6425315750000002,1.2356379
1000487,0.075,0.15,2500.0,28.125,0.27581203125,0.467042,0.19122996875000003,0.18387464999999997
1000488,0.075,0.15,2500.0,28.125,0.27581203125,0.467042,0.19122996875000003,0.367749375
1000489,0.585,0.15,2500.0,219.375,2.15133384375,3.642925,1.4915911562500002,2.8684451249999996
1000490,0.09,0.15,2500.0,33.75,0.33097443749999994,0.56045,0.22947556250000006,0.44129925
1000491,0.393,0.15,2500.0,147.375,1.44525504375,2.447299,1.00204395625,1.927006725
1000492,0.018,0.15,2500.0,6.749999999999999,0.0661948875,0.11209,0.0458951125,0.08825984999999999
1000493,0.252,0.15,2500.0,94.5,0.9267284249999999,1.56926,0.6425315750000002,1.2356379
1000494,0.075,0.15,2500.0,28.125,0.27581203125,0.467042,0.19122996875000003,0.220649625
1000495,0.625,0.15,2500.0,234.375,2.29843359375,3.892014,1.59358040625,1.838746875
1000496,1.175,0.15,2500.0,440.625,4.32105515625,7.316987,2.99593184375,3.456844125
1000497,0.09,0.15,2500.0,33.75,0.33097443749999994,0.56045,0.22947556250000006,0.26477955
1000498,0.408,0.15,2500.0,152.99999999999997,1.5004174499999996,2.540707,1.0402895500000002,1.2003339599999998
1000499,0.09,0.15,2500.0,33.75,0.33097443749999994,0.56045,0.22947556250000006,0.26477955
1000500,0.393,0.15,2500.0,147.375,1.44525504375,2.447299,1.00204395625,1.156204035
1000501,0.018,0.15,2500.0,6.749999999999999,0.0661948875,0.11209,0.0458951125,0.052955909999999995
1000502,0.252,0.15,2500.0,94.5,0.9267284249999999,1.56926,0.6425315750000002,0.7413827399999999
1000503,0.075,0.15,2500.0,28.125,0.27581203125,0.467042,0.19122996875000003,0.220649625
1000504,1.5,0.15,2500.0,562.5,5.516240624999999,9.340834,3.824593375,4.4129925
1000505,1.5,0.15,2500.0,562.5,5.516240624999999,9.340834,3.824593375,4.4129925
1000506,0.09,0.15,2500.0,33.75,0.33097443749999994,0.56045,0.22947556250000006,0.26477955
1000507,0.408,0.15,2500.0,152.99999999999997,1.5004174499999996,2.540707,1.0402895500000002,1.2003339599999998
1000508,0.09,0.15,2500.0,33.75,0.33097443749999994,0.56045,0.22947556250000006,0.26477955
1000509,0.393,0.15,2500.0,147.375,1.44525504375,2.447299,1.00204395625,1.156204035
1000510,0.018,0.15,2500.0,6.749999999999999,0.0661948875,0.11209,0.0458951125,0.052955909999999995
1000511,0.252,0.15,2500.0,94.5,0.9267284249999999,1.56926,0.6425315750000002,0.7413827399999999
1000512,0.075,0.15,2500.0,28.125,0.27581203125,0.467042,0.19122996875000003,0.220649625
1000513,1.175,0.15,2500.0,440.625,4.32105515625,7.316987,2.99593184375,3.456844125
1000514,1.25,0.15,2500.0,468.75,4.5968671875,7.784028,3.1871608125,3.67749375
1000515,1.1625,0.15,2500.0,435.9375,4.275086484375,7.239146,2.9640595156250003,3.4200691875
1000516,0.021,0.15,2500.0,7.875,0.07722736875,0.118415,0.04118763125000001,0.041187930000000005
1000517,0.294,0.15,2500.0,110.24999999999999,1.0811831624999997,1.657814,0.5766308375000002,0.57663102
1000518,0.0875,0.15,2500.0,32.8125,0.321780703125,0.544882,0.22310129687499997,0.25742456249999995
1000519,0.153,0.15,2500.0,57.37499999999999,0.5626565437499998,0.86274,0.3000834562500001,0.30008349
1000520,2.142,0.15,2500.0,803.2499999999999,7.877191612499998,12.07836,4.201168387500002,4.20116886
1000521,0.6375,0.15,2500.0,239.06249999999997,2.3444022656249994,3.969855,1.6254527343750005,1.8755218124999997
1000522,0.147,0.15,2500.0,55.12499999999999,0.5405915812499998,0.828907,0.2883154187500001,0.28831551
1000523,2.058,0.15,2500.0,771.7499999999999,7.568282137499999,11.604699,4.036416862500001,4.036417139999999
1000524,0.6125,0.15,2500.0,229.6875,2.252464921875,3.814174,1.5617090781249998,1.8019719375
1000525,0.018,0.15,2500.0,6.749999999999999,0.0661948875,0.101499,0.03530411250000001,0.03530394
1000526,0.252,0.15,2500.0,94.5,0.9267284249999999,1.420984,0.49425557500000017,0.49425516
1000527,0.075,0.15,2500.0,28.125,0.27581203125,0.467042,0.19122996875000003,0.220649625
1000528,0.7215,0.15,2500.0,270.5625,2.653311740625,4.492941,1.839629259375,2.1226493925
1000529,0.558,0.15,2500.0,209.25000000000003,2.0520415124999998,3.47479,1.4227484875000003,1.6416332100000002
1000530,0.045,0.15,2500.0,16.875,0.16548721874999997,0.280225,0.11473778125000003,0.132389775
1000531,0.7605,0.15,2500.0,285.18749999999994,2.796733996874999,4.735803,1.9390690031250006,2.2373871975
1000532,0.09,0.15,2500.0,33.75,0.33097443749999994,0.56045,0.22947556250000006,0.26477955
1000533,0.09,0.15,2500.0,33.75,0.33097443749999994,0.56045,0.22947556250000006,0.26477955
1000534,0.735,0.15,2500.0,275.625,2.7029579062499995,4.577009,1.8740510937500008,2.162366325
1000535,0.045,0.15,2500.0,16.875,0.16548721874999997,0.280225,0.11473778125000003,0.132389775
1000536,0.5145,0.15,2500.0,192.93749999999997,1.8920705343749997,3.203906,1.3118354656250002,1.5136564274999997
1000537,0.006,0.15,2500.0,2.25,0.0220649625,0.037363,0.0152980375,0.01765197
1000538,0.0795,0.15,2500.0,29.8125,0.292360753125,0.495064,0.20270324687500002,0.2338886025
1000539,0.201,0.15,2500.0,75.375,0.7391762437499999,1.251672,0.51249575625,0.591340995
1000540,0.909,0.15,2500.0,340.875,3.3428418187499997,5.660545,2.31770318125,2.674273455
1000541,0.09,0.15,2500.0,33.75,0.33097443749999994,0.56045,0.22947556250000006,0.26477955
1000542,0.051,0.15,2500.0,19.124999999999996,0.18755218124999995,0.28758,0.10002781875000005,0.10002783
1000543,0.714,0.15,2500.0,267.74999999999994,2.625730537499999,4.02612,1.4003894625000006,1.40038962
1000544,0.2125,0.15,2500.0,79.6875,0.7814674218749998,1.19825,0.4167825781250002,0.416782625
1000545,2.04425,0.15,2500.0,766.5937499999999,7.517716598437499,11.527165,4.009448401562501,4.0094488525
1000546,1.581,0.15,2500.0,592.8749999999999,5.814117618749998,8.91498,3.1008623812500016,3.10086273
1000547,0.1275,0.15,2500.0,47.8125,0.468880453125,0.71895,0.250069546875,0.250069575
1000548,2.15475,0.15,2500.0,808.0312499999999,7.924079657812499,12.150255,4.226175342187501,4.2261758175
1000549,0.255,0.15,2500.0,95.625,0.93776090625,1.4379,0.50013909375,0.50013915
1000550,0.255,0.15,2500.0,95.625,0.93776090625,1.4379,0.50013909375,0.50013915
1000551,2.0825,0.15,2500.0,780.9375,7.658380734374999,11.74285,4.0844692656250015,4.084469725
1000552,0.1275,0.15,2500.0,47.8125,0.468880453125,0.71895,0.250069546875,0.250069575
1000553,1.45775,0.15,2500.0,546.65625,5.3608665140625,8.219995,2.859128485937501,2.8591288075000003
1000554,0.017,0.15,2500.0,6.375000000000001,0.06251739375,0.09586,0.033342606250000004,0.03334261
1000555,0.22525,0.15,2500.0,84.46875,0.8283554671875,1.270145,0.4417895328125001,0.4417895825
1000556,0.5695,0.15,2500.0,213.5625,2.094332690625,3.21131,1.1169773093750002,1.1169774350000001
1000557,2.5755,0.15,2500.0,965.8124999999999,9.471385153124999,14.522791,5.051405846875001,5.051405415
1000558,0.255,0.15,2500.0,95.625,0.93776090625,1.4379,0.50013909375,0.50013915
1000559,0.336,0.15,2500.0,126.0,1.2356379,1.894645,0.6590071,0.6590068800000001
1000560,0.1,0.15,2500.0,37.5,0.367749375,0.563882,0.196132625,0.196133
1000561,0.1,0.15,2500.0,37.5,0.367749375,0.563882,0.196132625,0.196133
1000562,1.606,0.15,2500.0,602.25,5.9060549625,9.055951,3.1498960375000005,3.14989598
1000563,0.06,0.15,2500.0,22.5,0.220649625,0.338329,0.117679375,0.1176798
1000564,0.224,0.15,2500.0,84.0,0.8237586,1.263097,0.4393383999999999,0.43933792
1000565,0.79,0.15,2500.0,296.25,2.9052200625,4.454671,1.5494509375,1.5494507000000002
1000566,0.12,0.15,2500.0,45.0,0.44129925,0.676659,0.23535975000000003,0.2353596
1000567,0.12,0.15,2500.0,45.0,0.44129925,0.676659,0.23535975000000003,0.2353596
1000568,0.6,0.15,2500.0,225.0,2.20649625,3.383294,1.17679775,1.176798
1000569,0.44,0.15,2500.0,165.0,1.6180972499999997,2.481082,0.8629847500000001,0.8629852
1000570,0.384,0.15,2500.0,144.0,1.4121576,2.165308,0.7531504,0.75315072
1000571,0.302,0.15,2500.0,113.25,1.1106031125,1.702925,0.5923218875,0.59232166
1000572,0.008,0.15,2500.0,2.9999999999999996,0.029419949999999993,0.045111,0.015691050000000005,0.01569064
1000573,0.374,0.15,2500.0,140.25,1.3753826624999999,2.10892,0.7335373375,0.73353742
1000574,1.212,0.15,2500.0,454.5,4.457122425,6.834254,2.377131575,2.37713196
1000575,0.12,0.15,2500.0,45.0,0.44129925,0.676659,0.23535975000000003,0.2353596
1000576,0.335916,0.15,2500.0,125.96849999999999,1.2353289905249998,1.894171,0.6588420094750003,0.65884212828
1000577,0.099975,0.15,2500.0,37.490625,0.36765743765625003,0.563741,0.19608356234375002,0.19608396674999998
1000578,0.375025,0.15,2500.0,140.634375,1.3791520935937498,2.1147,0.7355479064062502,0.73554778325
1000579,0.4625,0.15,2500.0,173.43750000000003,1.7008408593750002,2.607956,0.907115140625,0.907115125
1000580,0.075,0.15,2500.0,28.125,0.27581203125,0.422912,0.14709996875000003,0.14709975
1000581,0.8625,0.15,2500.0,323.4375,3.171838359375,4.863485,1.6916466406249997,1.691647125
1000582,0.41825,0.15,2500.0,156.84375,1.5381117609375,2.358438,0.8203262390625001,0.8203262725
1000583,0.44425,0.15,2500.0,166.59374999999997,1.6337265984374996,2.505047,0.8713204015625002,0.8713208525
1000584,0.075,0.15,2500.0,28.125,0.27581203125,0.422912,0.14709996875000003,0.14709975
1000585,0.075,0.15,2500.0,28.125,0.27581203125,0.422912,0.14709996875000003,0.14709975
1000586,0.44425,0.15,2500.0,166.59374999999997,1.6337265984374996,2.505047,0.8713204015625002,0.8713208525
1000587,0.73075,0.15,2500.0,274.03125,2.6873285578124997,4.12057,1.4332414421875002,1.4332418975
1000588,1.25,0.15,2500.0,468.75,4.5968671875,7.04853,2.4516628125000004,2.4516625
1000589,1.25,0.15,2500.0,468.75,4.5968671875,7.04853,2.4516628125000004,2.4516625
1000590,0.075,0.15,2500.0,28.125,0.27581203125,0.422912,0.14709996875000003,0.14709975
1000591,0.44425,0.15,2500.0,166.59374999999997,1.6337265984374996,2.505047,0.8713204015625002,0.8713208525
1000592,0.12575,0.15,2500.0,47.15625,0.46244483906249995,0.709082,0.24663716093750004,0.2466372475
1000593,0.605,0.15,2500.0,226.875,2.2248837187499997,3.411488,1.1866042812500002,1.18660465
1000594,0.082075,0.15,2500.0,30.778125,0.30183029953124996,0.462806,0.16097570046875004,0.16097615975
1000595,0.005425,0.15,2500.0,2.0343750000000003,0.01995040359375,0.030591,0.010640596406250001,0.01064021525
1000596,0.0625,0.15,2500.0,23.4375,0.22984335937499997,0.389201,0.15935764062500005,0.3064578125
1000597,0.0625,0.15,2500.0,23.4375,0.22984335937499997,0.389201,0.15935764062500005,0.3064578125
1000598,1.00375,0.15,2500.0,376.40624999999994,3.691284351562499,6.250575,2.5592906484375013,4.921712468749999
1000599,0.0375,0.15,2500.0,14.0625,0.137906015625,0.233521,0.09561498437500002,0.1838746875
1000600,0.14,0.15,2500.0,52.5,0.5148491249999999,0.871811,0.3569618750000001,0.6864655000000001
1000601,0.49375,0.15,2500.0,185.15625,1.8157625390624998,3.074691,1.2589284609375002,2.42101671875
1000602,0.075,0.15,2500.0,28.125,0.27581203125,0.467042,0.19122996875000003,0.367749375
1000603,0.075,0.15,2500.0,28.125,0.27581203125,0.467042,0.19122996875000003,0.367749375
1000604,0.375,0.15,2500.0,140.625,1.3790601562499998,2.335209,0.9561488437500001,1.838746875
1000605,0.275,0.15,2500.0,103.125,1.01131078125,1.712486,0.70117521875,1.348414375
1000606,0.24,0.15,2500.0,90.0,0.8825985,1.494533,0.6119344999999999,1.1767979999999998
1000607,0.18875,0.15,2500.0,70.78125,0.6941269453125,1.175388,0.48126105468750013,0.92550259375
1000608,0.005,0.15,2500.0,1.875,0.01838746875,0.031136,0.01274853125,0.024516625
1000609,0.23375,0.15,2500.0,87.65625000000001,0.8596141640625001,1.455613,0.5959988359374999,1.14615221875
1000610,0.7575,0.15,2500.0,284.0625,2.785701515625,4.717121,1.9314194843749997,3.7142686874999997
1000611,0.075,0.15,2500.0,28.125,0.27581203125,0.467042,0.19122996875000003,0.367749375
1000612,2.425,0.15,2500.0,909.3749999999999,8.917922343749998,15.101015,6.183092656250002,11.890563124999998
1000613,0.075,0.15,2500.0,28.125,0.27581203125,5.865603,5.58979096875,0.588399
1000614,0.075,0.15,2500.0,28.125,0.27581203125,5.865603,5.58979096875,0.588399
1000615,1.175,0.15,2500.0,440.625,4.32105515625,91.89444,87.57338484375,9.218251
1000616,1.175,0.15,2500.0,440.625,4.32105515625,91.89444,87.57338484375,9.218251
1000617,0.09,0.15,2500.0,33.75,0.33097443749999994,0.56045,0.22947556250000006,0.44129925
1000618,0.891,0.15,2500.0,334.125,3.2766469312499997,5.548455,2.27180806875,4.368862575
1000619,0.018,0.15,2500.0,6.749999999999999,0.0661948875,0.11209,0.0458951125,0.08825984999999999
1000620,0.252,0.15,2500.0,94.5,0.9267284249999999,1.56926,0.6425315750000002,1.2356379
1000621,0.075,0.15,2500.0,28.125,0.27581203125,5.865603,5.58979096875,0.588399
1000622,1.5,0.15,2500.0,562.5,5.516240624999999,9.340834,3.824593375,7.3549875
1000623,1.5,0.15,2500.0,562.5,5.516240624999999,9.340834,3.824593375,7.3549875
1000624,0.09,0.15,2500.0,33.75,0.33097443749999994,0.56045,0.22947556250000006,0.44129925
1000625,0.891,0.15,2500.0,334.125,3.2766469312499997,5.548455,2.27180806875,4.368862575
1000626,0.018,0.15,2500.0,6.749999999999999,0.0661948875,0.11209,0.0458951125,0.08825984999999999
1000627,0.252,0.15,2500.0,94.5,0.9267284249999999,1.56926,0.6425315750000002,1.2356379
1000628,0.075,0.15,2500.0,28.125,0.27581203125,5.865603,5.58979096875,0.588399
1000629,1.175,0.15,2500.0,440.625,4.32105515625,91.89444,87.57338484375,9.218251
1000630,1.25,0.15,2500.0,468.75,4.5968671875,97.760042,93.1631748125,9.80665
1000631,1.175,0.15,2500.0,440.625,4.32105515625,91.89444,87.57338484375,9.218251
1000632,0.018,0.15,2500.0,6.749999999999999,0.0661948875,0.11209,0.0458951125,0.08825984999999999
1000633,0.252,0.15,2500.0,94.5,0.9267284249999999,1.56926,0.6425315750000002,1.2356379
1000634,0.075,0.15,2500.0,28.125,0.27581203125,0.467042,0.19122996875000003,0.367749375
1000635,0.153,0.15,2500.0,57.37499999999999,0.5626565437499998,0.952765,0.3901084562500001,0.7502087249999999
1000636,2.142,0.15,2500.0,803.2499999999999,7.877191612499998,13.338711,5.461519387500002,10.502922149999998
1000637,0.6375,0.15,2500.0,239.06249999999997,2.3444022656249994,3.969855,1.6254527343750005,3.1258696874999994
1000638,0.147,0.15,2500.0,55.12499999999999,0.5405915812499998,0.915402,0.3748104187500002,0.7207887749999999
1000639,2.058,0.15,2500.0,771.7499999999999,7.568282137499999,12.815624,5.247341862500001,10.09104285
1000640,0.6125,0.15,2500.0,229.6875,2.252464921875,3.814174,1.5617090781249998,3.0032865625
1000641,0.069,0.15,2500.0,25.875,0.25374706874999997,0.429678,0.17593093125000003,0.338329425
1000642,0.966,0.15,2500.0,362.25,3.5524589625,6.015497,2.4630380375,4.7366119499999995
1000643,0.2875,0.15,2500.0,107.81249999999999,1.0572794531249996,1.790327,0.7330475468750004,1.4097059374999998
1000644,0.2875,0.15,2500.0,107.81249999999999,1.0572794531249996,1.790327,0.7330475468750004,1.4097059374999998
1000645,4.61725,0.15,2500.0,1731.46875,16.979908017187498,28.752644,11.772735982812502,22.63987735625
1000646,0.1725,0.15,2500.0,64.6875,0.634367671875,1.074196,0.43982832812499995,0.8458235624999999
1000647,0.644,0.15,2500.0,241.5,2.3683059749999997,4.010331,1.6420250250000001,3.1577413
1000648,2.27125,0.15,2500.0,851.7187500000001,8.3525076796875,14.14358,5.7910723203125,11.13667690625
1000649,0.345,0.15,2500.0,129.375,1.26873534375,2.148392,0.8796566562499999,1.6916471249999998
1000650,0.345,0.15,2500.0,129.375,1.26873534375,2.148392,0.8796566562499999,1.6916471249999998
1000651,1.725,0.15,2500.0,646.875,6.34367671875,10.741959,4.398282281249999,8.458235625
1000652,1.265,0.15,2500.0,474.37499999999994,4.652029593749999,7.877437,3.2254074062500004,6.202706124999999
1000653,1.104,0.15,2500.0,414.0,4.0599530999999995,6.874854,2.8149009000000005,5.4132708
1000654,0.86825,0.15,2500.0,325.59374999999994,3.192983948437499,5.406786,2.213802051562501,4.257311931249999
1000655,0.023,0.15,2500.0,8.625,0.08458235624999999,0.143226,0.05864364375,0.11277647499999999
1000656,1.07525,0.15,2500.0,403.21875,3.9542251546875,6.695821,2.7415958453125,5.27230020625
1000657,3.4845,0.15,2500.0,1306.6875,12.814226971875,21.698758,8.884531028125002,17.0856359625
1000658,0.345,0.15,2500.0,129.375,1.26873534375,2.148392,0.8796566562499999,1.6916471249999998
