caso,bloque,z_m,cm_x_m,cm_y_m,fuerza_kN,ux_cm_m,uy_cm_m,rz_rad,ux_master_m,uy_master_m,master_x_m,master_y_m
G,LT1,3.96,9.581286738801698,8.280217117998859,0.0,8.507000030402408e-13,8.029774404398297e-13,-9.435937280519234e-15,7.725683936457219e-13,8.933858611738332e-13,0.0,0.0
G,LT2,3.96,-17.6408629658982,8.281091931580269,0.0,-2.330615770987644e-06,1.2974899308347886e-05,-5.075789541574772e-12,-2.330657804067463e-06,1.2974970568052817e-05,-31.679999999999996,0.0
G,LT1,7.92,21.47951562275455,7.880785872667446,0.0,-5.436615481185405e-06,1.645230465083784e-05,-4.783487109791977e-10,-5.440385244949099e-06,1.646257934944844e-05,0.0,0.0
G,LT2,7.92,-17.894092051651988,8.299402816317036,0.0,1.294050894530637e-05,3.725206224253216e-05,-5.717441005732757e-12,1.2940461928485901e-05,3.725214317810074e-05,-32.05,0.07599999999999985
G,LT1,11.88,20.881144798066217,7.468772582357824,0.0,4.6294881419367196e-05,5.48081440880461e-05,5.918708767381356e-07,5.071543039584507e-05,4.244920260911869e-05,0.0,0.0
G,LT2,11.88,-17.89378631441425,8.300052781071832,0.0,6.338331994843332e-05,7.526049141438246e-05,-7.927951603981835e-12,6.338325937053667e-05,7.526060364415946e-05,-32.05,0.6589999999999998
G,LT1,15.84,23.810153513520955,7.538736994116187,0.0,0.00018734504343489533,0.00012660574526346892,7.603632685507528e-11,0.0001873456166527655,0.0001266039348268539,0.0,0.0
G,LT2,15.84,-17.713412956672663,8.33120675955472,0.0,0.00018734564154458674,0.00012660366648808554,1.5579736689883878e-11,0.0001873457519925614,0.00012660344312783437,-32.05,1.2419999999999998
G,LT1,19.8,24.81062267798547,7.029230343813884,0.0,0.0004586569849331552,0.00023123924532683315,-6.4007825441036646e-09,0.00045861199235827204,0.00023139805272737873,0.0,0.0
G,LT2,19.8,-18.231988668591963,8.262057924227996,0.0,0.0003969966771261842,0.00014181922253437356,2.904123341392034e-12,0.00039699669582019437,0.00014181918240516433,-32.05,1.825
Q,LT1,3.96,9.581286738801698,8.280217117998859,0.0,2.40670888490285e-13,2.2440612873085766e-13,-1.7898220046461627e-15,2.2585077368924284e-13,2.415549265687894e-13,0.0,0.0
Q,LT2,3.96,-17.6408629658982,8.281091931580269,0.0,-1.780668700147841e-06,7.258572602220784e-06,-2.1452928518047805e-12,-1.780686465515167e-06,7.258602720281109e-06,-31.679999999999996,0.0
Q,LT1,7.92,21.47951562275455,7.880785872667446,0.0,-2.9664931914034777e-06,5.783979269957493e-06,-1.3696337751036011e-10,-2.9675725704540342e-06,5.786921176964472e-06,0.0,0.0
Q,LT2,7.92,-17.894092051651988,8.299402816317036,0.0,2.268515397171384e-06,1.9617725234469716e-05,-1.989570539058245e-12,2.26849903613141e-06,1.9617753398647124e-05,-32.05,0.07599999999999985
Q,LT1,11.88,20.881144798066217,7.468772582357824,0.0,1.1990134454760365e-05,2.2081570853209888e-05,1.7308700120275719e-07,1.3282881903706054e-05,1.8467316118432054e-05,0.0,0.0
Q,LT2,11.88,-17.89378631441425,8.300052781071832,0.0,1.6139042367335672e-05,3.668134249293661e-05,-2.5305208002353548e-12,1.6139023031492674e-05,3.668137831552979e-05,-32.05,0.6589999999999998
Q,LT1,15.84,23.810153513520955,7.538736994116187,0.0,5.2799119864135036e-05,5.761340022162456e-05,2.7010013087046455e-11,5.2799323485519906e-05,5.761275710906655e-05,0.0,0.0
Q,LT2,15.84,-17.713412956672663,8.33120675955472,0.0,5.279933303015399e-05,5.761265518775371e-05,5.902687260353831e-12,5.2799374875524415e-05,5.7612570563364015e-05,-32.05,1.2419999999999998
Q,LT1,19.8,24.81062267798547,7.029230343813884,0.0,0.00013213331597624714,0.00011608118890713055,-2.043314184610582e-09,0.00013211895305017873,0.0001161318848043775,0.0,0.0
Q,LT2,19.8,-18.231988668591963,8.262057924227996,0.0,0.00011372519736201508,6.374488614085636e-05,1.3916237265453689e-12,0.00011372520631997761,6.374486691138394e-05,-32.05,1.825
EX,LT1,3.96,9.581286738801698,8.280217117998859,942.3405419463647,3.542368625499971e-11,2.542062592222402e-11,-9.069043273588942e-13,2.7914321519215355e-11,3.410993632730967e-11,0.0,0.0
EX,LT2,3.96,-17.6408629658982,8.281091931580269,1664.6472109429958,0.00041470861974057235,-4.919667162799628e-07,4.255452336454476e-13,0.00041470862326455153,-4.919726905678122e-07,-31.679999999999996,0.0
EX,LT1,7.92,21.47951562275455,7.880785872667446,2491.889777770913,0.0008075951375663503,-3.668726079804498e-06,1.2105477316898512e-08,0.0008076905382409712,-3.92874586895372e-06,0.0,0.0
EX,LT2,7.92,-17.894092051651988,8.299402816317036,1640.2788132199933,0.0013647296049551611,-4.304479820667798e-06,-1.4938191435438397e-12,0.0013647295926708847,-4.3044586743015105e-06,-32.05,0.07599999999999985
EX,LT1,11.88,20.881144798066217,7.468772582357824,2465.011742753363,0.0025610354524264337,2.694103284247607e-05,1.1895722729849352e-06,0.0025699200972036365,2.1014019625128806e-06,0.0,0.0
EX,LT2,11.88,-17.89378631441425,8.300052781071832,1640.2788115335272,0.0027334656199366277,-1.1305703554859422e-05,-3.688931141300363e-12,0.00273346559174931,-1.1305651333561915e-05,-32.05,0.6589999999999998
EX,LT1,15.84,23.810153513520955,7.538736994116187,2665.686332588125,0.004047582259001606,-1.7399512353064506e-05,-1.6001920519215806e-11,0.004047582138367336,-1.739913134488043e-05,0.0,0.0
EX,LT2,15.84,-17.713412956672663,8.33120675955472,1653.3547151448129,0.004047582131912062,-1.7399107644253273e-05,-1.4014221259743918e-12,0.004047582121977091,-1.739908755264298e-05,-32.05,1.2419999999999998
EX,LT1,19.8,24.81062267798547,7.029230343813884,2952.2666687993838,0.005209937482003264,-7.232151410106923e-05,1.474530086583566e-09,0.005209947846814892,-7.235809811067479e-05,0.0,0.0
EX,LT2,19.8,-18.231988668591963,8.262057924227996,1286.161795153294,0.004895572699848361,-2.014742425444858e-05,-1.1617609441762604e-12,0.004895572692370038,-2.014740820122269e-05,-32.05,1.825
EY,LT1,3.96,9.581286738801698,8.280217117998859,942.3405419463647,-2.2090068734100885e-13,4.461934786848978e-11,-9.60917104170643e-13,-8.17750294227266e-12,5.3826170175767695e-11,0.0,0.0
EY,LT2,3.96,-17.6408629658982,8.281091931580269,1664.6472109429958,6.26297909364796e-08,0.00055109236678441,-8.147148758482358e-11,6.195511805798707e-08,0.0005510935105737885,-31.679999999999996,0.0
EY,LT1,7.92,21.47951562275455,7.880785872667446,2491.889777770913,-1.5891653144228788e-06,0.0004201439773559805,-1.9337330298007088e-08,-1.7415586738505173e-06,0.0004205593338442189,0.0,0.0
EY,LT2,7.92,-17.894092051651988,8.299402816317036,1640.2788132199933,2.411321506821963e-07,0.0012667704600285122,-2.0438299545684045e-11,2.4096407831215163e-07,0.0012667707493511991,-32.05,0.07599999999999985
EY,LT1,11.88,20.881144798066217,7.468772582357824,2465.011742753363,2.0182563198359413e-06,0.0016285030355387585,1.1807150427112158e-05,9.020317770562569e-05,0.00138195621781768,0.0,0.0
EY,LT2,11.88,-17.89378631441425,8.300052781071832,1640.2788115335272,2.1283498815111996e-07,0.0019361308698086603,1.2433308089600901e-11,2.1292999171447593e-07,0.001936130693800094,-32.05,0.6589999999999998
EY,LT1,15.84,23.810153513520955,7.538736994116187,2665.686332588125,-2.4964013696326398e-05,0.0024948101641210562,6.348192346311507e-10,-2.4959227961077708e-05,0.0024947950489776264,0.0,0.0
EY,LT2,15.84,-17.713412956672663,8.33120675955472,1653.3547151448129,-2.495905417073724e-05,0.0024947929925915476,1.1855639148939556e-10,-2.4958213699965307e-05,0.0024947912928975215,-32.05,1.2419999999999998
EY,LT1,19.8,24.81062267798547,7.029230343813884,2952.2666687993838,-3.823839787294161e-05,0.0037321812456597046,2.1378268604333832e-08,-3.808812509856983e-05,0.003731650837503854,0.0,0.0
EY,LT2,19.8,-18.231988668591963,8.262057924227996,1286.161795153294,-5.0452709386527084e-05,0.0026843084032876093,4.850784084005157e-11,-5.0452397138745816e-05,0.002684307733005715,-32.05,1.825
R,LT1,3.96,9.581286738801698,8.280217117998859,0.0,2.976297354705988e-11,8.228422696470088e-12,-4.5107658307349566e-13,2.6027961502366288e-11,1.2550316780056154e-11,0.0,0.0
R,LT2,3.96,-17.6408629658982,8.281091931580269,0.0,0.00032645811528394153,-0.0001399893616791163,1.5687454490841062e-11,0.0003264582451931943,-0.0001399895819174396,-31.679999999999996,0.0
R,LT1,7.92,21.47951562275455,7.880785872667446,0.0,0.0006358751818462771,-0.0001011377805442645,1.4719802798107328e-08,0.0006359911854602169,-0.0001014539547784303,0.0,0.0
R,LT2,7.92,-17.894092051651988,8.299402816317036,0.0,0.0011104145750785227,-0.00031130734804963694,-4.710013340176234e-12,0.0011104145363461857,-0.00031130728137512164,-32.05,0.07599999999999985
R,LT1,11.88,20.881144798066217,7.468772582357824,0.0,0.0021205605462050773,-0.0003703139357578371,-1.6379195657253107e-06,0.002108327297460481,-0.00033611230013834117,0.0,0.0
R,LT2,11.88,-17.89378631441425,8.300052781071832,0.0,0.0022853603985619423,-0.00044821724046826243,-1.9737532068476387e-11,0.002285360247746418,-0.00044821696105954085,-32.05,0.6589999999999998
R,LT1,15.84,23.810153513520955,7.538736994116187,0.0,0.003544283171467568,-0.0005297768537154022,-7.419163858012736e-11,0.0035442826121563176,-0.0005297750872010982,0.0,0.0
R,LT2,15.84,-17.713412956672663,8.33120675955472,0.0,0.003544282598087397,-0.0005297749160176724,-9.728810315074904e-12,0.003544282529117849,-0.0005297747765397365,-32.05,1.2419999999999998
R,LT1,19.8,24.81062267798547,7.029230343813884,0.0,0.004914789941607574,-0.0007375110879789435,-1.5775412214856147e-08,0.004914679052601348,-0.000737119690178891,0.0,0.0
R,LT2,19.8,-18.231988668591963,8.262057924227996,0.0,0.004567199138541494,-0.0005619843880769587,-1.0048624402881313e-11,0.004567199073857917,-0.0005619842492249528,-32.05,1.825
EXG,LT1,3.96,9.581286738801698,8.280217117998859,0.0,3.0948145729614946e-11,2.18394562050945e-11,-7.903034913157308e-13,2.4427466328792782e-11,2.97242521762371e-11,0.0,0.0
EXG,LT2,3.96,-17.6408629658982,8.281091931580269,0.0,0.00035991004963661775,-4.280722475194274e-07,2.8380551081076836e-13,0.0003599100519976314,-4.280762031109625e-07,-31.679999999999996,0.0
EXG,LT1,7.92,21.47951562275455,7.880785872667446,0.0,0.0007039810507163772,-3.201921150350392e-06,1.052932297148492e-08,0.0007040645293241038,-3.4274452397763644e-06,0.0,0.0
EXG,LT2,7.92,-17.894092051651988,8.299402816317036,0.0,0.0011875688244342673,-3.754435369837057e-06,-1.3421817496536495e-12,0.001187568813349173,-3.7544164525315915e-06,-32.05,0.07599999999999985
EXG,LT1,11.88,20.881144798066217,7.468772582357824,0.0,0.0022335774737265164,2.2831859282967184e-05,1.002216344733206e-06,0.002241107851798953,2.0224043812979295e-06,0.0,0.0
EXG,LT2,11.88,-17.89378631441425,8.300052781071832,0.0,0.0023825228240579996,-9.891299718122017e-06,-3.303923008589209e-12,0.002382522798694884,-9.891253150238621e-06,-32.05,0.6589999999999998
EXG,LT1,15.84,23.810153513520955,7.538736994116187,0.0,0.0035319105217028034,-1.5254457349203487e-05,-1.4809637424954216e-11,0.003531910410363545,-1.5254104810674622e-05,0.0,0.0
EXG,LT2,15.84,-17.713412956672663,8.33120675955472,0.0,0.003531910404491687,-1.5254082022524508e-05,-1.3411027168457014e-12,0.0035319103949459658,-1.5254062873482269e-05,-32.05,1.2419999999999998
EXG,LT1,19.8,24.81062267798547,7.029230343813884,0.0,0.004543647545581152,-6.34222357242433e-05,1.4238074601199792e-09,0.004543657370454363,-6.345734176072282e-05,0.0,0.0
EXG,LT2,19.8,-18.231988668591963,8.262057924227996,0.0,0.004275404679096613,-1.767345700128686e-05,-1.0143153987362623e-12,0.0042754046725845315,-1.7673443008826385e-05,-32.05,1.825
EXQ,LT1,3.96,9.581286738801698,8.280217117998859,0.0,9.002968738275732e-12,7.862058123269025e-12,-2.332004338709527e-13,6.973675737544269e-12,8.771321752860033e-12,0.0,0.0
EXQ,LT2,3.96,-17.6408629658982,8.281091931580269,0.0,0.0001095964933694272,-1.2779347148945794e-07,2.8347556029469507e-13,0.00010959649565333012,-1.2779762084970964e-07,-31.679999999999996,0.0
EXQ,LT1,7.92,21.47951562275455,7.880785872667446,0.0,0.00020722716356364455,-9.335270262364801e-07,3.1522747719753295e-09,0.00020725094717658437,-1.0025950153281077e-06,0.0,0.0
EXQ,LT2,7.92,-17.894092051651988,8.299402816317036,0.0,0.00035431920719739614,-1.1000956532346735e-06,-3.0340851544887224e-13,0.00035431920476712667,-1.1000912463934056e-06,-32.05,0.07599999999999985
EXQ,LT1,11.88,20.881144798066217,7.468772582357824,0.0,0.0006549356391037684,8.278827923870257e-06,3.747040970778156e-07,0.0006576209659166236,1.5802288629245223e-07,0.0,0.0
EXQ,LT2,11.88,-17.89378631441425,8.300052781071832,0.0,0.0007018813497534575,-2.828817933776033e-06,-7.700982191417089e-13,0.0007018813440335447,-2.828806748170852e-06,-32.05,0.6589999999999998
EXQ,LT1,15.84,23.810153513520955,7.538736994116187,0.0,0.0010313376369878715,-4.290125434503188e-06,-2.387992149576726e-12,0.0010313376185804711,-4.290068468815588e-06,0.0,0.0
EXQ,LT2,15.84,-17.713412956672663,8.33120675955472,0.0,0.0010313376174691047,-4.290066524374258e-06,-1.2098380768503038e-13,0.0010313376166321457,-4.290064747866475e-06,-32.05,1.2419999999999998
EXQ,LT1,19.8,24.81062267798547,7.029230343813884,0.0,0.0013325715548088957,-1.7798940773254005e-05,1.0153068642805942e-10,0.0013325723436623635,-1.7801549786823233e-05,0.0,0.0
EXQ,LT2,19.8,-18.231988668591963,8.262057924227996,0.0,0.0012403283423149606,-4.947953032374138e-06,-2.949181268050647e-13,0.0012403283403556297,-4.947948874082308e-06,-32.05,1.825
EYG,LT1,3.96,9.581286738801698,8.280217117998859,0.0,-2.1476697778826406e-13,3.939645319139605e-11,-8.609852795906181e-13,-7.318631554788783e-12,4.798643582253322e-11,0.0,0.0
EYG,LT2,3.96,-17.6408629658982,8.281091931580269,0.0,7.224282494776682e-08,0.00047831461290893647,-7.107768676279416e-11,7.165152074500938e-08,0.000478315603567276,-31.679999999999996,0.0
EYG,LT1,7.92,21.47951562275455,7.880785872667446,0.0,-1.347323592864688e-06,0.0003670426796688743,-1.692585570284458e-08,-1.4815152092184332e-06,0.00036740520897920857,0.0,0.0
EYG,LT2,7.92,-17.894092051651988,8.299402816317036,0.0,2.7835305026421684e-07,0.0011006810797979602,-1.8077052284076852e-11,2.782037516822049e-07,0.0011006813345839606,-32.05,0.07599999999999985
EYG,LT1,11.88,20.881144798066217,7.468772582357824,0.0,1.4203781882630106e-06,0.0014181294296199628,1.0211728711730212e-05,7.814850019165758e-05,0.0012060988543738573,0.0,0.0
EYG,LT2,11.88,-17.89378631441425,8.300052781071832,0.0,3.1595706037052483e-07,0.001684130717675309,1.0528864474846805e-11,3.160378869532381e-07,0.0016841305692738688,-32.05,0.6589999999999998
EYG,LT1,15.84,23.810153513520955,7.538736994116187,0.0,-2.153477659707151e-05,0.0021725973592012994,5.566343027671037e-10,-2.1530591805187198e-05,0.0021725841087055185,0.0,0.0
EYG,LT2,15.84,-17.713412956672663,8.33120675955472,0.0,-2.1530443162543306e-05,0.0021725823088445373,1.0342605517941239e-10,-2.1529706994989235e-05,0.002172580832067349,-32.05,1.2419999999999998
EYG,LT1,19.8,24.81062267798547,7.029230343813884,0.0,-3.324020354554303e-05,0.0032388734778642527,1.7933779825201913e-08,-3.311645288549105e-05,0.003238431294530906,0.0,0.0
EYG,LT2,19.8,-18.231988668591963,8.262057924227996,0.0,-4.368189508332525e-05,0.002341299820208264,4.241520108799886e-11,-4.368162277034981e-05,0.00234129923509142,-32.05,1.825
EYQ,LT1,3.96,9.581286738801698,8.280217117998859,0.0,2.145528298405076e-14,1.0900159950294773e-11,-1.9986298196671398e-13,-1.7177376665231076e-12,1.1679438690850206e-11,0.0,0.0
EYQ,LT2,3.96,-17.6408629658982,8.281091931580269,0.0,-1.9228471059503793e-08,0.00014555550341431646,-2.0787456532058686e-11,-1.9395951221684518e-08,0.00014555580768973891,-31.679999999999996,0.0
EYQ,LT1,7.92,21.47951562275455,7.880785872667446,0.0,-4.837127463067437e-07,0.0001062025449343494,-4.822940119735738e-09,-5.201013701854506e-07,0.00010630821807507335,0.0,0.0
EYQ,LT2,7.92,-17.894092051651988,8.299402816317036,0.0,-7.445811539061856e-08,0.000332178897828596,-4.72212890291891e-12,-7.449593913353711e-08,0.0003321789664149127,-32.05,0.07599999999999985
EYQ,LT1,11.88,20.881144798066217,7.468772582357824,0.0,1.2420332160993887e-06,0.0004208691241268059,3.190876321025004e-06,2.4109532686150848e-05,0.0003517145973838376,0.0,0.0
EYQ,LT2,11.88,-17.89378631441425,8.300052781071832,0.0,-2.0631160019675102e-07,0.00050400098093955,3.809137954301578e-12,-2.0628330778359052e-07,0.0005040009256121746,-32.05,0.6589999999999998
EYQ,LT1,15.84,23.810153513520955,7.538736994116187,0.0,-6.858642797799419e-06,0.0006444268788791019,1.56376286884797e-10,-6.857437399816706e-06,0.0006444231485139462,0.0,0.0
EYQ,LT2,15.84,-17.713412956672663,8.33120675955472,0.0,-6.857387838028756e-06,0.0006444226339573836,3.0261606576650996e-11,-6.85717848999754e-06,0.0006444221896005673,-32.05,1.2419999999999998
EYQ,LT1,19.8,24.81062267798547,7.029230343813884,0.0,-9.997013772420117e-06,0.000986621942057098,6.8889516885411e-09,-9.943489329508458e-06,0.0009864449180551388,0.0,0.0
EYQ,LT2,19.8,-18.231988668591963,8.262057924227996,0.0,-1.3541842833854185e-05,0.0006860185678207229,1.2185460364327075e-11,-1.3541761878002188e-05,0.0006860183960079529,-32.05,1.825
