piso,bloque,z_m,nodo,x_m,y_m,G_kN,Q_kN,peso_sismico_kN,masa_t
1,LT1,3.96,100001,0.0,0.0,262.90511265000004,44.23748267025001,285.023853985125,29.064344499408566
1,LT1,3.96,100101,10.0,0.0,262.94032515,44.83047841650001,285.35556435825,29.098169543957415
1,LT1,3.96,100201,20.0,0.0,47.57205915,-0.0,47.57205915,4.851
1,LT1,3.96,100301,30.0,0.0,23.786029575,-0.0,23.786029575,2.4255
1,LT1,3.96,100401,40.0,0.0,23.786029575,-0.0,23.786029575,2.4255
1,LT1,3.96,100451,45.0,0.0,23.786029575,-0.0,23.786029575,2.4255
1,LT1,3.96,101001,0.0,7.25,417.92372165,127.65836620374996,481.752904751875,49.12512476246986
1,LT1,3.96,101101,10.0,7.25,418.54273615,121.20099349999998,479.1432329,48.85901229267895
1,LT1,3.96,101201,20.0,7.25,47.57205915,-0.0,47.57205915,4.851
1,LT1,3.96,101301,30.0,7.25,23.786029575,-0.0,23.786029575,2.4255
1,LT1,3.96,101401,40.0,7.25,23.786029575,-0.0,23.786029575,2.4255
1,LT1,3.96,101451,45.0,7.25,23.786029575,-0.0,23.786029575,2.4255
1,LT1,3.96,102001,0.0,16.15,313.0042421499999,84.31267337499997,355.1605788374999,36.21630004512243
1,LT1,3.96,102101,10.0,16.15,311.6500051499999,77.05697820624998,350.1784942531249,35.708268802610974
1,LT1,3.96,102201,20.0,16.15,47.57205915,-0.0,47.57205915,4.851
1,LT1,3.96,102301,30.0,16.15,23.786029575,-0.0,23.786029575,2.4255
1,LT1,3.96,102401,40.0,16.15,23.786029575,-0.0,23.786029575,2.4255
1,LT1,3.96,102451,45.0,16.15,23.786029575,-0.0,23.786029575,2.4255
1,LT1,3.96,609002,-0.25,12.25,82.12641227187498,10.004482492445002,87.12865351809748,8.88465006073404
1,LT1,3.96,612002,-0.25,1.45,51.385991,6.134672340312499,54.45332717015625,5.552694056599986
1,LT1,3.96,900001,-0.25,0.0,106.23677583125,28.320685660625003,120.3971186615625,12.277089389502278
1,LT1,3.96,900002,-0.25,7.25,172.08044383125002,37.660600578125,190.91074412031253,19.46747810111634
1,LT1,3.96,900004,-0.25,16.15,123.52477723749999,33.1562547203825,140.10290459769124,14.286520330356568
1,LT1,3.96,3000144,1.4125,12.25,16.140520068750003,-0.0,16.140520068750003,1.6458750000000004
1,LT1,3.96,3000145,3.075,12.25,10.618763203124999,-0.0,10.618763203124999,1.0828125
1,LT1,3.96,3000146,3.5999999999999996,12.25,31.249503140625002,-0.0,31.249503140625002,3.1865625000000004
1,LT1,3.96,3000147,4.737500000000001,12.25,13.592016900000003,-0.0,13.592016900000003,1.3860000000000003
1,LT1,3.96,3000148,6.4,12.25,31.249503140625002,-0.0,31.249503140625002,3.1865625000000004
1,LT1,3.96,3000176,3.6,10.0,16.38323465625,-0.0,16.38323465625,1.670625
1,LT1,3.96,3000177,3.6,11.125,32.7664693125,-0.0,32.7664693125,3.34125
1,LT1,3.96,3000189,6.4,10.0,16.38323465625,-0.0,16.38323465625,1.670625
1,LT1,3.96,3000190,6.4,11.125,32.7664693125,-0.0,32.7664693125,3.34125
1,LT1,3.96,3000204,-0.25,1.8125,35.19361518750001,-0.0,35.19361518750001,3.588750000000001
1,LT1,3.96,3000205,-0.25,3.625,35.19361518750001,-0.0,35.19361518750001,3.588750000000001
1,LT1,3.96,3000206,-0.25,5.4375,35.19361518750001,-0.0,35.19361518750001,3.588750000000001
1,LT1,3.96,3000222,3.3,2.305,35.679044362499994,-0.0,35.679044362499994,3.6382499999999998
1,LT1,3.96,3000223,5.0,2.305,33.009183900000004,-0.0,33.009183900000004,3.3660000000000005
1,LT1,3.96,3000224,6.7,2.305,35.679044362499994,-0.0,35.679044362499994,3.6382499999999998
1,LT1,3.96,3000238,3.3,3.885,19.174452412499996,-0.0,19.174452412499996,1.9552499999999997
1,LT1,3.96,3000244,6.7,3.885,19.174452412499996,-0.0,19.174452412499996,1.9552499999999997
1,LT1,3.96,3000250,5.0,12.25,13.592016900000003,-0.0,13.592016900000003,1.3860000000000003
1,LT1,3.96,3000255,-0.25,16.4,9.190792380000008,-0.0,9.190792380000008,0.9372000000000009
1,LT1,3.96,3000256,1.393333333333333,16.4,15.954438885,-0.0,15.954438885,1.6269
1,LT1,3.96,3000257,3.036666666666666,16.4,15.954438885000002,-0.0,15.954438885000002,1.6269000000000002
1,LT1,3.96,3000258,4.68,16.4,7.977219442500001,-0.0,7.977219442500001,0.8134500000000001
1,LT1,3.96,3000262,6.48,16.4,9.15033994875,-0.0,9.15033994875,0.9330750000000001
1,LT1,3.96,3000263,8.365,16.4,18.3006798975,-0.0,18.3006798975,1.8661500000000002
1,LT1,3.96,3000264,10.25,16.4,22.620999555000004,-0.0,22.620999555000004,2.3067000000000006
1,LT1,3.96,3000274,10.25,-0.25,26.213175449999994,-0.0,26.213175449999994,2.6729999999999996
1,LT1,3.96,3000275,10.25,1.5999999999999996,26.941319212499995,-0.0,26.941319212499995,2.7472499999999997
1,LT1,3.96,3000276,10.25,3.4499999999999993,26.941319212499995,-0.0,26.941319212499995,2.7472499999999997
1,LT1,3.96,3000277,10.25,5.299999999999999,26.941319212499995,-0.0,26.941319212499995,2.7472499999999997
1,LT1,3.96,3000278,10.25,7.149999999999999,26.941319212500005,-0.0,26.941319212500005,2.7472500000000006
1,LT1,3.96,3000279,10.25,9.0,26.941319212499998,-0.0,26.941319212499998,2.7472499999999997
1,LT1,3.96,3000280,10.25,10.849999999999998,26.941319212499998,-0.0,26.941319212499998,2.7472499999999997
1,LT1,3.96,3000281,10.25,12.7,26.941319212499998,-0.0,26.941319212499998,2.7472499999999997
1,LT1,3.96,3000282,10.25,14.549999999999997,26.941319212499998,-0.0,26.941319212499998,2.7472499999999997
1,LT1,3.96,3000289,-0.25,-0.25,13.95608878125,-0.0,13.95608878125,1.423125
1,LT1,3.96,3000290,1.5,-0.25,25.485031687499998,-0.0,25.485031687499998,2.59875
1,LT1,3.96,3000291,3.25,-0.25,25.485031687499998,-0.0,25.485031687499998,2.59875
1,LT1,3.96,3000292,5.0,-0.25,25.485031687499998,-0.0,25.485031687499998,2.59875
1,LT1,3.96,3000293,6.75,-0.25,25.485031687500005,-0.0,25.485031687500005,2.598750000000001
1,LT1,3.96,3000294,8.5,-0.25,25.485031687500005,-0.0,25.485031687500005,2.598750000000001
1,LT1,3.96,3000305,-0.25,1.5999999999999996,16.7473065375,-0.0,16.7473065375,1.7077499999999999
1,LT1,3.96,3000306,-0.25,3.4499999999999993,17.960879475,-0.0,17.960879475,1.8315
1,LT1,3.96,3000307,-0.25,5.299999999999999,17.960879475,-0.0,17.960879475,1.8315
1,LT1,3.96,3000308,-0.25,7.149999999999999,9.465868912500001,-0.0,9.465868912500001,0.9652500000000002
1,LT1,3.96,3000309,-0.25,9.0,17.4754503,-0.0,17.4754503,1.782
1,LT1,3.96,3000310,-0.25,10.849999999999998,15.776448187499994,-0.0,15.776448187499994,1.6087499999999995
1,LT1,3.96,3000311,-0.25,12.7,11.164871024999991,-0.0,11.164871024999991,1.1384999999999992
1,LT1,3.96,3000312,-0.25,14.549999999999997,16.74730653749999,-0.0,16.74730653749999,1.7077499999999992
1,LT1,3.96,3000313,30.0,16.4,13.652695546875,-0.0,13.652695546875,1.3921875000000001
1,LT1,3.96,3000314,31.875,16.4,27.30539109375,-0.0,27.30539109375,2.7843750000000003
1,LT1,3.96,3000315,33.75,16.4,27.30539109375,-0.0,27.30539109375,2.7843750000000003
1,LT1,3.96,3000316,35.625,16.4,27.30539109375,-0.0,27.30539109375,2.7843750000000003
1,LT1,3.96,3000317,37.5,16.4,27.30539109375,-0.0,27.30539109375,2.7843750000000003
1,LT1,3.96,3000318,39.375,16.4,19.295809706249983,-0.0,19.295809706249983,1.9676249999999984
1,LT1,3.96,3000319,40.15,16.4,26.921092996875004,-0.0,26.921092996875004,2.7451875000000006
1,LT1,3.96,3000320,41.25,16.4,21.662276934375015,-0.0,21.662276934375015,2.2089375000000016
1,LT1,3.96,3000321,43.125,16.4,27.30539109375,-0.0,27.30539109375,2.7843750000000003
1,LT1,3.96,3000322,45.0,16.4,13.652695546875,-0.0,13.652695546875,1.3921875000000001
1,LT1,3.96,3000333,40.15,0.0,13.268397449999998,-0.0,13.268397449999998,1.353
1,LT1,3.96,3000334,40.15,1.822222222222222,26.536794899999997,-0.0,26.536794899999997,2.706
1,LT1,3.96,3000335,40.15,3.644444444444444,26.536794899999997,-0.0,26.536794899999997,2.706
1,LT1,3.96,3000336,40.15,5.466666666666666,26.536794899999997,-0.0,26.536794899999997,2.706
1,LT1,3.96,3000337,40.15,7.288888888888888,26.536794900000004,-0.0,26.536794900000004,2.7060000000000004
1,LT1,3.96,3000338,40.15,9.11111111111111,26.536794899999997,-0.0,26.536794899999997,2.706
1,LT1,3.96,3000339,40.15,10.933333333333332,26.536794899999997,-0.0,26.536794899999997,2.706
1,LT1,3.96,3000340,40.15,12.755555555555555,26.536794899999997,-0.0,26.536794899999997,2.706
1,LT1,3.96,3000341,40.15,14.577777777777776,26.536794899999997,-0.0,26.536794899999997,2.706
1,LT2,3.96,701001,-20.8,16.15,303.99144014999996,101.60056904208747,354.7917246710437,36.17868738774645
1,LT2,3.96,701002,-10.8,16.15,333.14170715,116.09602602499999,391.1897201625,39.89025
1,LT2,3.96,701003,-0.8,16.15,47.57205915,-0.0,47.57205915,4.851
1,LT2,3.96,701004,-28.3,7.25,192.49817994999998,61.341637706562494,223.16899880328123,22.756904631375775
1,LT2,3.96,701005,-20.8,7.25,414.0795136499999,173.09288628896246,500.6259567944811,51.04964047809202
1,LT2,3.96,701006,-10.8,7.25,452.86251565,197.8393571,551.7821941999999,56.26612494582757
1,LT2,3.96,701007,-20.8,0.0,247.28678415000002,83.126681640625,288.8501249703125,29.454515555292836
1,LT2,3.96,701008,-10.8,0.0,269.72332665,95.001921875,317.2242875875,32.34787492033467
1,LT2,3.96,601002,-31.679999999999996,0.0,38.33370999999998,11.409866639289998,44.03864331964498,4.490691859059412
1,LT2,3.96,602002,-32.05,14.908999999999999,44.35991034999999,10.385872917595,49.55284680879749,5.05298412901424
1,LT2,3.96,603002,-31.679999999999996,16.15,46.43870149999998,11.318421099037499,52.097912049518726,5.312508557919242
1,LT2,3.96,900000,-32.05,0.0,119.72385021624997,12.079724087182498,125.76371225984121,12.824329639565114
1,LT2,3.96,900003,-32.05,16.15,85.78244133249999,3.7696370333999996,87.66725984919998,8.939572621557819
1,LT2,3.96,900005,-32.05,11.885,164.44760255999998,40.49306804627,184.694136583135,18.833560551578266
1,LT2,3.96,900006,-24.55,11.885,167.40296349999997,73.07272018593748,203.93932359296872,20.796023473150232
1,LT2,3.96,900007,-32.05,4.265,176.18317614999995,43.337198563259996,197.85177543162996,20.175266317410124
1,LT2,3.96,900008,-24.55,4.265,138.4289095,58.0354482421875,167.44663362109375,17.074804711200436
1,LT2,3.96,900009,-28.3,0.0,121.29309204999997,42.6066026479275,142.59639337396374,14.540785423560925
1,LT2,3.96,900010,-28.3,16.15,141.29641004999996,43.3680664651325,162.98044328256623,16.619380041356248
1,LT2,3.96,900011,-24.55,0.0,129.36833785,47.356847312424996,153.04676150621248,15.606426405165116
1,LT2,3.96,900012,-24.55,16.15,151.57904284999998,49.015357767074995,176.08672173353747,17.95584850418211
1,LT2,3.96,900013,-15.8,0.0,222.1512675,95.001921875,269.65222843749996,27.49687492033467
1,LT2,3.96,900014,-15.8,16.15,285.56964800000003,116.09602602499999,343.61766101250004,35.03925
1,LT2,3.96,900015,-5.8,0.0,231.80539450000003,100.055411203125,281.83310010156254,28.738978152739474
1,LT2,3.96,900016,-5.8,16.15,297.41427749999997,121.39902104574999,358.113788022875,36.517443573786665
1,LT2,3.96,900129,-24.55,7.25,189.62242179999998,79.22260524237498,229.23372442118747,23.375334535359933
1,LT2,3.96,900130,-15.8,7.25,405.29045649999995,197.8393571,504.21013504999996,51.41512494582758
1,LT2,3.96,900131,-5.8,7.25,420.6093315,207.35327859749998,524.28597079875,53.4622904660358
1,LT2,3.96,900132,-28.3,11.885,204.70222999999996,83.11325829810498,246.25885914905245,25.111415126373682
1,LT2,3.96,900133,-28.3,4.265,178.09843599999996,70.15425133928748,213.1755616696437,21.73785764452119
1,LT2,3.96,3000004,-32.05,-1.09,31.747068045000006,-0.0,31.747068045000006,3.2373000000000007
1,LT2,3.96,3000005,-32.05,0.36749999999999994,53.1544946625,-0.0,53.1544946625,5.42025
1,LT2,3.96,3000006,-32.05,1.825,42.45078135375,-0.0,42.45078135375,4.328775
1,LT2,3.96,3000019,-30.2,0.0,26.94131921249997,-0.0,26.94131921249997,2.747249999999997
1,LT2,3.96,3000027,-32.05,14.325,42.523595730000025,-0.0,42.523595730000025,4.3362000000000025
1,LT2,3.96,3000028,-32.05,15.785,53.15449466249997,-0.0,53.15449466249997,5.420249999999998
1,LT2,3.96,3000029,-32.05,17.245,31.892696797500065,-0.0,31.892696797500065,3.252150000000007
1,LT2,3.96,3000043,-30.2,16.15,26.94131921249997,-0.0,26.94131921249997,2.747249999999997
1,LT2,3.96,3000053,-0.575,-0.35,51.539780632812494,21.590565806249998,62.33506353593749,6.356407492460473
1,LT2,3.96,3000054,-0.575,1.6374999999999997,48.23952426562499,-0.0,48.23952426562499,4.9190625
1,LT2,3.96,3000055,-0.575,3.6249999999999996,48.23952426562499,-0.0,48.23952426562499,4.9190625
1,LT2,3.96,3000056,-0.575,5.6125,35.436329775,-0.0,35.436329775,3.6134999999999997
1,LT2,3.96,3000057,-0.575,6.545,24.119762132812497,-0.0,24.119762132812497,2.45953125
1,LT2,3.96,3000058,-0.575,7.6,40.223212990625,21.590565806249998,51.01849589375,5.202438742460473
1,LT2,3.96,3000089,-0.575,9.65,36.01312673437499,12.8262592410925,42.42625635492124,4.326274146107106
1,LT2,3.96,3000090,-0.575,11.275,39.441120468749986,-0.0,39.441120468749986,4.021874999999999
1,LT2,3.96,3000091,-0.575,12.899999999999999,21.480240993749995,-0.0,21.480240993749995,2.1903749999999995
1,LT2,3.96,3000092,-0.575,13.045,38.9799627525,-0.0,38.9799627525,3.9748500000000004
1,LT2,3.96,3000093,-0.575,14.524999999999999,37.681439709374985,-0.0,37.681439709374985,3.8424374999999986
1,LT2,3.96,3000094,-0.575,16.15,36.01312673437499,12.8262592410925,42.42625635492124,4.326274146107106
1,LT2,3.96,3000122,-1.8975000000000002,13.045,38.51880503625001,-0.0,38.51880503625001,3.9278250000000012
1,LT2,3.96,3000123,-3.2200000000000006,13.045,37.12926402281251,-0.0,37.12926402281251,3.786131250000001
1,LT2,3.96,3000134,-3.22,10.1,17.869861504687503,-0.0,17.869861504687503,1.8222187500000004
1,LT2,3.96,3000135,-3.22,11.5725,35.739723009375005,-0.0,35.739723009375005,3.644437500000001
2,LT1,7.92,200001,0.0,0.0,264.58257165000003,44.89789912150002,287.03152121075004,29.269069581431992
2,LT1,7.92,200101,10.0,0.0,407.2761454499999,101.978477554841,458.2653842274204,46.730064214326035
2,LT1,7.92,200201,20.0,0.0,243.44285355000002,68.67596995,277.78083852500004,28.325762469854645
2,LT1,7.92,200301,30.0,0.0,269.72332665,76.0015375,307.7240954,31.379124920334675
2,LT1,7.92,200401,40.0,0.0,269.72332715000005,86.58291284999999,313.014783575,31.918624971320487
2,LT1,7.92,200451,45.0,0.0,186.98278215000002,53.01720156249999,213.49138293125003,21.7700624506075
2,LT1,7.92,201001,0.0,7.25,418.14556665000003,127.08988681124997,481.690510055625,49.11876227413286
2,LT1,7.92,201101,10.0,7.25,559.0641226500001,189.86562451875,653.9969349093751,66.68912777649606
2,LT1,7.92,201201,20.0,7.25,452.8625156499999,156.17090125,530.9479662749999,54.141624945827566
2,LT1,7.92,201301,30.0,7.25,452.8625156499999,156.17090125,530.9479662749999,54.141624945827566
2,LT1,7.92,201401,40.0,7.25,452.8625156499999,166.10258603749998,535.9138086687499,54.647999945827564
2,LT1,7.92,201451,45.0,7.25,313.04947415,97.22557976249996,361.66226403124995,36.87928742549698
2,LT1,7.92,202001,0.0,16.15,335.65386515,90.66983423749997,380.98878226875,38.85004382421622
2,LT1,7.92,202101,10.0,16.15,441.35392214999996,120.72353899375,501.715691646875,51.16076250777534
2,LT1,7.92,202201,20.0,16.15,329.75841314999997,84.09202375000001,371.804425025,37.91350002549291
2,LT1,7.92,202301,30.0,16.15,329.75841314999997,84.09202375000001,371.804425025,37.91350002549291
2,LT1,7.92,202401,40.0,16.15,329.75841314999997,84.09202375000001,371.804425025,37.91350002549291
2,LT1,7.92,202451,45.0,16.15,223.16233365,46.782623825,246.55364556249998,25.141474974889487
2,LT1,7.92,612003,-0.25,2.9,76.933951,26.988207257812498,90.42805462890624,9.22109534131495
2,LT1,7.92,900017,10.0,-4.12,130.94023104528,37.276412798250014,149.578437444405,15.252755777396462
2,LT1,7.92,900018,17.49,-4.12,130.94023054528,37.29939714200001,149.58992911628002,15.253927601808979
2,LT1,7.92,900019,15.0,0.0,224.6577036,86.83761605149999,268.07651162574996,27.336196522334333
2,LT1,7.92,900020,15.0,16.15,282.18635399999994,84.09202375000001,324.2323658749999,33.0625000254929
2,LT1,7.92,900021,25.0,0.0,222.1512675,76.0015375,260.15203625,26.52812492033467
2,LT1,7.92,900022,25.0,16.15,282.18635399999994,84.09202375000001,324.2323658749999,33.0625000254929
2,LT1,7.92,900023,17.49,0.0,103.48208680000002,31.375098130409,119.16963586520453,12.151920978642506
2,LT1,7.92,900024,35.0,0.0,222.151268,76.0603774,260.1814567,26.531124971320484
2,LT1,7.92,900025,35.0,16.15,282.18635399999994,84.09202375000001,324.2323658749999,33.0625000254929
2,LT1,7.92,900049,-0.25,0.0,110.77106759375,32.98129622343749,127.26171570546875,12.977083479625433
2,LT1,7.92,900050,-0.25,7.25,227.08156159375005,76.6842642146875,265.4236937010938,27.065684377549296
2,LT1,7.92,900052,-0.25,16.15,160.79499399999997,46.1357404160625,183.86286420803123,18.748794359748867
2,LT1,7.92,900134,15.0,7.25,405.29045649999995,156.14791690624997,483.36441495312494,49.289453070429246
2,LT1,7.92,900135,25.0,7.25,405.29045649999995,156.17090125,483.3759071249999,49.29062494582757
2,LT1,7.92,900136,35.0,7.25,405.29045649999995,156.19296621249998,483.38693960624994,49.291749945827576
2,LT1,7.92,3000149,-0.25,12.25,16.140520068750007,-0.0,16.140520068750007,1.6458750000000009
2,LT1,7.92,3000150,1.4125,12.25,32.281040137500014,-0.0,32.281040137500014,3.2917500000000017
2,LT1,7.92,3000151,3.075,12.25,21.23752640625,-0.0,21.23752640625,2.1656250000000004
2,LT1,7.92,3000152,3.5999999999999996,12.25,32.523754725,-0.0,32.523754725,3.3165000000000004
2,LT1,7.92,3000153,4.737500000000001,12.25,27.18403380000001,-0.0,27.18403380000001,2.772000000000001
2,LT1,7.92,3000154,6.4,12.25,32.523754725,-0.0,32.523754725,3.3165000000000004
2,LT1,7.92,3000178,3.6,10.0,16.383234656250004,-0.0,16.383234656250004,1.6706250000000005
2,LT1,7.92,3000179,3.6,11.125,32.76646931250001,-0.0,32.76646931250001,3.341250000000001
2,LT1,7.92,3000191,6.4,10.0,16.383234656250004,-0.0,16.383234656250004,1.6706250000000005
2,LT1,7.92,3000192,6.4,11.125,32.76646931250001,-0.0,32.76646931250001,3.341250000000001
2,LT1,7.92,3000207,-0.25,1.8125,35.193615187500015,-0.0,35.193615187500015,3.588750000000002
2,LT1,7.92,3000208,-0.25,3.625,35.193615187500015,-0.0,35.193615187500015,3.588750000000002
2,LT1,7.92,3000209,-0.25,5.4375,35.193615187500015,-0.0,35.193615187500015,3.588750000000002
2,LT1,7.92,3000225,3.3,2.305,35.67904436250001,-0.0,35.67904436250001,3.638250000000001
2,LT1,7.92,3000226,5.0,2.305,33.00918390000001,-0.0,33.00918390000001,3.3660000000000014
2,LT1,7.92,3000227,6.7,2.305,35.67904436250001,-0.0,35.67904436250001,3.638250000000001
2,LT1,7.92,3000239,3.3,3.885,19.1744524125,-0.0,19.1744524125,1.95525
2,LT1,7.92,3000245,6.7,3.885,19.1744524125,-0.0,19.1744524125,1.95525
2,LT1,7.92,3000323,30.0,16.4,13.652695546875,-0.0,13.652695546875,1.3921875000000001
2,LT1,7.92,3000324,31.875,16.4,27.30539109375,-0.0,27.30539109375,2.7843750000000003
2,LT1,7.92,3000325,33.75,16.4,27.30539109375,-0.0,27.30539109375,2.7843750000000003
2,LT1,7.92,3000326,35.625,16.4,27.30539109375,-0.0,27.30539109375,2.7843750000000003
2,LT1,7.92,3000327,37.5,16.4,27.30539109375,-0.0,27.30539109375,2.7843750000000003
2,LT1,7.92,3000328,39.375,16.4,19.295809706249983,-0.0,19.295809706249983,1.9676249999999984
2,LT1,7.92,3000329,40.15,16.4,26.921092996875004,-0.0,26.921092996875004,2.7451875000000006
2,LT1,7.92,3000330,41.25,16.4,21.662276934375015,-0.0,21.662276934375015,2.2089375000000016
2,LT1,7.92,3000331,43.125,16.4,27.30539109375,-0.0,27.30539109375,2.7843750000000003
2,LT1,7.92,3000332,45.0,16.4,13.652695546875,-0.0,13.652695546875,1.3921875000000001
2,LT1,7.92,3000342,40.15,0.0,13.268397449999998,-0.0,13.268397449999998,1.353
2,LT1,7.92,3000343,40.15,1.822222222222222,26.536794899999997,-0.0,26.536794899999997,2.706
2,LT1,7.92,3000344,40.15,3.644444444444444,26.536794899999997,-0.0,26.536794899999997,2.706
2,LT1,7.92,3000345,40.15,5.466666666666666,26.536794899999997,-0.0,26.536794899999997,2.706
2,LT1,7.92,3000346,40.15,7.288888888888888,26.536794900000004,-0.0,26.536794900000004,2.7060000000000004
2,LT1,7.92,3000347,40.15,9.11111111111111,26.536794899999997,-0.0,26.536794899999997,2.706
2,LT1,7.92,3000348,40.15,10.933333333333332,26.536794899999997,-0.0,26.536794899999997,2.706
2,LT1,7.92,3000349,40.15,12.755555555555555,26.536794899999997,-0.0,26.536794899999997,2.706
2,LT1,7.92,3000350,40.15,14.577777777777776,26.536794899999997,-0.0,26.536794899999997,2.706
2,LT2,7.92,702001,-20.8,16.15,303.99144015,101.60056904208747,354.79172467104377,36.17868738774646
2,LT2,7.92,702002,-10.8,16.15,333.14170715000006,116.09602602499999,391.18972016250007,39.89025000000001
2,LT2,7.92,702003,-0.8,16.15,47.57205915,-0.0,47.57205915,4.851
2,LT2,7.92,702004,-28.3,7.25,192.49817994999998,61.341637706562494,223.16899880328123,22.756904631375775
2,LT2,7.92,702005,-20.8,7.25,414.0795136499999,173.09288628896246,500.6259567944811,51.04964047809202
2,LT2,7.92,702006,-10.8,7.25,452.86251565,197.8393571,551.7821941999999,56.26612494582757
2,LT2,7.92,702007,-20.8,0.0,247.28678415000005,83.126681640625,288.85012497031255,29.454515555292843
2,LT2,7.92,702008,-10.8,0.0,269.72332665,95.001921875,317.2242875875,32.34787492033467
2,LT2,7.92,600003,-32.05,0.07599999999999985,44.35990985,10.3858763499225,49.55284802496125,5.05298425302843
2,LT2,7.92,601003,-31.31,0.0,38.33370999999998,11.409866639289998,44.03864331964498,4.490691859059412
2,LT2,7.92,602003,-32.05,15.493,44.35991035,10.3858753692575,49.55284803462875,5.052984254014241
2,LT2,7.92,603003,-31.31,16.15,46.43870249999998,11.318421099037499,52.09791304951872,5.312508659890862
2,LT2,7.92,900048,-32.05,0.0,79.31686740624997,2.6879223504699996,80.66082858148496,8.22511546567737
2,LT2,7.92,900051,-32.05,16.15,85.01759797249998,3.6933501223849996,86.86427303369248,8.857690754099767
2,LT2,7.92,900053,-32.05,11.885,169.79439771999998,41.6861073296675,190.63745138483372,19.439609997790654
2,LT2,7.92,900054,-24.55,11.885,167.40296349999997,73.07272018593748,203.93932359296872,20.796023473150232
2,LT2,7.92,900055,-32.05,4.265,175.48735990999995,43.181940170792494,197.0783299953962,20.096396832291987
2,LT2,7.92,900056,-24.55,4.265,138.4289095,58.0354482421875,167.44663362109375,17.074804711200436
2,LT2,7.92,900057,-28.3,0.0,118.03598175,41.767788388515,138.9198759442575,14.165884980524186
2,LT2,7.92,900058,-28.3,16.15,136.71445874999998,42.251316544412504,157.84011702220624,16.095212638587718
2,LT2,7.92,900059,-24.55,0.0,129.36833785,47.356847312424996,153.04676150621248,15.606426405165116
2,LT2,7.92,900060,-24.55,16.15,151.57904284999998,49.015357767074995,176.08672173353747,17.95584850418211
2,LT2,7.92,900061,-15.8,0.0,222.1512675,95.001921875,269.65222843749996,27.49687492033467
2,LT2,7.92,900062,-15.8,16.15,285.56964800000003,116.09602602499999,343.61766101250004,35.03925
2,LT2,7.92,900063,-5.8,0.0,231.80539450000003,100.055411203125,281.83310010156254,28.738978152739474
2,LT2,7.92,900064,-5.8,16.15,297.41427749999997,121.3990185940875,358.1137867970437,36.517443448786665
2,LT2,7.92,900142,-24.55,7.25,189.62242179999998,79.22260524237498,229.23372442118747,23.375334535359933
2,LT2,7.92,900143,-15.8,7.25,405.29045649999995,197.8393571,504.21013504999996,51.41512494582758
2,LT2,7.92,900144,-5.8,7.25,420.6093315,207.3532761458375,524.2859695729187,53.4622903410358
2,LT2,7.92,900145,-28.3,11.885,204.70222999999996,83.11325829810498,246.25885914905245,25.111415126373682
2,LT2,7.92,900146,-28.3,4.265,178.09843599999996,70.15425133928748,213.1755616696437,21.73785764452119
2,LT2,7.92,3000007,-32.05,-1.09,31.74706804500001,-0.0,31.74706804500001,3.237300000000001
2,LT2,7.92,3000008,-32.05,0.36749999999999994,53.1544946625,-0.0,53.1544946625,5.42025
2,LT2,7.92,3000009,-32.05,1.825,42.45078135375,-0.0,42.45078135375,4.328775
2,LT2,7.92,3000020,-30.2,0.0,26.941319212499973,-0.0,26.941319212499973,2.7472499999999975
2,LT2,7.92,3000030,-32.05,14.325,42.523595730000025,-0.0,42.523595730000025,4.3362000000000025
2,LT2,7.92,3000031,-32.05,15.785,53.15449466249997,-0.0,53.15449466249997,5.420249999999998
2,LT2,7.92,3000032,-32.05,17.245,31.89269679750007,-0.0,31.89269679750007,3.252150000000007
2,LT2,7.92,3000044,-30.2,16.15,26.941319212499973,-0.0,26.941319212499973,2.7472499999999975
2,LT2,7.92,3000059,-0.575,-0.35,24.1197621328125,-0.0,24.1197621328125,2.4595312500000004
2,LT2,7.92,3000060,-0.575,1.6374999999999997,48.23952426562499,-0.0,48.23952426562499,4.9190625
2,LT2,7.92,3000061,-0.575,3.6249999999999996,48.23952426562499,-0.0,48.23952426562499,4.9190625
2,LT2,7.92,3000062,-0.575,5.6125,35.436329775000004,-0.0,35.436329775000004,3.6135000000000006
2,LT2,7.92,3000063,-0.575,6.545,24.119762132812504,-0.0,24.119762132812504,2.4595312500000004
2,LT2,7.92,3000064,-0.575,7.6,12.803194490624998,-0.0,12.803194490624998,1.3055625
2,LT2,7.92,3000095,-0.575,9.65,19.720560234374997,-0.0,19.720560234374997,2.0109375
2,LT2,7.92,3000096,-0.575,11.275,39.44112046874999,-0.0,39.44112046874999,4.021875
2,LT2,7.92,3000097,-0.575,12.899999999999999,21.48024099375,-0.0,21.48024099375,2.1903750000000004
2,LT2,7.92,3000098,-0.575,13.045,38.9799627525,-0.0,38.9799627525,3.9748500000000004
2,LT2,7.92,3000099,-0.575,14.524999999999999,37.68143970937499,-0.0,37.68143970937499,3.8424374999999995
2,LT2,7.92,3000100,-0.575,16.15,19.720560234374997,-0.0,19.720560234374997,2.0109375
2,LT2,7.92,3000124,-1.8975000000000002,13.045,38.518805036250015,-0.0,38.518805036250015,3.9278250000000017
2,LT2,7.92,3000125,-3.2200000000000006,13.045,37.129264022812514,-0.0,37.129264022812514,3.7861312500000017
2,LT2,7.92,3000136,-3.22,10.1,17.869861504687506,-0.0,17.869861504687506,1.8222187500000007
2,LT2,7.92,3000137,-3.22,11.5725,35.73972300937501,-0.0,35.73972300937501,3.6444375000000013
3,LT1,11.88,300001,0.0,0.0,261.14592265,43.544888155250014,282.91836672762497,28.849644550139445
3,LT1,11.88,300101,10.0,0.0,407.27614594999994,107.68213944231351,461.1172156711567,47.02087009031185
3,LT1,11.88,300201,20.0,0.0,275.27585345,82.35931127812499,316.4555090890625,32.26948133043012
3,LT1,11.88,300301,30.0,0.0,301.55632705,89.68487882812501,346.3987664640625,35.32284383189596
3,LT1,11.88,300401,40.0,0.0,269.72332665,76.0015375,307.7240954,31.379124920334675
3,LT1,11.88,300451,45.0,0.0,186.98278215000002,42.41376125,208.18966277500002,21.2294374506075
3,LT1,11.88,301001,0.0,7.25,407.78113165,121.2625917825,468.41242754125,47.764774672416166
3,LT1,11.88,301101,10.0,7.25,559.0641226500001,189.86562451875,653.9969349093751,66.68912777649606
3,LT1,11.88,301201,20.0,7.25,452.8625156499999,156.17090125,530.9479662749999,54.141624945827566
3,LT1,11.88,301301,30.0,7.25,452.8625156499999,156.17090125,530.9479662749999,54.141624945827566
3,LT1,11.88,301401,40.0,7.25,452.8625156499999,156.17090125,530.9479662749999,54.141624945827566
3,LT1,11.88,301451,45.0,7.25,313.04947415,87.23505507499998,356.6670016875,36.369912425496985
3,LT1,11.88,302001,0.0,16.15,328.72607915000003,86.195550175,371.82385423750003,37.91548125379207
3,LT1,11.88,302101,10.0,16.15,441.35392214999996,120.72353899375,501.715691646875,51.16076250777534
3,LT1,11.88,302201,20.0,16.15,329.75841314999997,84.09202375000001,371.804425025,37.91350002549291
3,LT1,11.88,302301,30.0,16.15,329.75841314999997,84.09202375000001,371.804425025,37.91350002549291
3,LT1,11.88,302401,40.0,16.15,329.75841314999997,84.09202375000001,371.804425025,37.91350002549291
3,LT1,11.88,302451,45.0,16.15,223.16233365,46.782623825,246.55364556249998,25.141474974889487
3,LT1,11.88,612004,-0.25,4.35,80.3706,28.341218224062498,94.54120911203124,9.64052037260749
3,LT1,11.88,900026,20.0,-2.46,44.6220973375,17.207606171875,53.2259004234375,5.4275313612128
3,LT1,11.88,900027,25.0,0.0,267.13927590000003,100.05847578125,317.168513790625,32.34218757584139
3,LT1,11.88,900028,25.0,-2.46,70.566203275,31.105467968749995,86.118937259375,8.781687656781369
3,LT1,11.88,900029,30.0,-2.46,44.6220973375,17.207606171874996,53.2259004234375,5.4275313612128
3,LT1,11.88,900066,-0.25,0.0,129.59450659375,39.73194864124999,149.46048091437498,15.240727558786638
3,LT1,11.88,900067,-0.25,7.25,218.62255759375,75.76090682562497,256.5030110065625,26.156027900104775
3,LT1,11.88,900069,-0.25,16.15,167.72278,50.610024478562494,193.02779223928124,19.68335693017302
3,LT1,11.88,900115,10.0,-4.12,130.94023154528,46.58593919312499,154.2332011418425,15.727409578382272
3,LT1,11.88,900116,17.49,-4.12,130.94023154528,46.608923536875,154.2446933137175,15.728581453780599
3,LT1,11.88,900117,15.0,0.0,224.6577031,91.43487550499998,270.37514085249995,27.57059147134852
3,LT1,11.88,900118,15.0,16.15,282.18635399999994,84.09202375000001,324.2323658749999,33.0625000254929
3,LT1,11.88,900119,25.0,16.15,282.18635399999994,84.09202375000001,324.2323658749999,33.0625000254929
3,LT1,11.88,900120,17.49,0.0,103.48208730000002,35.538151974186505,121.25116328709328,12.364177704628316
3,LT1,11.88,900121,35.0,0.0,222.151268,76.0015375,260.15203675,26.52812497132048
3,LT1,11.88,900122,35.0,16.15,282.18635399999994,84.09202375000001,324.2323658749999,33.0625000254929
3,LT1,11.88,900162,15.0,7.25,405.29045649999995,156.14791690624997,483.36441495312494,49.289453070429246
3,LT1,11.88,900163,25.0,7.25,405.29045649999995,156.17090125,483.3759071249999,49.29062494582757
3,LT1,11.88,900164,35.0,7.25,405.29045649999995,156.17090125,483.3759071249999,49.29062494582757
3,LT1,11.88,3000155,-0.25,12.25,16.140520068750003,-0.0,16.140520068750003,1.6458750000000004
3,LT1,11.88,3000156,1.4125,12.25,32.28104013750001,-0.0,32.28104013750001,3.291750000000001
3,LT1,11.88,3000157,3.075,12.25,21.237526406249998,-0.0,21.237526406249998,2.165625
3,LT1,11.88,3000158,3.5999999999999996,12.25,32.523754724999996,-0.0,32.523754724999996,3.3165
3,LT1,11.88,3000159,4.737500000000001,12.25,27.184033800000005,-0.0,27.184033800000005,2.7720000000000007
3,LT1,11.88,3000160,6.4,12.25,32.523754725,-0.0,32.523754725,3.3165000000000004
3,LT1,11.88,3000180,3.6,10.0,16.38323465625,-0.0,16.38323465625,1.670625
3,LT1,11.88,3000181,3.6,11.125,32.7664693125,-0.0,32.7664693125,3.34125
3,LT1,11.88,3000193,6.4,10.0,16.38323465625,-0.0,16.38323465625,1.670625
3,LT1,11.88,3000194,6.4,11.125,32.7664693125,-0.0,32.7664693125,3.34125
3,LT1,11.88,3000210,-0.25,1.8125,35.19361518750001,-0.0,35.19361518750001,3.588750000000001
3,LT1,11.88,3000211,-0.25,3.625,35.19361518750001,-0.0,35.19361518750001,3.588750000000001
3,LT1,11.88,3000212,-0.25,5.4375,35.19361518750001,-0.0,35.19361518750001,3.588750000000001
3,LT1,11.88,3000228,3.3,2.305,35.6790443625,-0.0,35.6790443625,3.63825
3,LT1,11.88,3000229,5.0,2.305,33.00918390000001,-0.0,33.00918390000001,3.3660000000000014
3,LT1,11.88,3000230,6.7,2.305,35.6790443625,-0.0,35.6790443625,3.63825
3,LT1,11.88,3000240,3.3,3.885,19.174452412499996,-0.0,19.174452412499996,1.9552499999999997
3,LT1,11.88,3000246,6.7,3.885,19.174452412499996,-0.0,19.174452412499996,1.9552499999999997
3,LT2,11.88,703001,-20.8,16.15,303.99144015,101.60056904208747,354.79172467104377,36.17868738774646
3,LT2,11.88,703002,-10.8,16.15,333.14170715,116.09602602499999,391.1897201625,39.89025
3,LT2,11.88,703003,-0.8,16.15,47.57205915,-0.0,47.57205915,4.851
3,LT2,11.88,703004,-28.3,7.25,192.49817994999998,61.341637706562494,223.16899880328123,22.756904631375775
3,LT2,11.88,703005,-20.8,7.25,414.07951365,173.09288628896246,500.6259567944812,51.04964047809204
3,LT2,11.88,703006,-10.8,7.25,452.86251565,197.8393571,551.7821941999999,56.26612494582757
3,LT2,11.88,703007,-20.8,0.0,247.28678415000002,83.126681640625,288.8501249703125,29.454515555292836
3,LT2,11.88,703008,-10.8,0.0,269.72332665,95.001921875,317.2242875875,32.34787492033467
3,LT2,11.88,600004,-32.05,0.6589999999999998,44.35990885,10.385872917594998,49.552845308797494,5.052983976056808
3,LT2,11.88,601004,-30.939999999999998,0.0,38.33370999999998,11.40986663929,44.03864331964498,4.490691859059412
3,LT2,11.88,602004,-32.05,16.077,44.359909349999995,10.3858753692575,49.55284703462875,5.052984152042619
3,LT2,11.88,603004,-30.939999999999998,16.15,46.43870199999998,11.3184210990375,52.097912549518725,5.312508608905052
3,LT2,11.88,900065,-32.05,0.0,87.91161737624998,4.71773218742,90.27048346995998,9.205027554767428
3,LT2,11.88,900068,-32.05,16.15,83.87912011249996,3.499382430705,85.62881132785246,8.731708720903924
3,LT2,11.88,900070,-32.05,11.885,175.51482638,42.996826413065,197.01323958653248,20.089759457769215
3,LT2,11.88,900071,-24.55,11.885,167.40296349999997,73.07272018593748,203.93932359296872,20.796023473150232
3,LT2,11.88,900072,-32.05,4.265,170.14971923999997,41.990942631924995,191.14519055596247,19.49138498426705
3,LT2,11.88,900073,-24.55,4.265,138.4289095,58.0354482421875,167.44663362109375,17.074804711200436
3,LT2,11.88,900074,-28.3,0.0,114.77887144999998,40.92897265810501,135.24335777905247,13.790984462487442
3,LT2,11.88,900075,-28.3,16.15,132.13250644999997,41.134565152695,152.69978902634747,15.571045058847567
3,LT2,11.88,900076,-24.55,0.0,129.36833785,47.356847312424996,153.04676150621248,15.606426405165116
3,LT2,11.88,900077,-24.55,16.15,151.57904284999998,49.015357767074995,176.08672173353747,17.95584850418211
3,LT2,11.88,900078,-15.8,0.0,222.1512675,95.001921875,269.65222843749996,27.49687492033467
3,LT2,11.88,900079,-15.8,16.15,285.56964800000003,116.09602602499999,343.61766101250004,35.03925
3,LT2,11.88,900080,-5.8,0.0,231.80539450000003,100.055411203125,281.83310010156254,28.738978152739474
3,LT2,11.88,900081,-5.8,16.15,297.41427749999997,121.3990185940875,358.1137867970437,36.517443448786665
3,LT2,11.88,900147,-24.55,7.25,189.62242179999998,79.22260524237498,229.23372442118747,23.375334535359933
3,LT2,11.88,900148,-15.8,7.25,405.29045649999995,197.8393571,504.21013504999996,51.41512494582758
3,LT2,11.88,900149,-5.8,7.25,420.6093315,207.3532761458375,524.2859695729187,53.4622903410358
3,LT2,11.88,900150,-28.3,11.885,204.70222999999996,83.11325829810498,246.25885914905245,25.111415126373682
3,LT2,11.88,900151,-28.3,4.265,178.09843599999996,70.15425133928748,213.1755616696437,21.73785764452119
3,LT2,11.88,3000010,-32.05,-1.09,31.747068045000002,-0.0,31.747068045000002,3.2373000000000003
3,LT2,11.88,3000011,-32.05,0.36749999999999994,53.1544946625,-0.0,53.1544946625,5.42025
3,LT2,11.88,3000012,-32.05,1.825,42.45078135375,-0.0,42.45078135375,4.328775
3,LT2,11.88,3000021,-30.2,0.0,26.94131921249997,-0.0,26.94131921249997,2.747249999999997
3,LT2,11.88,3000033,-32.05,14.325,42.523595730000025,-0.0,42.523595730000025,4.3362000000000025
3,LT2,11.88,3000034,-32.05,15.785,53.15449466249997,-0.0,53.15449466249997,5.420249999999998
3,LT2,11.88,3000035,-32.05,17.245,31.892696797500065,-0.0,31.892696797500065,3.252150000000007
3,LT2,11.88,3000045,-30.2,16.15,26.94131921249997,-0.0,26.94131921249997,2.747249999999997
3,LT2,11.88,3000065,-0.575,-0.35,24.119762132812497,-0.0,24.119762132812497,2.45953125
3,LT2,11.88,3000066,-0.575,1.6374999999999997,48.239524265625,-0.0,48.239524265625,4.919062500000001
3,LT2,11.88,3000067,-0.575,3.6249999999999996,48.239524265625,-0.0,48.239524265625,4.919062500000001
3,LT2,11.88,3000068,-0.575,5.6125,35.436329775,-0.0,35.436329775,3.6134999999999997
3,LT2,11.88,3000069,-0.575,6.545,24.1197621328125,-0.0,24.1197621328125,2.4595312500000004
3,LT2,11.88,3000070,-0.575,7.6,12.803194490624996,-0.0,12.803194490624996,1.3055624999999997
3,LT2,11.88,3000101,-0.575,9.65,19.720560234374997,-0.0,19.720560234374997,2.0109375
3,LT2,11.88,3000102,-0.575,11.275,39.44112046874999,-0.0,39.44112046874999,4.021875
3,LT2,11.88,3000103,-0.575,12.899999999999999,21.48024099375,-0.0,21.48024099375,2.1903750000000004
3,LT2,11.88,3000104,-0.575,13.045,38.9799627525,-0.0,38.9799627525,3.9748500000000004
3,LT2,11.88,3000105,-0.575,14.524999999999999,37.681439709374985,-0.0,37.681439709374985,3.8424374999999986
3,LT2,11.88,3000106,-0.575,16.15,19.720560234374997,-0.0,19.720560234374997,2.0109375
3,LT2,11.88,3000126,-1.8975000000000002,13.045,38.51880503625001,-0.0,38.51880503625001,3.9278250000000012
3,LT2,11.88,3000127,-3.2200000000000006,13.045,37.12926402281251,-0.0,37.12926402281251,3.786131250000001
3,LT2,11.88,3000138,-3.22,10.1,17.869861504687503,-0.0,17.869861504687503,1.8222187500000004
3,LT2,11.88,3000139,-3.22,11.5725,35.739723009375005,-0.0,35.739723009375005,3.644437500000001
4,LT1,15.84,400001,0.0,0.0,259.17267115,42.76801775900001,280.5566800295,28.608819528534212
4,LT1,15.84,400101,10.0,0.0,320.12273005,61.782805238375,351.01413266918746,35.79348020671559
4,LT1,15.84,400201,20.0,0.0,332.64513745,75.275060868,370.282667884,37.75832398260364
4,LT1,15.84,400301,30.0,0.0,332.64513745,75.275060868,370.282667884,37.75832398260364
4,LT1,15.84,400401,40.0,0.0,270.61144115,57.31006260000001,299.26647245000004,30.516687395797756
4,LT1,15.84,400451,45.0,0.0,233.10636814999998,45.59540625937501,255.90407127968749,26.094953045095675
4,LT1,15.84,400501,50.0,0.0,144.53485057500004,26.704120865625004,157.88691100781253,16.099984297166976
4,LT1,15.84,401001,0.0,7.25,407.45809465,121.79123166749999,468.35371048375004,47.758787198865065
4,LT1,15.84,401101,10.0,7.25,502.12757114999994,154.564749096875,579.4099456984375,59.083371558935774
4,LT1,15.84,401201,20.0,7.25,452.8625156499999,118.78304812500001,512.2540397124999,52.235374945827566
4,LT1,15.84,401301,30.0,7.25,452.8625156499999,118.78304812500001,512.2540397124999,52.235374945827566
4,LT1,15.84,401401,40.0,7.25,452.8625156499999,118.78304812500001,512.2540397124999,52.235374945827566
4,LT1,15.84,401451,45.0,7.25,376.84783114999993,89.681201334375,421.68843181718745,43.00025307492237
4,LT1,15.84,401501,50.0,7.25,252.3668120750001,51.024612865624995,277.8791185078126,28.335784239043164
4,LT1,15.84,402001,0.0,16.15,331.59642465,87.28899164999999,375.240920475,38.26392503811189
4,LT1,15.84,402101,10.0,16.15,444.61346914999996,119.41925454375,504.32309642187494,51.42664380006169
4,LT1,15.84,402201,20.0,16.15,329.75841314999997,76.73703625,368.12693127499995,37.5385000254929
4,LT1,15.84,402301,30.0,16.15,329.75841314999997,76.73703625,368.12693127499995,37.5385000254929
4,LT1,15.84,402401,40.0,16.15,329.75841314999997,76.73703625,368.12693127499995,37.5385000254929
4,LT1,15.84,402451,45.0,16.15,273.45279665,57.93646236875,302.42102783437497,30.838362522816148
4,LT1,15.84,402501,50.0,16.15,162.10134957500003,30.14686793125001,177.17478354062504,18.066799930723036
4,LT1,15.84,612005,-0.25,5.8,82.34385049999999,29.1180886203125,96.90289481015624,9.881345292241106
4,LT1,15.84,900030,10.0,-2.46,32.962921775,10.060090603125,37.9929670765625,3.8742044507107423
4,LT1,15.84,900031,12.2,0.0,155.9372094,35.647785649999996,173.761102225,17.71870131237477
4,LT1,15.84,900032,12.2,-2.46,32.962921775,10.06775205625,37.996797803125,3.874595076109069
4,LT1,15.84,900033,12.2,7.25,147.97315450000002,35.878548390625,165.9124286953125,16.918359347515462
4,LT1,15.84,900034,20.0,-4.12,163.87260944528,36.55575887250001,182.15048888153,18.5741806714352
4,LT1,15.84,900035,30.0,-4.12,163.87260944528,36.5557588725,182.15048888153,18.5741806714352
4,LT1,15.84,900036,47.55,0.0,123.76298725000001,32.913569062499995,140.21977178125002,14.298437466540564
4,LT1,15.84,900037,47.55,16.15,141.093177,38.368518125,160.2774360625,16.34375001274645
4,LT1,15.84,900083,-0.25,0.0,146.95454759375002,45.90646048906249,169.90777783828128,17.325771577274736
4,LT1,15.84,900084,-0.25,7.25,203.23576709374998,70.36326537406248,238.41739978078124,24.3118088012503
4,LT1,15.84,900086,-0.25,16.15,94.29479375,28.696401633689998,108.64299456684499,11.078502298628482
4,LT1,15.84,900123,15.0,0.0,182.66295350000001,44.46089943749999,204.89340321875,20.89331251943834
4,LT1,15.84,900124,15.0,16.15,282.18635399999994,76.73703625,320.5548721249999,32.6875000254929
4,LT1,15.84,900125,25.0,0.0,265.2947125,77.383882884,303.986653942,30.998011955356823
4,LT1,15.84,900126,25.0,16.15,282.18635399999994,76.73703625,320.5548721249999,32.6875000254929
4,LT1,15.84,900127,35.0,0.0,222.151268,57.001153125,250.6518445625,25.559374971320484
4,LT1,15.84,900128,35.0,16.15,282.18635399999994,76.73703625,320.5548721249999,32.6875000254929
4,LT1,15.84,900137,47.55,7.25,202.64522825000003,59.3915240625,232.34099028125001,23.69218747291379
4,LT1,15.84,900165,15.0,7.25,358.95219649999996,103.02376157500001,410.46407728749995,41.85568744550891
4,LT1,15.84,900166,25.0,7.25,405.29045649999995,118.78304812500001,464.6819805625,47.384374945827574
4,LT1,15.84,900167,35.0,7.25,405.29045649999995,118.78304812500001,464.6819805625,47.384374945827574
4,LT1,15.84,3000161,-0.25,12.25,16.140520068750003,-0.0,16.140520068750003,1.6458750000000004
4,LT1,15.84,3000162,1.4125,12.25,32.28104013750001,-0.0,32.28104013750001,3.291750000000001
4,LT1,15.84,3000163,3.075,12.25,21.23752640625,-0.0,21.23752640625,2.1656250000000004
4,LT1,15.84,3000164,3.5999999999999996,12.25,32.523754724999996,-0.0,32.523754724999996,3.3165
4,LT1,15.84,3000165,4.737500000000001,12.25,27.184033800000005,-0.0,27.184033800000005,2.7720000000000007
4,LT1,15.84,3000166,6.4,12.25,32.523754725,-0.0,32.523754725,3.3165000000000004
4,LT1,15.84,3000182,3.6,10.0,16.38323465625,-0.0,16.38323465625,1.670625
4,LT1,15.84,3000183,3.6,11.125,32.7664693125,-0.0,32.7664693125,3.34125
4,LT1,15.84,3000195,6.4,10.0,16.38323465625,-0.0,16.38323465625,1.670625
4,LT1,15.84,3000196,6.4,11.125,32.7664693125,-0.0,32.7664693125,3.34125
4,LT1,15.84,3000213,-0.25,1.8125,35.1936151875,-0.0,35.1936151875,3.58875
4,LT1,15.84,3000214,-0.25,3.625,35.1936151875,-0.0,35.1936151875,3.58875
4,LT1,15.84,3000215,-0.25,5.4375,35.1936151875,-0.0,35.1936151875,3.58875
4,LT1,15.84,3000231,3.3,2.305,35.6790443625,-0.0,35.6790443625,3.63825
4,LT1,15.84,3000232,5.0,2.305,33.00918390000001,-0.0,33.00918390000001,3.3660000000000014
4,LT1,15.84,3000233,6.7,2.305,35.6790443625,-0.0,35.6790443625,3.63825
4,LT1,15.84,3000241,3.3,3.885,19.174452412499996,-0.0,19.174452412499996,1.9552499999999997
4,LT1,15.84,3000247,6.7,3.885,19.174452412499996,-0.0,19.174452412499996,1.9552499999999997
4,LT2,15.84,704001,-20.8,16.15,301.03105765000004,101.60056904208747,351.8313421710438,35.87681238455985
4,LT2,15.84,704002,-10.8,16.15,329.75841315,116.09602602499999,387.80642616250003,39.54525002549291
4,LT2,15.84,704003,-0.8,16.15,49.6254799,0.25374706874999997,49.752353434375,5.07332814308403
4,LT2,15.84,704004,-28.3,7.25,192.49817994999998,61.341637706562494,223.16899880328123,22.756904631375775
4,LT2,15.84,704005,-20.8,7.25,414.0795136499999,173.09288628896246,500.6259567944811,51.04964047809202
4,LT2,15.84,704006,-10.8,7.25,452.86251565,197.8393571,551.7821941999999,56.26612494582757
4,LT2,15.84,704007,-20.8,0.0,247.28678415000002,83.126681640625,288.8501249703125,29.454515555292836
4,LT2,15.84,704008,-10.8,0.0,269.72332665,95.001921875,317.2242875875,32.34787492033467
4,LT2,15.84,600005,-32.05,1.2419999999999998,44.35990985,10.3858763499225,49.55284802496125,5.05298425302843
4,LT2,15.84,601005,-30.57,0.0,38.333710499999974,11.409866639289998,44.038643819644975,4.490691910045222
4,LT2,15.84,603005,-30.57,16.15,45.16996649999998,11.318421099037497,50.82917704951873,5.183133592971986
4,LT2,15.84,605005,-0.575,16.15,86.38391936718749,23.02306239835,97.89545056636248,9.982557811929913
4,LT2,15.84,900082,-32.05,0.0,100.66934434624996,8.6103784447625,104.9745335686312,10.704423382972902
4,LT2,15.84,900085,-32.05,16.15,131.65190499249994,14.852879465129998,139.07834472506494,14.182044299028204
4,LT2,15.84,900087,-32.05,11.885,176.18317664999995,43.145956139615,197.75615471980745,20.16551571839593
4,LT2,15.84,900088,-24.55,11.885,167.40296349999997,73.07272018593748,203.93932359296872,20.796023473150232
4,LT2,15.84,900089,-32.05,4.265,161.81678606999998,39.856548795384995,181.74506046769247,18.532838478755995
4,LT2,15.84,900090,-24.55,4.265,138.4289095,58.0354482421875,167.44663362109375,17.074804711200436
4,LT2,15.84,900091,-28.3,0.0,110.35407964999999,39.17072366963001,129.939441484815,13.250135518736267
4,LT2,15.84,900092,-28.3,16.15,125.51381114999998,40.0178137609775,145.52271803048873,14.839187493230485
4,LT2,15.84,900093,-24.55,0.0,129.36833785,47.356847312424996,153.04676150621248,15.606426405165116
4,LT2,15.84,900094,-24.55,16.15,149.04157185,49.015357767074995,173.5492507335375,17.69709847231598
4,LT2,15.84,900095,-15.8,0.0,222.1512675,95.001921875,269.65222843749996,27.49687492033467
4,LT2,15.84,900096,-15.8,16.15,282.186354,116.09602602499999,340.2343670125,34.694250025492906
4,LT2,15.84,900097,-5.8,0.0,231.80539450000003,100.055411203125,281.83310010156254,28.738978152739474
4,LT2,15.84,900098,-5.8,16.15,289.33056224999996,120.0358393268475,349.3484819134237,35.62363109863447
4,LT2,15.84,900152,-24.55,7.25,189.62242179999998,79.22260524237498,229.23372442118747,23.375334535359933
4,LT2,15.84,900153,-15.8,7.25,405.29045649999995,197.8393571,504.21013504999996,51.41512494582758
4,LT2,15.84,900154,-5.8,7.25,420.6093315,207.35327859749998,524.28597079875,53.4622904660358
4,LT2,15.84,900155,-28.3,11.885,204.70222999999996,83.11325829810498,246.25885914905245,25.111415126373682
4,LT2,15.84,900156,-28.3,4.265,178.09843599999996,70.15425133928748,213.1755616696437,21.73785764452119
4,LT2,15.84,3000013,-32.05,-1.09,31.747068045000002,-0.0,31.747068045000002,3.2373000000000003
4,LT2,15.84,3000014,-32.05,0.36749999999999994,53.1544946625,-0.0,53.1544946625,5.42025
4,LT2,15.84,3000015,-32.05,1.825,42.45078135375,-0.0,42.45078135375,4.328775
4,LT2,15.84,3000022,-30.2,0.0,26.94131921249997,-0.0,26.94131921249997,2.747249999999997
4,LT2,15.84,3000036,-32.05,14.325,42.523595730000025,-0.0,42.523595730000025,4.3362000000000025
4,LT2,15.84,3000037,-32.05,15.785,53.15449466249997,-0.0,53.15449466249997,5.420249999999998
4,LT2,15.84,3000038,-32.05,17.245,31.892696797500065,-0.0,31.892696797500065,3.252150000000007
4,LT2,15.84,3000046,-30.2,16.15,26.94131921249997,-0.0,26.94131921249997,2.747249999999997
4,LT2,15.84,3000071,-0.575,-0.35,24.119762132812497,-0.0,24.119762132812497,2.45953125
4,LT2,15.84,3000072,-0.575,1.6374999999999997,48.23952426562499,-0.0,48.23952426562499,4.9190625
4,LT2,15.84,3000073,-0.575,3.6249999999999996,48.23952426562499,-0.0,48.23952426562499,4.9190625
4,LT2,15.84,3000074,-0.575,5.6125,35.436329775,-0.0,35.436329775,3.6134999999999997
4,LT2,15.84,3000075,-0.575,6.545,30.521359378125,-0.0,30.521359378125,3.1123125
4,LT2,15.84,3000076,-0.575,7.6,22.6634746078125,-0.0,22.6634746078125,2.31103125
4,LT2,15.84,3000107,-0.575,9.65,19.720560234375,-0.0,19.720560234375,2.0109375000000003
4,LT2,15.84,3000108,-0.575,11.275,19.720560234374993,-0.0,19.720560234374993,2.0109374999999994
4,LT2,15.84,3000109,-0.575,12.899999999999999,10.740120496874999,-0.0,10.740120496874999,1.0951875
4,LT2,15.84,3000110,-0.575,13.045,38.9799627525,-0.0,38.9799627525,3.9748500000000004
4,LT2,15.84,3000111,-0.575,14.524999999999999,18.840719854687492,-0.0,18.840719854687492,1.9212187499999993
4,LT2,15.84,3000112,-0.575,8.17,12.439122609375008,-0.0,12.439122609375008,1.268437500000001
4,LT2,15.84,3000113,-0.575,9.795,10.740120496874997,-0.0,10.740120496874997,1.0951874999999998
4,LT2,15.84,3000114,-0.575,11.42,19.720560234375004,-0.0,19.720560234375004,2.0109375000000007
4,LT2,15.84,3000128,-1.8975000000000002,13.045,38.51880503625001,-0.0,38.51880503625001,3.9278250000000012
4,LT2,15.84,3000129,-3.2200000000000006,13.045,37.12926402281251,-0.0,37.12926402281251,3.786131250000001
4,LT2,15.84,3000140,-3.22,10.1,17.869861504687503,-0.0,17.869861504687503,1.8222187500000004
4,LT2,15.84,3000141,-3.22,11.5725,35.739723009375005,-0.0,35.739723009375005,3.644437500000001
5,LT1,19.8,500001,0.0,0.0,257.52017707500005,99.77347001562501,307.40691208281254,31.346781223232455
5,LT1,19.8,500101,10.0,0.0,436.487188575,117.22685535312503,495.10061625156254,50.48621254470819
5,LT1,19.8,500201,20.0,0.0,493.11558037499987,103.59328277374999,544.9122217618749,55.56558271804081
5,LT1,19.8,500301,30.0,0.0,486.56173437499984,132.72148493625,552.9224768431249,56.382401415684754
5,LT1,19.8,500401,40.0,0.0,420.206739075,102.75223995312498,471.5828590515625,48.08806871373634
5,LT1,19.8,500451,45.0,0.0,293.40084057499996,81.42584078124997,334.1137609656249,34.07012190356798
5,LT1,19.8,500501,50.0,0.0,147.36357957500002,52.364446421874995,173.54580278593752,17.69674687950906
5,LT1,19.8,501001,0.0,7.25,443.11869007499996,207.8703342187501,547.053857184375,55.78396875430193
5,LT1,19.8,501101,10.0,7.25,592.914104575,268.35529975625,727.0917544531251,74.14272503384184
5,LT1,19.8,501201,20.0,7.25,437.7820945749999,169.36942631875,522.4668077343749,53.27678745895642
5,LT1,19.8,501301,30.0,7.25,431.3258860749999,198.06368421875,530.3577281843749,54.081437410774825
5,LT1,19.8,501401,40.0,7.25,431.3258860749999,198.06368421875,530.3577281843749,54.081437410774825
5,LT1,19.8,501451,45.0,7.25,353.06180157499995,149.46866889062503,427.7961360203125,43.62306557492237
5,LT1,19.8,501501,50.0,7.25,256.77245107500005,97.27890342187497,305.4119027859375,31.14334689072594
5,LT1,19.8,502001,0.0,16.15,318.910419575,127.41044846249997,382.61564380625,39.015937532822115
5,LT1,19.8,502101,10.0,16.15,424.61047757499995,181.8618725875,515.5414138687499,52.57059381835285
5,LT1,19.8,502201,20.0,16.15,305.972383575,120.37662874999998,366.16069795,37.3380000254929
5,LT1,19.8,502301,30.0,16.15,305.972383575,120.37662874999998,366.16069795,37.3380000254929
5,LT1,19.8,502401,40.0,16.15,305.972383575,120.37662874999998,366.16069795,37.3380000254929
5,LT1,19.8,502451,45.0,16.15,249.666767075,90.88435470625,295.10894442812497,30.092737522816147
5,LT1,19.8,502501,50.0,16.15,164.32696957500002,54.585039731250006,191.61948944062502,19.539750010515828
5,LT1,19.8,612006,-0.25,7.25,234.004472296875,33.409560980215,250.70925278698252,25.565228981046793
5,LT1,19.8,900038,15.0,0.0,414.73450649999995,36.12892443125,432.79896871562494,44.13321253594499
5,LT1,19.8,900039,15.0,16.15,282.18635399999994,120.37662874999998,342.37466837499994,34.9125000254929
5,LT1,19.8,900040,25.0,0.0,440.7479384999999,136.1442509525,508.8200639762499,51.885206872504874
5,LT1,19.8,900041,25.0,16.15,282.18635399999994,120.37662874999998,342.37466837499994,34.9125000254929
5,LT1,19.8,900042,35.0,0.0,399.85389499999997,102.26497203125,450.98638101562494,45.98781245538741
5,LT1,19.8,900043,35.0,16.15,282.18635399999994,120.37662874999998,342.37466837499994,34.9125000254929
5,LT1,19.8,900044,47.55,0.0,146.41634900000003,58.53344218749999,175.68307009375002,17.91468749203347
5,LT1,19.8,900045,47.55,16.15,167.2769325,60.188314375,197.3710896875,20.126250012746453
5,LT1,19.8,900046,20.0,-4.12,164.99730944528,60.97223345937499,195.4834261749675,19.933761903908827
5,LT1,19.8,900047,30.0,-4.12,164.99730944528,60.97223345937498,195.4834261749675,19.933761903908827
5,LT1,19.8,900100,-0.25,0.0,142.24132079687502,19.792271362499996,152.13745647812502,15.513703097196803
5,LT1,19.8,900102,-0.25,16.15,153.869434,23.43470633875,165.58678716937501,16.88515315315373
5,LT1,19.8,900138,15.0,7.25,422.2251925,132.79552514374998,488.62295507187497,49.825674931997675
5,LT1,19.8,900139,25.0,7.25,407.5398565,198.06368421875,506.571698609375,51.65593741077483
5,LT1,19.8,900140,35.0,7.25,407.5398565,198.06368421875,506.571698609375,51.65593741077483
5,LT1,19.8,900141,47.55,7.25,250.15844750000002,98.98587343749999,299.65138421875,30.555937472913794
5,LT1,19.8,3000167,-0.25,12.25,8.070260034375003,-0.0,8.070260034375003,0.8229375000000004
5,LT1,19.8,3000168,1.4125,12.25,16.140520068750007,-0.0,16.140520068750007,1.6458750000000009
5,LT1,19.8,3000169,3.075,12.25,10.618763203125003,-0.0,10.618763203125003,1.0828125000000004
5,LT1,19.8,3000170,3.5999999999999996,12.25,16.2618773625,-0.0,16.2618773625,1.6582500000000002
5,LT1,19.8,3000171,4.737500000000001,12.25,13.592016900000004,-0.0,13.592016900000004,1.3860000000000006
5,LT1,19.8,3000172,6.4,12.25,16.261877362500005,-0.0,16.261877362500005,1.6582500000000007
5,LT1,19.8,3000184,3.6,10.0,8.191617328125002,-0.0,8.191617328125002,0.8353125000000002
5,LT1,19.8,3000185,3.6,11.125,16.383234656250004,-0.0,16.383234656250004,1.6706250000000005
5,LT1,19.8,3000197,6.4,10.0,8.191617328125002,-0.0,8.191617328125002,0.8353125000000002
5,LT1,19.8,3000198,6.4,11.125,16.383234656250004,-0.0,16.383234656250004,1.6706250000000005
5,LT1,19.8,3000216,-0.25,1.8125,17.596807593750007,-0.0,17.596807593750007,1.794375000000001
5,LT1,19.8,3000217,-0.25,3.625,17.596807593750007,-0.0,17.596807593750007,1.794375000000001
5,LT1,19.8,3000218,-0.25,5.4375,17.596807593750007,-0.0,17.596807593750007,1.794375000000001
5,LT1,19.8,3000234,3.3,2.305,17.839522181250004,-0.0,17.839522181250004,1.8191250000000005
5,LT1,19.8,3000235,5.0,2.305,16.504591950000005,-0.0,16.504591950000005,1.6830000000000007
5,LT1,19.8,3000236,6.7,2.305,17.839522181250004,-0.0,17.839522181250004,1.8191250000000005
5,LT1,19.8,3000242,3.3,3.885,9.587226206250001,-0.0,9.587226206250001,0.9776250000000002
5,LT1,19.8,3000248,6.7,3.885,9.587226206250001,-0.0,9.587226206250001,0.9776250000000002
5,LT2,19.8,705001,-20.8,16.15,246.43734957499998,41.32135535724,267.09802725362,27.236418884493688
5,LT2,19.8,705002,-10.8,16.15,292.88050557500003,54.91724,320.339125575,32.6655
5,LT2,19.8,705003,-0.8,16.15,23.786029575000004,-0.0,23.786029575000004,2.4255000000000004
5,LT2,19.8,705004,-28.3,7.25,161.339695875,24.574851984375,173.6271218671875,17.70503911806657
5,LT2,19.8,705005,-20.8,7.25,330.52559757499995,55.731553815385,358.39137448269247,36.54574951514457
5,LT2,19.8,705006,-10.8,7.25,405.319876075,79.18869875,444.91422545,45.36862490758822
5,LT2,19.8,705007,-20.8,0.0,202.808903575,29.523142435955002,217.57047479297748,22.18601406117048
5,LT2,19.8,705008,-10.8,0.0,234.537067075,38.00076875,253.53745145000002,25.853624984066936
5,LT2,19.8,600006,-32.05,1.825,63.76501402687501,6.06761952125,66.79882378750001,6.811584362396947
5,LT2,19.8,601006,-30.2,0.0,50.26716460624997,5.124014832265001,52.82917202238247,5.387076322942337
5,LT2,19.8,603006,-30.2,16.15,57.60633110624997,7.676768203125,61.444715207812465,6.2656172299217845
5,LT2,19.8,900099,-32.05,0.0,70.41345903312498,4.902172718625001,72.86454539243748,7.43011582879347
5,LT2,19.8,900101,-32.05,16.15,99.04567882124996,9.854825168125,103.97309140531246,10.602304701943321
5,LT2,19.8,900103,-32.05,11.885,168.22849964999995,26.515588019375006,181.48629365968745,18.50645160780567
5,LT2,19.8,900104,-24.55,11.885,157.45306749999997,28.876728275220003,171.89143163760997,17.528047971285808
5,LT2,19.8,900105,-32.05,4.265,151.80195939999996,24.537063039265004,164.07049091963245,16.73053396619972
5,LT2,19.8,900106,-24.55,4.265,131.1793255,23.114934037544998,142.73679251877252,14.5551021519859
5,LT2,19.8,900107,-28.3,0.0,102.48998884999999,15.356600984375,110.16828934218749,11.234039079827209
5,LT2,19.8,900108,-28.3,16.15,116.86194084999997,20.355540821875,127.03971126093747,12.954445326481263
5,LT2,19.8,900109,-24.55,0.0,123.51766285000001,18.884355034195,132.9598403670975,13.558130489728656
5,LT2,19.8,900110,-24.55,16.15,143.23915234999998,25.74400373937,156.11115421968498,15.91890749845105
5,LT2,19.8,900111,-15.8,0.0,210.75103699999997,38.00076875,229.75142137499998,23.428124933081122
5,LT2,19.8,900112,-15.8,16.15,269.094476,54.91724,296.553096,30.24
5,LT2,19.8,900113,-5.8,0.0,214.355275,38.128783778435015,233.41966688921752,23.80218187548424
5,LT2,19.8,900114,-5.8,16.15,269.9259775,54.08082493751,296.966389968755,30.282144256066548
5,LT2,19.8,900157,-24.55,7.25,175.0349473,29.937049751175003,190.0034721755875,19.374962109954726
5,LT2,19.8,900158,-15.8,7.25,376.9742125,77.602738872715,415.7755819363575,42.397310186083686
5,LT2,19.8,900159,-5.8,7.25,375.4953155,75.96270708866001,413.47666904433004,42.16288631126124
5,LT2,19.8,900160,-28.3,11.885,194.47815649999995,34.080250522360004,211.51828176117996,21.568862125310883
5,LT2,19.8,900161,-28.3,4.265,169.47075999999996,28.758923930765,183.85022196538245,18.74750520976913
5,LT2,19.8,3000016,-32.05,-1.09,15.873534022500007,-0.0,15.873534022500007,1.6186500000000008
5,LT2,19.8,3000017,-32.05,0.36749999999999994,26.577247331250007,-0.0,26.577247331250007,2.710125000000001
5,LT2,19.8,3000039,-32.05,14.325,21.261797865000016,-0.0,21.261797865000016,2.1681000000000017
5,LT2,19.8,3000040,-32.05,15.785,26.577247331249993,-0.0,26.577247331249993,2.7101249999999992
5,LT2,19.8,3000041,-32.05,17.245,15.946348398750036,-0.0,15.946348398750036,1.6260750000000037
5,LT2,19.8,3000077,-0.575,-0.35,12.059881066406252,-0.0,12.059881066406252,1.2297656250000002
5,LT2,19.8,3000078,-0.575,1.6374999999999997,24.119762132812504,-0.0,24.119762132812504,2.4595312500000004
5,LT2,19.8,3000079,-0.575,3.6249999999999996,24.119762132812504,-0.0,24.119762132812504,2.4595312500000004
5,LT2,19.8,3000080,-0.575,5.6125,17.718164887500002,-0.0,17.718164887500002,1.8067500000000003
5,LT2,19.8,3000081,-0.575,6.545,18.46147831171875,-0.0,18.46147831171875,1.882546875
5,LT2,19.8,3000082,-0.575,7.6,16.2618773625,-0.0,16.2618773625,1.6582500000000002
5,LT2,19.8,3000115,-0.575,8.17,12.439122609375008,-0.0,12.439122609375008,1.268437500000001
5,LT2,19.8,3000116,-0.575,9.65,9.860280117187502,-0.0,9.860280117187502,1.0054687500000004
5,LT2,19.8,3000117,-0.575,9.795,10.740120496874997,-0.0,10.740120496874997,1.0951874999999998
5,LT2,19.8,3000118,-0.575,11.42,19.720560234375004,-0.0,19.720560234375004,2.0109375000000007
5,LT2,19.8,3000119,-0.575,13.045,19.489981376250007,-0.0,19.489981376250007,1.9874250000000009
5,LT2,19.8,3000130,-1.8975000000000002,13.045,19.259402518125007,-0.0,19.259402518125007,1.9639125000000008
5,LT2,19.8,3000131,-3.2200000000000006,13.045,18.564632011406257,-0.0,18.564632011406257,1.8930656250000009
5,LT2,19.8,3000142,-3.22,10.1,8.934930752343753,-0.0,8.934930752343753,0.9111093750000003
5,LT2,19.8,3000143,-3.22,11.5725,17.869861504687506,-0.0,17.869861504687506,1.8222187500000007
