caso,panel_id,source_wall_id,floor,z_cut_m,P_compresion_kN,M_principal_kNm,V_en_plano_kN,V_fuera_plano_kN,M_vertical_kNm,shells_corte,terminos_nodales
G,101,1,1,0.0,2300.3111360242983,42.02531159676096,31.83735795539627,-52.72025121039432,-4.819926147092701e-08,1,2
G,102,1,2,3.96,1840.9730365504415,121.94157915254118,57.271488936582614,-104.16316863468,8.341089596797246e-08,1,2
G,103,1,3,7.92,1376.626170931725,84.41868102060937,48.879210657295715,-70.00331074181301,6.702631623056732e-07,1,2
G,104,1,4,11.88,909.437189922765,-69.18903780744324,-39.61255771022854,-90.50776763884392,-1.2486711966630537e-06,1,2
G,105,1,5,15.84,438.6901029991756,87.41677838580392,56.35890403561067,0.8924636804416717,-1.6800721065468593e-06,1,2
G,201,2,1,0.0,729.9443976850403,13.249695006369336,10.037647816721659,16.83794031543217,-1.0354008050939001e-07,1,2
G,202,2,2,3.96,584.1852711825613,54.47188474910203,26.048552342594732,28.21336075253712,-2.0517840582101599e-07,1,2
G,203,2,3,7.92,436.83678062245207,14.388094486495902,8.92189046877256,28.273709783311183,-1.2937075766217276e-07,1,2
G,204,2,4,11.88,288.5864188192784,-60.08565832495145,-22.78634027137747,11.052595835109596,-3.339389786916058e-07,1,2
G,205,2,5,15.84,139.20698687518802,-274.46645188590645,-131.6543173456954,38.53356444620833,-3.416169640502176e-07,1,2
G,301,3,1,0.0,2546.2354145236786,-46.42401013056292,-35.169709675062336,-73.80950210580738,-4.8418783649140096e-08,1,2
G,302,3,2,3.96,2028.540615369156,-113.31982206616794,-53.95538499961788,-132.57400200300003,8.37950437926338e-08,1,2
G,303,3,3,7.92,1506.645915305266,-113.46271549640005,-56.793365170921646,-98.29390808536328,6.734115203244073e-07,1,2
G,304,3,4,11.88,981.539324728762,-270.16620256045314,-130.35303594294487,-112.7158259904121,-1.2545269072461451e-06,1,2
G,305,3,5,15.84,457.7059411491658,-154.05475109425367,-97.41146312225227,-34.87003475268949,-1.1235375403373382e-06,1,2
G,401,4,1,0.0,806.5985926183762,18.518100851737472,14.028863712896907,-18.568486058806243,1.0171911135614664e-07,1,2
G,402,4,2,3.96,642.6027658998695,66.823465358274,31.414596925554875,-30.562745497069223,2.3728054365790285e-07,1,2
G,403,4,3,7.92,477.2765340560206,23.27056108398915,14.27620885098851,-27.562304121114398,3.363624276886412e-07,1,2
G,404,4,4,11.88,310.9328374981073,-49.29982086528494,-18.59477341734764,-36.819608178704755,1.6902799515605693e-07,1,2
G,405,4,5,15.84,144.99247903069735,-265.21369548372945,-124.85668860855978,-42.703313712940385,1.3747781935080639e-07,1,2
G,501,5,1,0.0,2203.4596240716974,1.1593934013098988,0.8783313573026419,25.94906766559399,-5.305097872110309e-07,4,8
G,502,5,2,3.96,1765.1522271239132,20.484525000125814,10.923030522006641,21.703865406764578,9.176666004862e-07,4,8
G,503,5,3,7.92,1303.6082652312832,9.115278094817995,8.633268895771621,30.17958639473249,7.381673986728288e-06,4,8
G,504,5,4,11.88,536.9751887151699,-169.92413987862057,-86.12731733121684,20.697676348270242,-1.375446216300702e-05,4,8
G,505,5,5,15.84,96.47904853124952,-53.09263699516896,-13.40723156443594,1.0392373811267466,-1.7092344467561915e-07,4,8
G,601,6,1,0.0,1561.6392434065842,-51.98198983843804,14.58566989170781,-0.3956387970517423,-1.5547741443939198,3,6
G,602,6,2,3.96,1357.0598356820803,-65.49952017597093,73.74077463814481,0.7706158840398271,2.515605358341632,3,6
G,603,6,3,7.92,1129.993736157599,-137.6606400660035,207.81559565422424,-2.022636827749117,-5.613300211846419,3,6
G,604,6,4,11.88,724.147215266696,-173.35769602500963,469.29205862851654,2.905246323813001,8.576480343759838,3,6
G,705,7,5,15.84,154.21120112280795,-138.2733863706838,25.48497364110694,11.525871585917404,34.44270398233743,3,6
G,801,8,1,0.0,879.7208473517378,8.205175591081456,6.216032140277491,-0.5844522888016528,-1.9780162791027678e-07,1,2
G,802,8,2,3.96,704.7286989601257,-6.440629602179172,-3.68874962056357,-4.300122084810063,-3.230425349443067e-08,1,2
G,803,8,3,7.92,520.4594506464807,31.267608999262393,13.52934820278837,-9.208522405985324,2.3681605032521702e-07,1,2
G,804,8,4,11.88,214.38480958029533,142.52650329563897,62.17371793661056,11.55466058555042,-4.7222721022421865e-07,1,2
G,805,8,5,15.84,45.58597844227481,431.629683151235,150.45284659766884,-1.6701371362580595,5.150664330226584,1,2
G,901,9,1,0.0,816.2501270287097,0.4295079351508093,0.32537535540450335,9.612579317066992,9.880861462363555e-08,1,2
G,902,9,2,3.96,653.8834339898843,7.5882925816735565,4.046330091377541,8.039985897455777,-6.358682380636083e-08,1,2
G,903,9,3,7.92,482.9089719405184,3.3766641034088707,3.198108648542913,11.179737867296849,3.2818714501559043e-07,1,2
G,904,9,4,11.88,198.9172186530136,-62.946734703920356,-31.905022700105437,7.667246765180383,1.8709170923614238e-07,1,2
G,905,9,5,15.84,-46.65641058195549,-21.594268929746953,-35.48215865374052,12.058026968218236,16.846461669191257,1,2
G,1002,10,2,3.96,1181.2087497985742,10.79524429558046,6.182783165035474,7.20751357129841,-2.688886096002818e-07,3,6
G,1003,10,3,7.92,872.3516953319097,-52.40820545218202,-22.676784227802756,15.434575194082042,-1.4037175866121743e-07,3,6
G,1004,10,4,11.88,359.33433479291887,-238.8913450897579,-104.21053024708793,-19.366980096543756,-6.182920930797309e-07,3,6
G,1005,10,5,15.84,-32.25051001136251,-1511.468472001452,-455.9749208371029,1.4506054112433897,4.892130477679484,3,6
G,1101,11,1,0.0,748.344764190716,0.3937685879546393,0.29830143847826207,8.812891642472984,3.050701380402643e-08,1,2
G,1102,11,2,3.96,599.4856672488762,6.956994099394706,3.7097040730942723,7.371123591060132,5.190330298887602e-08,1,2
G,1103,11,3,7.92,442.73488122444763,3.095756938809359,2.9320545763354176,10.249672728979082,-9.163895420272183e-09,1,2
G,1104,11,4,11.88,182.36893010687893,-57.71007972624592,-29.25078421395668,7.02939487050964,-4.872105652253822e-08,1,2
G,1105,11,5,15.84,32.766469312499964,-34.533635725409646,-8.720615082174163,0.8824961179778337,0.00041355515667934606,1,2
G,1201,12,1,0.0,748.3447716270441,0.39377178315339734,0.29830564347392396,8.812891067789213,-1.8627599196463507e-07,1,2
G,1202,12,2,3.96,599.4856609741812,6.9570059930154,3.709707540828802,7.371123379959662,-2.8588972966758774e-08,1,2
G,1203,12,3,7.92,442.73488231006877,3.0957568909615247,2.932054764037204,10.249672829822472,2.7272221814200748e-08,1,2
G,1204,12,4,11.88,182.36893470710922,-57.71007842740593,-29.250783188670678,7.029395396352972,1.4831286776484376e-07,1,2
G,1205,12,5,15.84,129.57905959886264,-8.542831873158377,24.60549597155067,14.797407322244403,14.899356957123812,1,2
G,1301,13,1,0.0,1607.5554688329407,0.8458185296454985,0.6408037962909532,18.931404120814364,3.1438785477178044e-06,4,8
G,1302,13,2,3.96,1287.7840298331748,14.944741028860335,7.969016089794891,15.834281532504946,6.920538790033959e-06,4,8
G,1303,13,3,7.92,951.060145208844,6.650115081763829,6.298505912063575,22.017829411187343,3.6451217493294052e-06,4,8
G,1304,13,4,11.88,1297.9314057716215,-1042.572365447596,198.3455430006469,110.29168996299146,151.44178988276587,4,8
G,1305,13,5,15.84,641.5029754166111,759.1085983370916,529.0229547546244,176.00575078383554,136.62044787638968,4,8
G,1401,14,1,0.0,753.8880778104649,-7.031512635994602,-5.326903588476611,0.5008530050528224,1.0973859015939169e-08,2,4
G,1402,14,2,3.96,603.92629675885,5.519383090338579,3.1611227552490107,3.6850444108710065,-3.4541833837664626e-08,2,4
G,1403,14,3,7.92,446.0144010882493,-26.795172086368865,-11.594145579100257,7.891361566446277,-1.3645841789866608e-08,2,4
G,1404,14,4,11.88,183.71981117554392,-122.13992951731346,-53.28057233153933,-9.901915291285043,-2.8366001991741996e-08,2,4
G,1405,14,5,15.84,25.668424549999685,-585.3875719176795,-209.90979770850674,-0.4617417535946562,-5.110102305634908,2,4
G,1501,15,1,0.0,437.9202814376037,0.23041245539124589,0.17455862846988168,5.157173855477923,-2.6451776324876164e-08,1,2
G,1502,15,2,3.96,350.8101267059071,4.071137938736513,2.1708662738979996,4.313472783247709,-1.8756032948985535e-08,1,2
G,1503,15,3,7.92,259.0818939278332,1.811591770668457,1.7157952796122657,5.997957183493833,-4.1152707019875834e-08,1,2
G,1504,15,4,11.88,106.71959309532195,-33.771081859035746,-17.117124444443675,4.113498771898243,-8.8813850718239e-08,1,2
G,1505,15,5,15.84,-59.015831006286305,4.5727052888254,16.104792033482852,8.412775965219119,-5.934345350802947,1,2
G,1601,16,1,0.0,437.9202812869115,0.23041284580341426,0.17455888666252406,5.157173490873504,6.956072118313728e-08,1,2
G,1602,16,2,3.96,350.8101267754053,4.071138286902141,2.1708664193993457,4.313472659054394,1.3948287413967364e-08,1,2
G,1603,16,3,7.92,259.0818946958667,1.8115915043362207,1.7157948327090935,5.997957013986524,3.484197819147994e-09,1,2
G,1604,16,4,11.88,106.71959752780705,-33.77108576357795,-17.117126929853193,4.113498603063155,-4.437949363556015e-08,1,2
G,1605,16,5,15.84,104.70549518128631,-39.90019804182361,-26.265812784850652,8.639754823719006,-6.101598321417939,1,2
G,1701,17,1,0.0,620.8489839566923,-5.790657003523165,-4.386859252937398,0.412467958783136,1.4469398623706553e-07,1,2
G,1801,18,1,0.0,534.9762008112193,286.75591464856177,-229.074076185315,9.028779994203065,-22.153801925083144,2,4
G,1901,19,1,0.0,681.1175005046683,-89.17048684480085,242.75194546069494,-0.9054956374964005,-1.6934885532621415,2,4
G,2001,20,1,0.0,2186.6965965080476,96.13955866014135,-3.0951282383285346,55.355460774382905,161.67110477891327,8,16
G,2101,21,1,0.0,1661.5690210740843,-1559.0390620358755,193.7094715975079,5.844337311083672,28.921243518015928,5,10
G,2201,22,1,0.0,993.8283603900966,-868.0013691904186,68.70049801600278,24.765788794993412,179.54801939752863,8,16
G,2302,23,2,3.96,1566.3918120557232,1599.1767134933025,-156.04274222737894,-110.6438831109859,169.4275902121185,8,16
G,2402,24,2,3.96,1414.0884013487778,-150.2726008423806,21.27159281876328,116.24853964373358,138.76178547871075,8,16
Q,101,1,1,0.0,412.69680967190396,10.73552960142132,8.132978436087157,-17.79102606450774,-1.834883711637758e-08,1,2
Q,102,1,2,3.96,326.1033226266855,30.29625441568399,14.23319231578207,-37.766570240576215,1.4735739739535347e-08,1,2
Q,103,1,3,7.92,237.7986038577832,22.38126141110149,12.80458682918453,-23.05162249960401,2.3286273531653023e-07,1,2
Q,104,1,4,11.88,148.58679595414324,-28.211317394712268,-14.431650845954309,-36.293434763123145,-3.9590782208165365e-07,1,2
Q,105,1,5,15.84,58.3817841512418,14.648842992330039,7.479266775225851,-4.008170398864129,-2.6687286336368743e-07,1,2
Q,201,2,1,0.0,130.95868630239127,4.471255560335052,3.387314581212774,4.301318954571288,-2.6865903057782248e-08,1,2
Q,202,2,2,3.96,103.48047157674955,19.609572861444967,9.523934493277427,7.155952145602741,-5.308587747165916e-08,1,2
Q,203,2,3,7.92,75.45924871060657,5.676141525688976,3.114481663168778,7.265909565066457,-2.614402516698533e-08,1,2
Q,204,2,4,11.88,47.150184640755064,-6.9865925749485385,-1.3774657773120342,2.7582341442021727,-8.791116234974083e-08,1,2
Q,205,2,5,15.84,18.525952853451194,-49.42007015958495,-25.226030793093443,7.295755476520835,-5.514032919151646e-08,1,2
Q,301,3,1,0.0,474.89371454995035,-11.729025758657144,-8.88562555711831,-23.291455526116586,-1.843319097361018e-08,1,2
Q,302,3,2,3.96,374.2621957078712,-30.318792163853118,-14.669697025456003,-45.57401435560434,1.4802715497808094e-08,1,2
Q,303,3,3,7.92,272.18584882362467,-28.01703807357481,-13.488314789174208,-30.1534917192755,2.339575075893663e-07,1,2
Q,304,3,4,11.88,169.01546289057666,-82.40201727859255,-41.053189806351824,-42.94112260317745,-3.97767941251459e-07,1,2
Q,305,3,5,15.84,65.26792456075322,-40.56982374099946,-22.182596161452096,-13.212475048202158,-1.3622616457098502e-07,1,2
Q,401,4,1,0.0,150.43722979034914,5.843605297874873,4.426973222026525,-4.691326356000235,2.6049788548476727e-08,1,2
Q,402,4,2,3.96,118.55908643404085,22.92448153299724,10.995571006066111,-8.116740972753139,6.001420560508564e-08,1,2
Q,403,4,3,7.92,86.22325742274737,8.018215143356507,4.456804302150214,-6.6274995285993725,9.605876316598483e-08,1,2
Q,404,4,4,11.88,53.54085793528288,-4.132691321980197,-0.12577519841367035,-11.284019690778006,3.542403259615412e-08,1,2
Q,405,4,5,15.84,20.675628974056934,-46.661966023636374,-23.47788766534972,-8.37153363655927,4.3723666465211863e-08,1,2
Q,501,5,1,0.0,420.31239746485676,0.5572029752262324,0.4221262981422065,12.999254782376097,-2.0180755910814696e-07,4,8
Q,502,5,2,3.96,334.6528383634526,4.758089799216094,2.5170994817281205,15.146732412380441,1.617453868618668e-07,4,8
Q,503,5,3,7.92,238.88236935004397,3.8995547908167936,3.0743315562379756,16.561156107506662,2.5647769419379074e-06,4,8
Q,504,5,4,11.88,47.91259497579013,-55.87541289630397,-27.803532869754616,10.960670403579094,-4.36082729304843e-06,4,8
Q,505,5,5,15.84,-1.9317880628477724e-13,-20.213156725723632,-5.104332506495845,0.23525983723005708,-2.4257823139084422e-08,4,8
Q,601,6,1,0.0,289.0659969484345,-11.2298383638784,2.9248281271230887,0.07052006050010362,-0.30474548238369226,3,6
Q,602,6,2,3.96,264.36813422280227,-26.575409074876035,18.52957190135107,0.03751490567565145,0.5654347738993301,3,6
Q,603,6,3,7.92,244.92594931366511,-38.284614331883304,58.50389663709653,-0.417377220786511,-1.4641607636589495,3,6
Q,604,6,4,11.88,177.45224650493125,-55.85239074145263,126.12546925362895,0.8131474136623702,2.5654291479701503,3,6
Q,705,7,5,15.84,14.352028758072976,-33.84445702148783,2.940675480116093,2.4169871513521133,7.176957131376038,3,6
Q,801,8,1,0.0,167.8077392687491,4.110396640487252,3.113935521481423,-0.2808888898629591,-3.811195936620493e-08,1,2
Q,802,8,2,3.96,133.60856717635764,0.8264357348970748,0.29224550831908047,-1.1435987928614204,-4.543379783505941e-09,1,2
Q,803,8,3,7.92,95.37265926437706,13.2609307026353,5.7892612283316005,-2.751813004340506,8.473313117818293e-08,1,2
Q,804,8,4,11.88,19.128877085947178,32.158632774376464,14.47452808402489,3.644714485567291,-1.3203472537526295e-07,1,2
Q,805,8,5,15.84,2.44635772197514,86.93270621468666,30.018063389683203,-0.40219316593068755,0.9948351660443252,1,2
Q,901,9,1,0.0,155.70062821783094,0.20641452749606515,0.15637375378757667,4.8154471825479295,-2.37963848626066e-08,1,2
Q,902,9,2,3.96,123.96888165301222,1.7625881233866068,0.9324350175294249,5.61095946533292,-6.181068190613814e-08,1,2
Q,903,9,3,7.92,88.4916446389596,1.444551498579898,1.1388556672416996,6.134920313554548,7.90317731258483e-08,1,2
Q,904,9,4,11.88,17.748752562210058,-20.698499664608683,-10.299546722174385,4.060271588418788,-1.702197227615443e-08,1,2
Q,905,9,5,15.84,-16.798386480048258,-5.8977397116278,-7.635181835027485,2.5195078379728293,3.5103612369271824,1,2
Q,1002,10,2,3.96,223.9437794544183,-1.3852045908159027,-0.48983653775711034,1.9168069274268609,-4.4609001315087937e-07,3,6
Q,1003,10,3,7.92,159.85587510363877,-22.226887323336655,-9.703485781828636,4.612364996301737,-2.3010868765993564e-09,3,6
Q,1004,10,4,11.88,32.062263879728526,-53.90168763242005,-24.261027257980842,-6.108973300811423,-1.3041889967979614e-07,3,6
Q,1005,10,5,15.84,-11.060226847774114,-253.41417676741207,-72.24124245020032,-0.4285556666272065,-1.1986589923275632,3,6
Q,1101,11,1,0.0,142.7476039082988,0.18924110795386184,0.14336370220893357,4.414841590684212,-2.7247388345585932e-08,1,2
Q,1102,11,2,3.96,113.65568222004052,1.6159519665195532,0.8548629901668896,5.144172876494425,-2.0694334690318783e-08,1,2
Q,1103,11,3,7.92,81.1298611684573,1.324377991137709,1.0441130295807746,5.624544557097362,2.353921502162848e-09,1,2
Q,1104,11,4,11.88,16.272201550999252,-18.976553481182872,-9.442708168402033,3.722490468004416,-1.0062040978198183e-08,1,2
Q,1105,11,5,15.84,5.3290705182007514e-14,-36.570043786555786,-9.234859542059514,0.1417116419320945,8.631439740486302e-05,1,2
Q,1201,12,1,0.0,142.74760534921575,0.18924172089427316,0.14336451985936094,4.41484151493027,-5.6352079891297535e-08,1,2
Q,1202,12,2,3.96,113.65568099541224,1.615954137506506,0.8548635937509452,5.144172938444088,1.7802062046712308e-09,1,2
Q,1203,12,3,7.92,81.12986139661196,1.3243779978352634,1.0441130828805232,5.624544577620128,9.563243530408272e-09,1,2
Q,1204,12,4,11.88,16.272202021220274,-18.976553306119545,-9.442708071463148,3.722490598405555,3.843461060526465e-08,1,2
Q,1205,12,5,15.84,11.06022684777397,-33.20077988487663,-5.060379126445372,2.207688370985176,2.2121644154566575,1,2
Q,1301,13,1,0.0,306.64301414997834,0.40650816855804806,0.30796783033557773,9.483737326362471,3.824995503443063e-06,4,8
Q,1302,13,2,3.96,244.1492448005407,3.4713198750658307,1.8363770017433723,11.050453328495975,7.53641786221948e-06,4,8
Q,1303,13,3,7.92,174.27896939859198,2.8449489146126012,2.2429150241585774,12.082361524385323,5.649861287260194e-06,4,8
Q,1304,13,4,11.88,327.07679570198,-340.4665213636562,71.08792252669974,62.11605970201124,105.65272533855406,4,8
Q,1305,13,5,15.84,110.18219916477584,207.69545864618823,129.54159196329556,64.11161996210804,122.40438071697963,4,8
Q,1401,14,1,0.0,143.8049972717416,-3.5224544143334953,-2.6685263356361055,0.24071121331846018,9.681030782582312e-09,2,4
Q,1402,14,2,3.96,114.49757516484195,-0.7082236194964509,-0.2504429977998601,0.9800214915798684,-1.932319004804839e-08,2,4
Q,1403,14,3,7.92,81.73082352991315,-11.364122656715203,-4.961180738234301,2.3582016267866974,3.5054321667615795e-09,2,4
Q,1404,14,4,11.88,16.392735982218888,-27.558756649486977,-12.4041344781221,-3.1233850009340323,-7.757755993154092e-09,2,4
Q,1405,14,5,15.84,-6.774439103202546,-95.4959751628969,-34.27945453017341,-0.7773051540659164,-0.8357399028946573,2,4
Q,1501,15,1,0.0,83.5337854126295,0.1107382752959225,0.08389375908273067,2.583500003731751,2.21229501384812e-09,1,2
Q,1502,15,2,3.96,66.50962058277294,0.9456326672893418,0.5002535991444468,3.0102940867358647,-5.2247191018039985e-09,1,2
Q,1503,15,3,7.92,47.4759930034853,0.7750064748066094,0.6109995264941812,3.2914003250812414,-6.8773675643285515e-09,1,2
Q,1504,15,4,11.88,9.522250647117026,-11.104797633066447,-5.525732774729463,2.1783465568287346,-1.867079291173468e-08,1,2
Q,1505,15,5,15.84,-10.00207054579138,-15.305537003657852,-1.8077743799371269,1.279175012671344,-0.9000670277860915,1,2
Q,1601,16,1,0.0,83.53378534755709,0.11073849705146444,0.08389389887146237,2.58349993389985,2.0601358841076944e-08,1,2
Q,1602,16,2,3.96,66.50962060274247,0.9456328193375896,0.500253668286831,3.010294061695732,1.3692036393564422e-09,1,2
Q,1603,16,3,7.92,47.475993195531004,0.7750066048457249,0.6109995138877675,3.291400285506678,3.543940696459913e-09,1,2
Q,1604,16,4,11.88,9.522251380728411,-11.104798332092688,-5.525733216006694,2.1783465217988445,-9.469651285343161e-09,1,2
Q,1605,16,5,15.84,16.77650964899422,-22.577975400043208,-8.737600661750104,1.4886430570398312,-1.0544168779623653,1,2
Q,1701,17,1,0.0,118.42764076199809,-2.900844804478993,-2.197609451151413,0.1982329013799444,3.092662409498459e-08,1,2
Q,1801,18,1,0.0,134.0429995966496,76.49121662428306,-68.30891921582705,2.239110173219721,-5.494075983977319,2,4
Q,1901,19,1,0.0,167.61390102041605,-24.022916433857212,62.000539882947024,-1.2144623314649512,-2.271328505050667,2,4
Q,2001,20,1,0.0,477.4152665511466,-152.26920796699534,10.620546597986353,17.189895542367807,54.196530235761905,8,16
Q,2101,21,1,0.0,332.5654638186703,-420.05908350379053,51.19518769100477,1.9308192671092224,9.342043872930404,5,10
Q,2201,22,1,0.0,206.7632537348564,-432.3418263398719,32.45690223658074,12.578689986160308,91.37613336176568,8,16
Q,2302,23,2,3.96,335.93143459692897,578.8027458156791,-54.719994633472666,-38.63216098889639,87.63420986881802,8,16
Q,2402,24,2,3.96,314.3102491546632,-96.21018769023408,12.856909674785193,35.12085811928709,28.163692098085477,8,16
EX,101,1,1,0.0,-24.95010477594719,0.0786691222417133,0.059631738656614086,-275.7414171813634,9.007936512261949e-07,1,2
EX,102,1,2,3.96,-22.90006224868754,-1.3849892182005625,-0.7271024130934456,491.78267047265035,-6.758306767551403e-07,1,2
EX,103,1,3,7.92,-14.894349878584094,0.6349903641885764,0.4374628930119755,466.920586642612,-4.008074938610662e-08,1,2
EX,104,1,4,11.88,-7.924676178486997,-11.322105235926397,-5.476156290234091,327.8620703839549,-1.499494430845516e-07,1,2
EX,105,1,5,15.84,-3.159149025641356,-10.840201781803911,-5.652728324198312,213.50204275521688,-8.037895156576269e-06,1,2
EX,201,2,1,0.0,-7.917260412805788,69.29935933884323,52.49958309973882,0.03155956618839538,8.749110221722978e-08,1,2
EX,202,2,2,3.96,-7.266725629709981,-1650.1944502560673,-753.0950616353598,-0.1422169356968886,-6.549065019456624e-08,1,2
EX,203,2,3,7.92,-4.726338000862597,-1954.4891452613354,-1008.1447209723958,0.1890126597460509,-1.864140342089371e-09,1,2
EX,204,2,4,11.88,-2.5147007949794897,-1413.7006195775448,-738.2327784413176,-0.720405318646164,-1.1152044232520808e-08,1,2
EX,205,2,5,15.84,-1.0024787566102304,-802.8185054178073,-436.2354472755383,-0.6966459446092674,-6.732461242942023e-07,1,2
EX,301,3,1,0.0,-24.051291530191882,0.1640368032637447,0.12430428847179487,-276.1421850396173,9.050269795807253e-07,1,2
EX,302,3,2,3.96,-22.054706627633735,-1.381863279967913,-0.788752018311047,492.1766635270302,-6.790065754103125e-07,1,2
EX,303,3,3,7.92,-14.246423265031385,0.3803378530664929,0.3694422680122438,467.03617728832324,-4.026964006698108e-08,1,2
EX,304,3,4,11.88,-7.455815200058714,-11.300675557398995,-5.510804030004617,328.032021492426,-1.506531646100484e-07,1,2
EX,305,3,5,15.84,-2.888664151370003,-10.524137654386193,-5.327437760685628,213.52470897972597,-6.556044922945148e-06,1,2
EX,401,4,1,0.0,-7.6189766996634205,69.28120806416436,52.48584464906649,0.06565060695144323,8.749481580916374e-08,1,2
EX,402,4,2,3.96,-6.98649021289873,-1650.0997380688236,-753.0096059471934,-0.17410749246332452,-6.535861889200856e-08,1,2
EX,403,4,3,7.92,-4.512994265994394,-1954.1863294402792,-1008.0144659316776,0.15270377119268316,-1.614166689201113e-09,1,2
EX,404,4,4,11.88,-2.3618686678962604,-1413.5611024613936,-738.1581893410541,-0.7337389819026896,-1.1419819978542023e-08,1,2
EX,405,4,5,15.84,-0.915076705863612,-802.6747323849779,-436.1700727594954,-0.5197826395161713,-6.488605726329144e-07,1,2
EX,501,5,1,0.0,-12.65359420317694,0.037911700254754876,0.028672499000510165,-348.3548689607326,9.915891808986999e-06,4,8
EX,502,5,2,3.96,-20.479879138888652,-1.3037237065059468,-0.5822803043497023,811.0900192337323,-7.456950697815046e-06,4,8
EX,503,5,3,7.92,2.849140469561264,0.2697050878375715,-0.12857686351646794,1001.0799409995296,-4.204852643852064e-07,4,8
EX,504,5,4,11.88,11.604629018103102,-12.141531032164194,-4.764973488675839,645.6754758538985,-1.6507510736119002e-06,4,8
EX,505,5,5,15.84,4.440892098500626e-16,-14.063053091136188,-3.5512760331151982,-0.5105538171313536,-9.128309257644407e-07,4,8
EX,601,6,1,0.0,-10.98397506564429,0.052197070154966774,0.08798641359605242,-63.11634625030642,-107.5210254475601,3,6
EX,602,6,2,3.96,-10.833290739511297,-0.7742977170587171,-0.7830113631591689,50.13178577591127,92.17940505124457,3,6
EX,603,6,3,7.92,-10.518499404825768,1.3282823485606539,-0.14689173773216602,-32.0716272662703,-76.49659541549083,3,6
EX,604,6,4,11.88,-7.613580939478564,-7.307665141841362,-7.95730105817372,40.8653847813096,126.3194486438912,3,6
EX,705,7,5,15.84,230.6810578342084,-313.03127119243544,106.20515629427969,17.491304906903636,57.775847902943966,3,6
EX,801,8,1,0.0,-5.051875286565966,-110.15032501343947,-83.44732443530998,-0.019039447122708997,3.3525800912856396e-07,1,2
EX,802,8,2,3.96,-8.176475912328101,2428.0218710150966,1137.147213420647,0.040937190585430126,-2.588901738091731e-07,1,2
EX,803,8,3,7.92,1.137504191123071,3033.992422947819,1554.0786132456628,0.14610209913127425,-1.1315023362712395e-09,1,2
EX,804,8,4,11.88,4.633052354577103,2165.503874610542,1120.8948459556186,0.05985239500507471,-4.378814486699634e-08,1,2
EX,805,8,5,15.84,5.605770903853454,1099.4889742305113,414.7799487569612,-3.9905362748913187,15.571524864310748,1,2
EX,901,9,1,0.0,-4.687414373063486,0.014036577531402639,0.010612359572726993,-129.04465477398824,3.0700275033268554e-06,1,2
EX,902,9,2,3.96,-7.586593577379237,-0.48297334883150267,-0.21571945288732408,300.46041264658106,9.31571091200567e-06,1,2
EX,903,9,3,7.92,1.0554367011713295,0.09985024072807869,-0.04765994159612405,370.8403408071853,1.3072807803382602e-05,1,2
EX,904,9,4,11.88,4.298829618032567,-4.497770688242141,-1.765161915798974,239.18421034499363,9.467505094562512e-06,1,2
EX,905,9,5,15.84,-236.2868287380628,-39.63983624243929,-95.80302826520304,19.39180818879903,28.25906460856672,1,2
EX,1002,10,2,3.96,-13.704786169692625,-4069.6524762157705,-1905.9935429744614,-0.06861980470944143,-4.039337744586591e-06,3,6
EX,1003,10,3,7.92,1.9065935656697093,-5085.331110458117,-2604.8200564387967,-0.244878229595138,6.207003987818149e-06,3,6
EX,1004,10,4,11.88,7.765610657587672,-3629.641309341661,-1878.7526570702073,-0.10031945896146229,2.3301601571185104e-07,3,6
EX,1005,10,5,15.84,-266.2431406349035,-3707.25488708254,-1146.1612008731045,3.555887250639628,12.294012552408137,3,6
EX,1101,11,1,0.0,-4.297447719875661,0.012869456123322465,0.009734454642562174,-118.30921137260668,1.5274806770548821e-06,1,2
EX,1102,11,2,3.96,-6.955429279064182,-0.44278348449939253,-0.1977597971009386,275.4645444750157,6.2861170135875e-07,1,2
EX,1103,11,3,7.92,0.9676326516548324,0.09161046678536244,-0.04366129947852776,339.98944265415287,5.008095058656181e-07,1,2
EX,1104,11,4,11.88,3.9411948027818,-4.1235375691688185,-1.6182917762308353,219.2860194186964,1.7698397414278588e-08,1,2
EX,1105,11,5,15.84,3.552713678800501e-15,-71.83793567805773,-18.14089284799438,0.4708036097380245,-0.00013905799548621922,1,2
EX,1201,12,1,0.0,-4.297438147618408,0.012874079809593209,0.00974017342812905,-118.30920987868086,2.085203675505909e-06,1,2
EX,1202,12,2,3.96,-6.955415728973076,-0.4427609300721582,-0.1977439870463611,275.46455549543793,4.682718099502381e-06,1,2
EX,1203,12,3,7.92,0.9676334762805298,0.09166402049703198,-0.043634321102128754,339.989457745647,6.016283407461742e-06,1,2
EX,1204,12,4,11.88,3.9411937714865415,-4.123491755525784,-1.6182720060794824,219.28603194400938,4.619096372948661e-06,1,2
EX,1205,12,5,15.84,266.24314063490345,-0.286488194013657,73.7030333943057,27.44476925259095,28.881366660372922,1,2
EX,1301,13,1,0.0,-9.231623517656356,0.02750194605156775,0.020964343147036435,-254.145711583845,-2.512482973315855e-05,4,8
EX,1302,13,2,3.96,-14.941525196457384,-0.9514384242498748,-0.4245649655766801,591.7386942203528,-0.00010258898191750632,4,8
EX,1303,13,3,7.92,2.078674049663574,0.19764863141503908,-0.09345110172054116,730.3477380708815,-0.000122523476193237,4,8
EX,1304,13,4,11.88,-56.62723495666845,-115.36172213327217,26.34147241948392,40.89258036437799,-64.77554761327374,4,8
EX,1305,13,5,15.84,34.80215230634839,-163.1333987862442,-19.579923681127433,44.94600783114377,62.975717298431015,4,8
EX,1401,14,1,0.0,-4.329280018825234,94.39477917545517,71.51127045558457,0.01631510228260316,-1.8347816886556817e-07,2,4
EX,1402,14,2,3.96,-7.006952503257139,-2080.724562374895,-974.4929400706462,-0.03508488531601583,-4.832671088150081e-07,2,4
EX,1403,14,3,7.92,0.9748003129700464,-2600.018843813071,-1331.7876624321605,-0.12519923826980203,7.457719119544071e-07,2,4
EX,1404,14,4,11.88,3.9703884239849003,-1855.756422222351,-960.565251444263,-0.05129107087253906,1.4539081068937199e-07,2,4
EX,1405,14,5,15.84,-12.563670516597426,-1395.1425854130216,-526.3629373900558,-1.7418763059035198,-13.763052322568484,2,4
EX,1501,15,1,0.0,-2.5148074973350854,0.007537498277454313,0.005701784853300418,-69.23279731616759,-5.728908689661694e-07,1,2
EX,1502,15,2,3.96,-4.070223639662503,-0.25908578000270555,-0.1157109636621314,161.1977840259131,-1.3061354380283774e-06,1,2
EX,1503,15,3,7.92,0.5662440052426857,0.0536471629990406,-0.025530763191247224,198.95679616052942,-1.4988869594390053e-06,1,2
EX,1504,15,4,11.88,2.306330449639968,-2.412997116929014,-0.9469844638829562,128.3229413126696,-1.2526796950851349e-06,1,2
EX,1505,15,5,15.84,-214.10944404765831,22.534532517629316,46.77172598832108,15.107895330756582,-10.991272253813415,1,2
EX,1601,16,1,0.0,-2.5147976188929313,0.007526237222506116,0.005692254205099334,-69.23279731550133,-5.730663090730559e-07,1,2
EX,1602,16,2,3.96,-4.070208424404126,-0.2591333854353146,-0.11574109213866668,161.19778402805278,-1.3066988699961257e-06,1,2
EX,1603,16,3,7.92,0.5662433489106664,0.05357328497023936,-0.025567995178063824,198.95679616495784,-1.50005308796608e-06,1,2
EX,1604,16,4,11.88,2.3063280577341643,-2.4130688384676504,-0.9470164034552148,128.32294130845486,-1.2516129999085024e-06,1,2
EX,1605,16,5,15.84,226.6731145642554,-97.30847747863011,-67.32786757667378,15.496368451362548,-11.27752483319382,1,2
EX,1701,17,1,0.0,-3.565283648060735,77.73688523885832,58.89163645040321,0.013436019097793066,-3.881171960554153e-08,1,2
EX,1801,18,1,0.0,1.3568694565952109,3.570032349919514,5.405913705577424,-0.10697984611347333,0.262495245625232,2,4
EX,1901,19,1,0.0,-3.773723561236417,6.101176033829187,6.145743014358999,0.055199128009699026,0.1032351733634584,2,4
EX,2001,20,1,0.0,5.971994770705121,-4.598373004908253,0.13572933856253927,-26.145411740065718,-23.383663441049094,8,16
EX,2101,21,1,0.0,13.45344944846536,102.81803369167618,27.51051078087557,-0.3027670826536785,-1.6177990711130552,5,10
EX,2201,22,1,0.0,-5.150683085238384,6.191711252726925,-0.5198751443796432,-27.34795213559037,125.33076526250895,8,16
EX,2302,23,2,3.96,35.12536666738197,-17913.653460773552,-6567.5451330655915,-0.09145976350292018,15.206348133653538,8,16
EX,2402,24,2,3.96,-52.72298907838122,-48.727393646486746,4.051469411900846,151.5608923738576,-47.42419000532993,8,16
EY,101,1,1,0.0,-8.54577550791614,144.07183585863797,109.14773531678179,0.26691072051476933,1.719673721389814e-05,1,2
EY,102,1,2,3.96,-7.414248935130445,-3525.5483423458027,-1707.4045555554344,0.08368315028231013,-1.3360542503199069e-05,1,2
EY,103,1,3,7.92,-4.35681233717105,-3623.484132739519,-1850.9411957418088,1.5556036955259671,-4.494770401874959e-06,1,2
EY,104,1,4,11.88,-1.771471015657994,-2583.3520673742405,-1349.3679621026586,0.1348275112265936,-3.5406408422367086e-06,1,2
EY,105,1,5,15.84,-0.4281708475447772,-618.6363591027732,-350.6892884592685,6.611973974423356,1.2959832558223638e-06,1,2
EY,201,2,1,0.0,-2.7117806935457347,-0.06664168618875133,-0.050636610716424446,57.726862625673675,2.272218281973437e-06,1,2
EY,202,2,2,3.96,-2.352719655946128,-0.5143712250200672,-0.19200854722787475,-222.2661495651086,-2.630712714335459e-07,1,2
EY,203,2,3,7.92,-1.3825217527538256,-2.1287390780192794,-1.0973911579460855,-202.86528080856368,1.1409095606040864e-06,1,2
EY,204,2,4,11.88,-0.5621306492107365,-7.056489007859539,-2.974250712977666,-159.15321618148846,7.59617293510928e-07,1,2
EY,205,2,5,15.84,-0.13586879188750167,-18.1128302805242,-9.068391495635227,-26.793547974351114,8.255905559195753e-07,1,2
EY,301,3,1,0.0,5.731278173829473,144.33985350032813,109.35078321602396,0.18127823678451585,1.727755302646794e-05,1,2
EY,302,3,2,3.96,4.95285071203466,-3531.5962734318387,-1710.34955279562,-0.45543240787419703,-1.342333001591589e-05,1,2
EY,303,3,3,7.92,2.8343598490266686,-3629.5389989848563,-1853.9623825973847,0.7202341265547562,-4.515893645029578e-06,1,2
EY,304,3,4,11.88,1.0500389082167203,-2588.015967707456,-1352.044668461164,-0.3128020223683985,-3.5572803902539363e-06,1,2
EY,305,3,5,15.84,0.18311539192006876,-618.8925656352999,-350.1330024554459,6.18880306477642,2.162145348982847e-06,1,2
EY,401,4,1,0.0,1.8155584144401682,-0.04573921406496628,-0.03456251169977459,57.7352207079409,2.27274045272452e-06,1,2
EY,402,4,2,3.96,1.5689673021261685,-0.3566864549956399,-0.08928787619913892,-222.27477884540744,-2.6371863270924223e-07,1,2
EY,403,4,3,7.92,0.8978707579519443,-1.805048480031014,-0.9380310297700954,-202.78414813083643,1.1408549340785612e-06,1,2
EY,404,4,4,11.88,0.33263251364154467,-6.847043834100498,-2.889066979839571,-159.34443638900296,7.586659336311641e-07,1,2
EY,405,4,5,15.84,0.05800784310196505,-17.98855270237599,-8.985850813041793,-26.18226230459091,7.827995514020358e-07,1,2
EY,501,5,1,0.0,-8.281202193389657,169.83780970955974,128.6660408431028,-0.41132041439585204,0.00018948476120214663,4,8
EY,502,5,2,3.96,-5.656219829565998,-3958.4898669000268,-1908.6386384454067,0.7177557695035415,-0.000147204191383421,4,8
EY,503,5,3,7.92,-6.512040622322047,-4044.102695427059,-2074.630776110474,-0.8657874800362394,-4.9544807410650815e-05,4,8
EY,504,5,4,11.88,-235.88692356285537,-2868.1019672558946,-1483.963738262476,-8.498095923845327,-3.9002017584444104e-05,4,8
EY,505,5,5,15.84,-4.263256414560601e-13,-1069.9023672737333,-270.1773654731643,-0.001677287414602473,1.6806536742744287e-07,4,8
EY,601,6,1,0.0,-411.97345554127,-985.7686793288038,441.2226632395223,-0.25053151555212533,-0.6755947217976009,3,6
EY,602,6,2,3.96,-359.3836636448201,-2899.7852533510477,-632.9915500747478,0.31020712409383716,0.8763661898894195,3,6
EY,603,6,3,7.92,-138.44881578725216,-1094.038218757114,-455.84092088941753,-0.473694969849024,-1.3952623327688696,3,6
EY,604,6,4,11.88,-38.63729824823246,394.4625799208645,64.45474097600543,0.7202660722664646,2.250285766881475,3,6
EY,705,7,5,15.84,-52.655857012009335,-732.7725176205222,-227.53370648416495,0.12845476734812528,0.4188353884465427,3,6
EY,801,8,1,0.0,-3.3062363442134943,-0.12999984841568413,-0.09846969604229511,-85.61628655748038,7.389872273222409e-06,1,2
EY,802,8,2,3.96,-2.258225417357018,0.7056991508912063,0.42344234167556466,296.7565600641111,7.043284711016895e-07,1,2
EY,803,8,3,7.92,-2.5999050125390144,2.6337083847570675,0.9380528110402557,270.9371807371921,4.927630158135798e-06,1,2
EY,804,8,4,11.88,-94.17674603217077,6.097443313203648,2.1799248701664595,194.66858501210515,1.7376565324411786e-06,1,2
EY,805,8,5,15.84,104.45739957501225,20.217042709258273,4.6835741927546,0.7550751354341486,-1.9005486216765521,1,2
EY,901,9,1,0.0,-3.0676916767104103,62.91470280980838,47.66304582376791,-0.15227720675114648,3.1880066316686273e-06,1,2
EY,902,9,2,3.96,-2.0952927618957347,-1466.3838635249758,-707.0365238827638,0.26581382331548076,-2.46897716618677e-06,1,2
EY,903,9,3,7.92,-2.412319014667446,-1498.0983442231764,-768.526707466993,-0.320746627816067,-7.991529918094376e-07,1,2
EY,904,9,4,11.88,-87.38200737717699,-1062.4603605619645,-549.7198705435563,-3.1480561420062965,-7.839127378339583e-07,1,2
EY,905,9,5,15.84,-51.80154256300318,-200.62233057465062,-69.94839599803223,0.14132702541734551,0.2048587939440125,1,2
EY,1002,10,2,3.96,-3.7850273267620915,-1.182903452769829,-0.7097486259917181,-497.3991800562911,-2.6749898665912042e-05,3,6
EY,1003,10,3,7.92,-4.357741882479793,-4.414277555091269,-1.5722232733798123,-454.122817835232,-2.5504068219106557e-05,3,6
EY,1004,10,4,11.88,-157.85137603859678,-10.21999097932111,-3.6537977028586237,-326.28759959196947,-9.520236346816091e-06,3,6
EY,1005,10,5,15.84,193.04909508425692,-390.8176475038578,59.752156255011684,-25.08877152211465,-75.69275845302653,3,6
EY,1101,11,1,0.0,-2.812483576276641,57.680873925576506,43.697953795600334,-0.13960071055994627,2.032162739251664e-06,1,2
EY,1102,11,2,3.96,-1.9209804701648636,-1344.3927523768443,-648.2168811950484,0.24370034150667014,-1.3203144412776702e-06,1,2
EY,1103,11,3,7.92,-2.211635733053299,-1373.4687583453542,-704.5915428225007,-0.2940762780615806,-9.626028596165792e-07,1,2
EY,1104,11,4,11.88,-80.11254108599559,-974.0722785228384,-503.98763374409344,-2.886160196922133,-1.547076999841579e-07,1,2
EY,1105,11,5,15.84,1.7053025658242404e-13,-1256.6009062023381,-317.3234611622064,0.04592923936681807,-0.001763017232349359,1,2
EY,1201,12,1,0.0,-2.812496725475345,57.68089808742292,43.69796351365662,-0.13961013444481993,-1.5017883069762261e-06,1,2
EY,1202,12,2,3.96,-1.920996663304777,-1344.3927810350533,-648.2168987829102,0.24370647400672582,9.79376312215674e-07,1,2
EY,1203,12,3,7.92,-2.2116350511626024,-1373.4687965173716,-704.591561572538,-0.29407182844433594,7.059463636160945e-07,1,2
EY,1204,12,4,11.88,-80.11254001762501,-974.0723056622245,-503.98764589681485,-2.8861594155325916,1.366729907026354e-07,1,2
EY,1205,12,5,15.84,-193.04909508425686,-1293.7718635368085,-370.0907246750004,-7.211436833621249,-7.772354231343993,1,2
EY,1301,13,1,0.0,-6.041632092711971,123.90690345737109,93.8695948712558,-0.2999575506234669,4.397011760981506e-05,4,8
EY,1302,13,2,3.96,-4.126549840597136,-2887.9549036559065,-1392.4659491101856,0.5235529617744458,-2.873457422350456e-05,4,8
EY,1303,13,3,7.92,-4.750899685586262,-2950.414586963416,-1513.5671051571887,-0.6316853324178076,-2.4680137949595338e-05,4,8
EY,1304,13,4,11.88,449.5221060016231,-2904.123485223352,-873.7200231438461,2.6558710403251578,62.32920881969324,4,8
EY,1305,13,5,15.84,58.83714543138976,-3230.250115436872,-1213.8513749893723,-4.419452555120085,103.82511532554642,4,8
EY,1401,14,1,0.0,-2.833323357108618,0.11156095919908426,0.08446706737482501,73.37001427973085,3.0241031971911525e-06,2,4
EY,1402,14,2,3.96,-1.9352178509049034,-0.604871923758603,-0.3629274715259093,-254.30937220192445,-1.9670034276941806e-06,2,4
EY,1403,14,3,7.92,-2.228016457692868,-2.256999530229004,-0.8038814086150484,-232.18311154009479,-1.4334575269003835e-06,2,4
EY,1404,14,4,11.88,-80.70596934126637,-5.225281824268951,-1.868117645512763,-166.8237441565949,-2.2680107747419243e-07,2,4
EY,1405,14,5,15.84,-234.4244823621681,-43.88492848112333,-16.03694867288229,-26.263414445581624,-0.4090010885259865,2,4
EY,1501,15,1,0.0,-1.6458177908049159,33.75399457143783,25.571393886547146,-0.08171500193966671,8.688977627471783e-07,1,2
EY,1502,15,2,3.96,-1.1241215958594353,-786.7187149546842,-379.3269147136759,0.14262461676235688,-5.655428157586018e-07,1,2
EY,1503,15,3,7.92,-1.294216285201287,-803.733569309339,-412.3165319089726,-0.17207830825234643,-4.178805398658003e-07,1,2
EY,1504,15,4,11.88,-46.880675047546106,-570.0126708491498,-294.9260986526912,-1.6889364568293785,-8.0722754591811e-08,1,2
EY,1505,15,5,15.84,110.78110016190368,-648.867619928432,-179.71860600995026,-3.0401870747308304,2.2539019107107507,1,2
EY,1601,16,1,0.0,-1.6458154861754153,33.75401730068211,25.571405365025086,-0.08171500043435478,8.685014695752891e-07,1,2
EY,1602,16,2,3.96,-1.1241184775793727,-786.7187297604689,-379.3269221956988,0.14262461700672247,-5.656087983599289e-07,1,2
EY,1603,16,3,7.92,-1.294215698785024,-803.7335801793602,-412.31653742503903,-0.1720783400274835,-4.0951583019088744e-07,1,2
EY,1604,16,4,11.88,-46.88067544252351,-570.0126729312174,-294.9260997423033,-1.6889365272308212,-6.299200572268404e-08,1,2
EY,1605,16,5,15.84,123.64338220026508,-652.5188827647278,-183.08508816162785,4.2083006518132064,-3.0872612191215962,1,2
EY,1701,17,1,0.0,-2.3332937698231646,0.09178055818155051,0.06951058424499124,60.42235614680453,1.7839443486877826e-06,1,2
EY,1801,18,1,0.0,41.957111794533496,26.146649917846133,-16.574632530825266,1.4554025383965588,-3.571106000989367,2,4
EY,1901,19,1,0.0,6.6633940915777625,-0.7653443441776233,2.7223059880037654,4.5726484765081405,8.551923840732595,2,4
EY,2001,20,1,0.0,-0.6201380813301394,-60.0843467463623,17.421164324403748,0.23432325046407926,-2.173102096906536,8,16
EY,2101,21,1,0.0,-12.133544471806125,26.581296342412088,-3.8307606781288497,26.914434324324667,-67.78791509421967,5,10
EY,2201,22,1,0.0,46.46571281212803,-192.6904421805663,26.71866073055605,-1.2649177117356811,-10.095752604291759,8,16
EY,2302,23,2,3.96,25.58445508454283,-50.705496831636296,3.473037705205318,-51.65617665666363,1.7626092136767113,8,16
EY,2402,24,2,3.96,-3.433509638515943,-12164.249540582154,-4488.855181107973,0.44513221012177384,35.09912410160257,8,16
R,101,1,1,0.0,3320.752546566816,22.301508519060008,16.89439068386139,-308.8450324488148,-4.521912927657468e-06,1,2
R,102,1,2,3.96,2649.6165275339554,1245.3010286205101,600.2918718687489,215.53218898335876,3.5882217730431876e-06,1,2
R,103,1,3,7.92,1974.2610373744442,1220.1893970497808,632.2137985720896,256.79369446782897,2.446685499535306e-06,1,2
R,104,1,4,11.88,1293.5378935107576,643.4248444392641,332.68988474701683,102.82946948162746,-1.1104360879699016e-06,1,2
R,105,1,5,15.84,605.7638051194166,302.3270608651442,178.7861547066522,164.27740448449168,-9.208753979805806e-06,1,2
R,201,2,1,0.0,1053.7551642295555,77.61889377083531,58.802291924806156,8.934567234288869,-7.735328564351107e-07,1,2
R,202,2,2,3.96,840.7874232771419,-1227.182108441299,-557.8269146727432,110.44042564937118,-2.9400542445046085e-07,1,2
R,203,2,3,7.92,626.4807783835386,-1537.7413376585869,-791.1204745163701,105.11152450211776,-5.356110150955828e-07,1,2
R,204,2,4,11.88,410.4708557925809,-1210.7285719055135,-618.9665464453858,64.29425597364148,-7.606085006273133e-07,1,2
R,205,2,5,15.84,192.2235122750352,-1035.3685929078997,-539.5694051057299,63.93507244413915,-1.2734060881314235e-06,1,2
R,301,3,1,0.0,3699.373369709652,-115.30016612589452,-87.34931233276711,-342.14766423140037,-4.543152556379937e-06,1,2
R,302,3,2,3.96,2939.086272616716,879.9431626507353,427.18975803770127,170.98570190972004,3.6050718250635327e-06,1,2
R,303,3,3,7.92,2176.7879419696437,913.7868409113378,469.44858516364746,213.24544683125566,2.4581825641689647e-06,1,2
R,304,3,4,11.88,1408.1892836255256,327.80157904899306,187.30644918745094,67.14328148490983,-1.115639832960369e-06,1,2
R,305,3,5,15.84,638.2563886644878,-64.41519405214086,-47.1715465341684,108.62146512536208,-7.432395932482905e-06,1,2
R,401,4,1,0.0,1171.8906120273386,85.84147985321351,65.03146101376169,-46.11808241572932,-4.532935378165348e-07,1,2
R,402,4,2,3.96,931.046183290265,-1207.6908753960458,-549.2898227223627,18.504404439767463,3.9558528008853955e-07,1,2
R,403,4,3,7.92,689.564676872562,-1523.6583323491175,-782.7596452322491,18.60414833133294,1.9456907729420436e-07,1,2
R,404,4,4,11.88,446.08735618119397,-1193.7413217735357,-612.1501822203843,-12.764845350129775,1.569231145026606e-08,1,2
R,405,4,5,15.84,202.18740145211882,-1020.3262051730181,-528.937313078773,-55.525280636849054,-5.277371677436804e-07,1,2
R,501,5,1,0.0,3224.9504169654033,-48.74964809822677,-36.931892832123424,-229.22274484827963,-4.9831847874770574e-05,4,8
R,502,5,2,3.96,2572.0096355149526,1217.7465882659067,588.7572681229344,695.9069614438412,3.9523343275504885e-05,4,8
R,503,5,3,7.92,1902.9982883243886,1229.844261138769,636.95034819836,860.5252561883466,2.6975706020948564e-05,4,8
R,504,5,4,11.88,791.497536516045,568.5823745782706,299.0992074626443,559.2725069972549,-1.2230435061155731e-05,4,8
R,505,5,5,15.84,115.77485823749942,217.7103709674806,54.97736640592887,1.1685037351251186,-1.0197446956294876e-06,4,8
R,601,6,1,0.0,2393.464328287073,217.6721650616537,-110.69882850606645,-50.79397489904375,-88.1065569734954,3,6
R,602,6,2,3.96,2097.7356436123773,753.5110268445495,303.7013596591341,40.98964283358616,77.29099238542172,3,6
R,603,6,3,7.92,1732.0086379643142,110.4828735786283,467.9189978323158,-28.526705838863773,-69.56454649068658,3,6
R,604,6,4,11.88,1122.9101030483066,-410.407717252131,714.0237857809757,37.100959652970474,114.26394514412512,3,6
R,705,7,5,15.84,405.48784459061085,-243.90374660050458,187.92307267587128,31.169310040959985,97.47394388325935,3,6
R,801,8,1,0.0,1287.5462329857119,-72.48052051568834,-54.9095903906333,24.575062575632078,-2.239473595011532e-06,1,2
R,802,8,2,3.96,1026.8627303221792,1935.6348039541351,905.5737309191684,-95.7553886216057,-4.635362031990553e-07,1,2
R,803,8,3,7.92,759.7630898634493,2482.4917153389224,1267.3223786692474,-96.06704177299966,-1.0763900633037338e-06,1,2
R,804,8,4,11.88,316.00162391121455,1946.6293058840884,990.9354946540448,-39.384472740202504,-1.3078461762461302e-06,1,2
R,805,8,5,15.84,31.27550204448835,1513.1871145073337,552.9875058302173,-5.986186027061522,20.600948663335494,1,2
R,901,9,1,0.0,1194.6514176988098,-18.058788309399006,-13.68104759370246,-84.91335042623884,1.5848764221004785e-06,1,2
R,902,9,2,3.96,952.775877929728,451.1022998173243,218.09935892848293,257.79198969190736,8.030426130289925e-06,1,2
R,903,9,3,7.92,704.9471614509662,455.58374433915986,235.95200889568503,318.77323533029175,1.1202466851045756e-05,1,2
R,904,9,4,11.88,293.2025436519756,210.62574564739313,110.79836177576001,207.17706422262364,8.009864814084722e-06,1,2
R,905,9,5,15.84,-252.99442385534874,-5.695182533095931,-108.925758994484,33.46796667189173,47.67602023726424,1,2
R,1002,10,2,3.96,1721.143488070154,-3244.3533810502763,-1517.8489256395935,160.4973799255309,3.846303357590841e-06,3,6
R,1003,10,3,7.92,1273.4529428799624,-4160.950533843475,-2124.1826067340917,161.01975093021284,1.244516097642645e-05,3,6
R,1004,10,4,11.88,529.6562034667683,-3262.7816238677756,-1660.9253924941227,66.01303886842622,2.1179274014571092e-06,3,6
R,1005,10,5,15.84,-325.0941727856982,-5017.102015709953,-1583.1626034455312,11.512077006025674,36.73543375446961,3,6
R,1101,11,1,0.0,1095.266158340774,-16.556503628998712,-12.54292529667947,-77.84926911274397,6.107982457592698e-07,1,2
R,1102,11,2,3.96,873.5127155651466,413.57427414420226,199.95528409997146,236.34578676865297,9.322954497292812e-07,1,2
R,1103,11,3,7.92,646.3013035520773,417.6829459261365,216.32275414477667,292.2538977665432,6.817277267145982e-07,1,2
R,1104,11,4,11.88,268.81048142147205,193.10343187057865,101.58085342894888,189.94160998766571,-1.1983075864918646e-08,1,2
R,1105,11,5,15.84,39.31976317500019,226.87082200161203,57.29061161656858,1.6202549929447727,0.0010347629386407986,1,2
R,1201,12,1,0.0,1095.2661808842195,-16.556502486246245,-12.54291744636032,-77.84926588611378,1.816275826627134e-06,1,2
R,1202,12,2,3.96,873.5127220190541,413.57431809693884,199.9553070306774,236.34579357865465,3.4205489214400586e-06,1,2
R,1203,12,3,7.92,646.301305629376,417.6830001726943,216.32278165236406,292.2539086546032,4.647360782428223e-06,1,2
R,1204,12,4,11.88,268.81048645450653,193.10347846700935,101.5808742569437,189.9416205870891,3.886063240088333e-06,1,2
R,1205,12,5,15.84,441.8884322906992,331.16921003965183,192.43154606066813,44.96689914339373,46.413059141259815,1,2
R,1301,13,1,0.0,2352.7939924347347,-35.565969091392844,-26.94398237982412,-167.23172586273367,-2.4163255446296716e-05,4,8
R,1302,13,2,3.96,1876.4345427361195,888.4187490350364,429.53382510425115,507.70581440793853,-5.459522114392712e-05,4,8
R,1303,13,3,7.92,1388.3510342254372,897.245545536829,464.69365150039505,627.8047220801359,-7.833084322328432e-05,4,8
R,1304,13,4,11.88,1835.2668983366266,-948.7929824176581,620.7268880876672,251.22986776791817,259.12476550044676,4,8
R,1305,13,5,15.84,934.2492617084803,2040.2705371176612,1164.6765929053608,338.245803948245,354.5437590312244,4,8
R,1401,14,1,0.0,1103.3792715546292,62.11312638925949,47.05547224996472,-21.059928919752238,-1.0272913435471764e-06,2,4
R,1402,14,2,3.96,879.9831738016715,-1658.7670950139423,-776.0430455442136,82.05881474451985,1.3498426199021196e-07,2,4
R,1403,14,3,7.92,651.0887233641268,-2127.4032009067014,-1086.0482105674014,82.32589377467076,1.0151880189823714e-06,2,4
R,1404,14,4,11.88,270.8016700215152,-1668.1890556966123,-849.1949217936613,33.751029160173225,1.394506732310674e-07,2,4
R,1405,14,5,15.84,81.5941818250692,-1939.1084880373432,-716.1624420321591,4.84319033667305,-18.18990546160645,2,4
R,1501,15,1,0.0,640.9335418756725,-9.688638010994396,-7.339933734884795,-45.556231354883934,-7.476270624806602e-07,1,2
R,1502,15,2,3.96,511.1666837204431,242.0175675983711,117.01088529147411,138.30606041869163,-9.050678997368777e-07,1,2
R,1503,15,3,7.92,378.20594852541893,244.42190334430526,126.58888664783306,171.0226579206696,-1.1327575748509844e-06,1,2
R,1504,15,4,11.88,157.30390898580612,113.00130023092787,59.44362538689214,111.15102647535406,-1.1106442201480604e-06,1,2
R,1505,15,5,15.84,-289.34380538143614,196.74707782892182,108.12775365910859,24.884548785174648,-17.8504970288975,1,2
R,1601,16,1,0.0,640.933548815109,-9.68865305966176,-7.339944297413837,-45.556231890092505,-6.06688836057856e-07,1,2
R,1602,16,2,3.96,511.166695068528,242.01753458640798,117.01086370468845,138.30606023624185,-8.570221723402938e-07,1,2
R,1603,16,3,7.92,378.2059490149369,244.42184736531382,126.58885796311336,171.0226576749314,-1.0680456625777879e-06,1,2
R,1604,16,4,11.88,157.3039135368092,113.0012378141701,59.443596561810594,111.15102624145895,-1.048907400047483e-06,1,2
R,1605,16,5,15.84,293.3793300263659,38.41910467840755,-42.688503027265796,23.586414603120655,-16.89394626955303,1,2
R,1701,17,1,0.0,908.6652464469676,51.15202157070996,38.75158579960535,-17.343467140595113,-3.493025495515667e-07,1,2
R,1801,18,1,0.0,818.1300088910646,446.20683644901817,-361.2242586912192,13.447085724166373,-32.99494100255031,2,4
R,1901,19,1,0.0,1046.9824598077216,-135.52612120151952,382.20299266050847,-4.114477140031319,-7.695034942207009,2,4
R,2001,20,1,0.0,3297.380920381661,-83.4627764496604,6.036843135205789,69.50577356963271,251.82546907002228,8,16
R,2101,21,1,0.0,2473.8773069091203,-2384.6495004544204,327.2822688872632,1.3998090442244617,66.8264842084912,5,10
R,2201,22,1,0.0,1464.0023371792895,-1584.119698730391,119.44876319497374,25.830219354850797,446.677576309057,8,16
R,2302,23,2,3.96,2370.399159776949,-11586.380934343188,-5518.9393712747615,-171.43400182966928,337.6372947508395,8,16
R,2402,24,2,3.96,2095.7920703333766,3295.271044043814,1393.423160023407,309.78266319310717,157.47420168331882,8,16
EXG,101,1,1,0.0,-22.387116359212218,0.07046554810118977,0.05341348907332133,-243.10944602861696,7.962423183016654e-07,1,2
EXG,102,1,2,3.96,-20.57638307627205,-1.2303225197029128,-0.6471512257491181,433.7820130403611,-5.959300892754982e-07,1,2
EXG,103,1,3,7.92,-13.484246368016258,0.5946409267773216,0.40562468462136647,415.28549346213265,-3.043368224098231e-08,1,2
EXG,104,1,4,11.88,-7.26108481113814,-10.220407347338147,-4.939612810813362,294.24931585960036,-1.352809988475201e-07,1,2
EXG,105,1,5,15.84,-2.924813294876494,-9.960589629230116,-5.188748393404726,198.67820920911458,-7.471615703025236e-06,1,2
EXG,201,2,1,0.0,-7.1039635127615135,61.09828936403817,46.286643162501775,0.028268682256575382,7.733987501118422e-08,1,2
EXG,202,2,2,3.96,-6.52936803820694,-1459.0437840353757,-665.6987504310475,-0.12750552954310457,-5.775294641824358e-08,1,2
EXG,203,2,3,7.92,-4.2788777974813,-1738.2188249627543,-895.9556710539673,0.1709142142329093,-1.132649071755587e-09,1,2
EXG,204,2,4,11.88,-2.3041259255319346,-1274.1700804554428,-664.1603678601374,-0.648087538123725,-1.003486227446615e-08,1,2
EXG,205,2,5,15.84,-0.9281177475766071,-740.8493083714263,-401.7341303490315,-0.6398103013698113,-6.256391366643577e-07,1,2
EXG,301,3,1,0.0,-21.57869372583221,0.1468415036088011,0.11127411911423124,-243.46245118764094,7.999842068784346e-07,1,2
EXG,302,3,2,3.96,-19.815579627988054,-1.2251822617950996,-0.7005374186683753,434.1287480643322,-5.987303666188382e-07,1,2
EXG,303,3,3,7.92,-12.89895766806402,0.3731301827748741,0.34778174945544005,415.3893300866615,-3.0577666620956734e-08,1,2
EXG,304,3,4,11.88,-6.836003986718611,-10.20211672052834,-4.972454670989148,294.4009899420436,-1.3591710512628197e-07,1,2
EXG,305,3,5,15.84,-2.6792160436190247,-9.67913367411502,-4.895604190052817,198.7015746762682,-6.091653432349631e-06,1,2
EXG,401,4,1,0.0,-6.835706439114446,61.082202086390865,46.27446689337596,0.058768877921173496,7.734107947132696e-08,1,2
EXG,402,4,2,3.96,-6.277179720373283,-1458.9601204744627,-665.6232230806622,-0.15510567248561796,-5.7642134995705696e-08,1,2
EXG,403,4,3,7.92,-4.086142747573149,-1737.9504421199483,-895.8400160750805,0.14000765405235913,-9.15283390745536e-10,1,2
EXG,404,4,4,11.88,-2.165523081579522,-1274.0445544499853,-664.0932634820773,-0.6609536513671499,-1.027707469125616e-08,1,2
EXG,405,4,5,15.84,-0.8487270227356021,-740.7178714927238,-401.67372702720866,-0.480339510591112,-6.029559689313402e-07,1,2
EXG,501,5,1,0.0,-11.196198622014654,0.03154464387541012,0.0238551852401373,-307.3400524777793,8.765058623794175e-06,4,8
EXG,502,5,2,3.96,-18.1844091981688,-1.152499353980522,-0.5122892916620225,715.8926109579795,-6.575426368726767e-06,4,8
EXG,503,5,3,7.92,2.3548667936622003,0.2654814493982671,-0.11007406145620549,889.3513708400632,-3.166776991747611e-07,4,8
EXG,504,5,4,11.88,10.522546243145305,-10.958255750626583,-4.285105067581633,581.939825942067,-1.4892500530550024e-06,4,8
EXG,505,5,5,15.84,1.3322676295501878e-15,-12.950635246272014,-3.2703624359272716,-0.3950191132162582,-8.479196505484232e-07,4,8
EXG,601,6,1,0.0,-10.019739741031865,0.05838728018074857,0.07530525422496515,-56.00129103816964,-95.79060396307383,3,6
EXG,602,6,2,3.96,-9.882045420980724,-0.6766767997766481,-0.7099763117946589,44.58677868349125,82.44509928022946,3,6
EXG,603,6,3,7.92,-9.59337179216601,1.2194960839003741,-0.14624680642049404,-28.92708778453439,-69.41656227450211,3,6
EXG,604,6,4,11.88,-6.944413259927735,-6.606817027602055,-7.24237826063578,37.09815216837313,114.69579479336811,3,6
EXG,705,7,5,15.84,212.30135783260425,-288.0989547722349,97.74172183357855,16.444072340026374,54.09259631404878,3,6
EXG,801,8,1,0.0,-4.47001840434482,-97.18137935835352,-73.62235284936921,-0.015839015221370586,2.963639217593711e-07,1,2
EXG,802,8,2,3.96,-7.26002246633675,2146.710916586343,1005.1783565403182,0.03379230634519781,-2.283081625073513e-07,1,2
EXG,803,8,3,7.92,0.9401682180462103,2697.5046287053738,1380.9700607479094,0.1355924597796234,7.657568190655439e-10,1,2
EXG,804,8,4,11.88,4.201040269049031,1951.6664864442519,1008.8734442741084,0.042855433051821205,-3.953500050599135e-08,1,2
EXG,805,8,5,15.84,5.155796746076248,1015.5332546595948,382.352153566579,-3.669344286932062,14.330944245323556,1,2
EXG,901,9,1,0.0,-4.1475347959156785,0.01167883031792849,0.008828887055783774,-113.85111704450347,2.720224870245147e-06,1,2
EXG,902,9,2,3.96,-6.736256662476609,-0.42695127049422954,-0.18978976116474,265.1954582745174,8.246573287351566e-06,1,2
EXG,903,9,3,7.92,0.8723375476754316,0.09829232583096581,-0.040802484290260246,329.4515772591519,1.1628805935970377e-05,1,2
EXG,904,9,4,11.88,3.8979813026365027,-4.059431647155607,-1.587396899353216,215.5739575897574,8.481028118012546e-06,1,2
EXG,905,9,5,15.84,-217.4571545786803,-36.49052246485701,-88.17010269319093,18.186308119066144,26.457529057452184,1,2
EXG,1002,10,2,3.96,-12.168696782339339,-3598.141969524827,-1684.7980933610047,-0.05664365609057796,-3.585171230169326e-06,3,6
EXG,1003,10,3,7.92,1.575834352518882,-4521.337661757658,-2314.6695930980286,-0.22726354725271114,5.483628642305449e-06,3,6
EXG,1004,10,4,11.88,7.041499850730702,-3271.2244868679504,-1690.9915061618462,-0.07183054907158765,2.1938760838557947e-07,3,6
EXG,1005,10,5,15.84,-245.24890142808022,-3420.8732870728045,-1057.1771295322683,3.285080203128945,11.352839140893302,3,6
EXG,1101,11,1,0.0,-3.8024831080000574,0.010707821114957383,0.008098798285997688,-104.3796496843178,1.348949247415021e-06,1,2
EXG,1102,11,2,3.96,-6.175835875858754,-0.3914232069170711,-0.17398878899092474,243.13334800239127,5.528841597879364e-07,1,2
EXG,1103,11,3,7.92,0.7997661143810875,0.09017456239018673,-0.037378066464371806,302.04388724620196,4.424458381890872e-07,1,2
EXG,1104,11,4,11.88,3.5736949892040473,-3.7216705893449427,-1.4553176845673266,197.6399487581684,1.6710217209947587e-08,1,2
EXG,1105,11,5,15.84,7.105427357601002e-15,-65.67952722882087,-16.585739199197185,0.47237328965713354,-0.00013343552948932857,1,2
EXG,1201,12,1,0.0,-3.80247464879999,0.010711921327343887,0.008103860645654049,-104.37964836837932,1.8402013068907763e-06,1,2
EXG,1202,12,2,3.96,-6.175823839035076,-0.3914032646596861,-0.17397478760884522,243.13335777447696,4.147811836219262e-06,1,2
EXG,1203,12,3,7.92,0.7997669905281524,0.09022207858256637,-0.037354075145864224,302.04390068676065,5.354738362939315e-06,1,2
EXG,1204,12,4,11.88,3.5736944667516792,-3.72162956717345,-1.4552999155677449,197.6399599745181,4.1373679948719655e-06,1,2
EXG,1205,12,5,15.84,245.24890142808007,0.22271206185308756,68.00988261282248,25.532814550973505,26.83252762661249,1,2
EXG,1301,13,1,0.0,-8.16835805559617,0.022875250872217645,0.017444402829501993,-224.22294969138758,-2.214160946323318e-05,4,8
EXG,1302,13,2,3.96,-13.266816664735387,-0.8410786983658243,-0.3735303333552126,522.2864894683476,-9.079918342536075e-05,4,8
EXG,1303,13,3,7.92,1.7180636881384506,0.19446250890000671,-0.0799915032749102,648.835058593286,-0.0001089260896947053,4,8
EXG,1304,13,4,11.88,-52.606655556916216,-103.82749470078772,23.675205081219552,36.21703515850548,-59.80756441349368,4,8
EXG,1305,13,5,15.84,31.20549389417257,-151.68848225450608,-18.465351503284694,42.20270401372215,58.93016938293308,4,8
EXG,1401,14,1,0.0,-3.830649078761713,83.28086928199728,63.09163308624166,0.013572581255011033,-1.5991871865194546e-07,2,4
EXG,1402,14,2,3.96,-6.221584154533502,-1839.6515226476295,-861.4005296424486,-0.028961620777692217,-4.289194896339721e-07,2,4
EXG,1403,14,3,7.92,0.8056903170559053,-2311.6612987770077,-1183.4400611320484,-0.11619342880225562,6.588606068988478e-07,2,4
EXG,1404,14,4,11.88,3.600166425069574,-1672.5057191118397,-864.5670707257128,-0.03672531718241353,1.344984439429625e-07,2,4
EXG,1405,14,5,15.84,-11.485652686552442,-1288.4026140455721,-485.4906613058372,-1.592866290464607,-12.67369327734527,2,4
EXG,1501,15,1,0.0,-2.225160987831395,0.006271781364980744,0.004744001328119474,-61.08142424518925,-5.053161657997407e-07,1,2
EXG,1502,15,2,3.96,-3.614016063183154,-0.22903332566617363,-0.10180224911561875,142.27804528802022,-1.157321015909929e-06,1,2
EXG,1503,15,3,7.92,0.4680109400838641,0.052802649103312504,-0.021856012847903367,176.75161808801252,-1.334901540417377e-06,1,2
EXG,1504,15,4,11.88,2.0912746252442633,-2.177834273903329,-0.8516160656955408,115.6559802489935,-1.1217696211929251e-06,1,2
EXG,1505,15,5,15.84,-197.2039057033487,20.99640158293502,43.137295572759136,14.069501878354767,-10.225644442622004,1,2
EXG,1601,16,1,0.0,-2.225152250609902,0.006261846034109397,0.004735584923985625,-61.081424244608456,-5.054691030181857e-07,1,2
EXG,1602,16,2,3.96,-3.614002539584827,-0.22907547790483962,-0.10182894484993898,142.2780452898905,-1.157813507290939e-06,1,2
EXG,1603,16,3,7.92,0.4680105350376539,0.05273699445875851,-0.021889167888418493,176.75161809197465,-1.3359448729488577e-06,1,2
EXG,1604,16,4,11.88,2.091272905356434,-2.177898493055328,-0.8516447418267091,115.65598024517497,-1.120803631238232e-06,1,2
EXG,1605,16,5,15.84,208.689558389901,-89.36119159986694,-61.93112929409911,14.42464230769413,-10.487335299848386,1,2
EXG,1701,17,1,0.0,-3.154647065809563,68.58425254670333,51.95781718214225,0.011177465687414368,-3.3848914077899694e-08,1,2
EXG,1801,18,1,0.0,1.2877297675392088,3.2096127888605173,4.741136399150153,-0.09078239784299101,0.22275175274036557,2,4
EXG,1901,19,1,0.0,-3.3319494857251923,5.389547431324901,5.4298276203284885,0.048727932863942516,0.09113253852194599,2,4
EXG,2001,20,1,0.0,5.282516706318786,-4.053600763809665,0.11796676003028159,-23.098139008600015,-20.645309525635753,8,16
EXG,2101,21,1,0.0,11.859941293949284,90.69925061973554,24.287148715600104,-0.2691145091213111,-1.4353529298854637,5,10
EXG,2201,22,1,0.0,-4.471306009141965,4.93030338884145,-0.4182217013493581,-24.138415445825935,110.48829120214654,8,16
EXG,2302,23,2,3.96,31.591584535944776,-15842.069597336027,-5806.63859113731,-0.08020185475578345,13.438008779800189,8,16
EXG,2402,24,2,3.96,-47.3502800880117,-43.124895074672196,3.5838374545386538,133.79895798611446,-42.01676060281136,8,16
EXQ,101,1,1,0.0,-5.125950811354572,0.016407601844425468,0.012436842749923738,-65.26359391695084,2.0910209030944316e-07,1,2
EXQ,102,1,2,3.96,-4.647334494921322,-0.30934547928051526,-0.1599081475638281,116.0007087668692,-1.5979456691184168e-07,1,2
EXQ,103,1,3,7.92,-2.820192019445052,0.08068056822039393,0.06366717071022654,103.26972036961257,-1.9302746068206034e-08,1,2
EXQ,104,1,4,11.88,-1.3271762860304204,-2.203404702063306,-1.073091891325109,67.22489972604156,-2.932790010845565e-08,1,2
EXQ,105,1,5,15.84,-0.46867040021378725,-1.7592176630806975,-0.9279566822096591,29.647656506367568,-1.1326555693358387e-06,1,2
EXQ,201,2,1,0.0,-1.626585542654933,16.402052392518325,12.425813543275185,0.006581949559332903,2.0302385938218703e-08,1,2
EXQ,202,2,2,3.96,-1.4747076148727274,-382.2994542354271,-174.7917576562539,-0.02942350205714097,-1.5474789586897297e-08,1,2
EXQ,203,2,3,7.92,-0.8949156463675081,-432.5382958044555,-224.37691721827616,0.03619577969402214,-1.4638233576669268e-09,1,2
EXQ,204,2,4,11.88,-0.42114769256139084,-279.0591030306606,-148.14377620695046,-0.14463616468523366,-2.2336669458500324e-09,1,2
EXQ,205,2,5,15.84,-0.14872168128414387,-123.93799514201108,-69.0023695814692,-0.11367074543818798,-9.522097974001831e-08,1,2
EXQ,301,3,1,0.0,-4.945168378966908,0.034390976174606624,0.02606062419337596,-65.35912924376171,2.1008476380757202e-07,1,2
EXQ,302,3,2,3.96,-4.478229328075566,-0.3133741482191308,-0.17643493008320987,116.09523584206498,-1.6054553952926653e-07,1,2
EXQ,303,3,3,7.92,-2.6949153105550216,0.014397288266242425,0.04331188093803151,103.29322837396043,-1.9393368688724877e-08,1,2
EXQ,304,3,4,11.88,-1.23961592060948,-2.197126531070963,-1.0767035912792107,67.26144790983673,-2.9465695661201607e-08,1,2
EXQ,305,3,5,15.84,-0.41889578535336713,-1.6900016807115397,-0.8636643120884654,29.646263484574447,-9.28850276693538e-07,1,2
EXQ,401,4,1,0.0,-1.5665318952473974,16.397927039339685,12.422691180842154,0.01376360876744908,2.030740420180116e-08,1,2
EXQ,402,4,2,3.96,-1.4186131697045425,-382.2773573664074,-174.7719032718822,-0.03800430226156282,-1.5432350029820352e-08,1,2
EXQ,403,4,3,7.92,-0.8536980052948024,-432.46943570358815,-224.34771723916367,0.0253911787835912,-1.398607788610784e-09,1,2
EXQ,404,4,4,11.88,-0.3926891116208253,-279.03111412562714,-148.1288058459417,-0.1455712289701669,-2.2847937430903187e-09,1,2
EXQ,405,4,5,15.84,-0.13269922997943695,-123.91332847078115,-68.99242823410165,-0.07888590457167233,-9.181596360291477e-08,1,2
EXQ,501,5,1,0.0,-2.9147760169230206,0.01273459435724189,0.009634992409614046,-82.02921826085593,2.301658312831023e-06,4,8
EXQ,502,5,2,3.96,-4.590917233910729,-0.30246239854463575,-0.13998853310916745,190.3938674027423,-1.7629785702411027e-06,4,8
EXQ,503,5,3,7.92,0.988548545644579,0.008426883867754253,-0.037015876141507455,223.45599690381925,-2.0771004471953347e-07,4,8
EXQ,504,5,4,11.88,2.1641443785825603,-2.366560523048963,-0.9597424701784858,127.47025606035157,-3.2292556539914585e-07,4,8
EXQ,505,5,5,15.84,-3.3306690738754696e-16,-2.2248254510848717,-0.5618246088598156,-0.23106512555326822,-1.2983293894153203e-07,4,8
EXQ,601,6,1,0.0,-1.9284624760970142,-0.012384836477463024,0.02536406684669608,-14.230032529411814,-23.46070233986943,3,6
EXQ,602,6,2,3.96,-1.9024825983033904,-0.19525274625329136,-0.1460709667583059,11.089950868764205,19.468487729583522,3,6
EXQ,603,6,3,7.92,-1.8502467233406215,0.21756356472067684,-0.0012913773828316377,-6.289036125998442,-14.159962126533598,3,6
EXQ,604,6,4,11.88,-1.3383288209967643,-1.4016929642409819,-1.4298395437607008,7.534399658238159,23.247105093522244,3,6
EXQ,705,7,5,15.84,36.75925182121801,-49.86443066267336,16.9268009214148,2.094472212398079,7.366514718978834,3,6
EXQ,801,8,1,0.0,-1.1637077177272648,-25.93776017976817,-19.649843830556005,-0.00640110663654027,7.778790730907786e-08,1,2
EXQ,802,8,2,3.96,-1.8328978500921664,562.6191471387639,263.9364150201984,0.014290720298657127,-6.116162423221161e-08,1,2
EXQ,803,8,3,7.92,0.3946724227878917,672.971953667731,346.2152671173444,0.021020710629450164,-3.7977743796990815e-09,1,2
EXQ,804,8,4,11.88,0.8640157185563737,427.67173539025043,224.0412251941484,0.033994802748109995,-8.503809507259819e-09,1,2
EXQ,805,8,5,15.84,0.8999448963691208,167.91092643598674,64.85535703325353,-0.642381648769338,2.481151227572289,1,2
EXQ,901,9,1,0.0,-1.079753543813602,0.004715672837541707,0.003567080213028817,-30.386921835537485,6.996013439675153e-07,1,2
EXQ,902,9,2,3.96,-1.700665440221913,-0.11204922930074135,-0.05186179416427758,70.52955714122605,2.1382658204061045e-06,1,2
EXQ,903,9,3,7.92,0.3661987492448459,0.0031082755186188082,-0.013718719721496679,82.77710352899685,2.8879867883802035e-06,1,2
EXQ,904,9,4,11.88,0.801688788062348,-0.876681771710952,-0.35553211771465076,47.22011885853054,1.9729414475477824e-06,1,2
EXQ,905,9,5,15.84,-37.659196717587264,-6.298601313197423,-15.265789531498113,2.4110056372423556,3.6030767472065337,1,2
EXQ,1002,10,2,3.96,-3.0721636193667905,-943.016384413706,-442.38872238384045,-0.023953892596691232,-9.083343683914669e-07,3,6
EXQ,1003,10,3,7.92,0.6615192252044153,-1127.9808050166243,-580.2978461799433,-0.03523176476397445,1.4467527141709402e-06,3,6
EXQ,1004,10,4,11.88,1.4482074462227956,-716.8285479671727,-375.51965661842786,-0.056979292831638474,2.724308714036061e-08,3,6
EXQ,1005,10,5,15.84,-41.988374736693416,-572.7623065452622,-177.96782729253,0.5416123568774138,1.88234097948121,3,6
EXQ,1101,11,1,0.0,-0.9899240800291678,0.004323433584593306,0.0032714366410026285,-27.858982533344978,3.570610367376048e-07,1,2
EXQ,1102,11,2,3.96,-1.559179114798897,-0.10272520579431255,-0.04754422639901529,64.66207059282979,1.514537331104293e-07,1,2
EXQ,1103,11,3,7.92,0.3357334800047771,0.002864882880140057,-0.01256995463012435,75.8907224862115,1.1672759825387402e-07,1,2
EXQ,1104,11,4,11.88,0.7349924368913605,-0.8037373423163262,-0.3259500947380776,43.29178683537019,1.97417904246322e-09,1,2
EXQ,1105,11,5,15.84,8.881784197001252e-16,-12.316806414427276,-3.1103046501078984,-0.003136733032684011,-1.1250480238312634e-05,1,2
EXQ,1201,12,1,0.0,-0.9899218539256365,0.004324480526500807,0.0032727494859985384,-27.858982177371725,4.900023373721751e-07,1,2
EXQ,1202,12,2,3.96,-1.5591760882785293,-0.10271998148620332,-0.047540609075175766,64.6620730894926,1.069807531450806e-06,1,2
EXQ,1203,12,3,7.92,0.33573337695932737,0.002876957864382912,-0.01256398054262256,75.89072578806054,1.3230824507104444e-06,1,2
EXQ,1204,12,4,11.88,0.7349914192175356,-0.8037277594426855,-0.3259460924647487,43.291789453285496,9.634513347123175e-07,1,2
EXQ,1205,12,5,15.84,41.98837473669373,-1.0184184688802453,11.386268458524013,3.823917423793122,4.097683837160038,1,2
EXQ,1301,13,1,0.0,-2.1265198745609513,0.009253741899588053,0.007040146788263313,-59.84522123278552,-5.966411517732695e-06,4,8
EXQ,1302,13,2,3.96,-3.3494005404712195,-0.2207294417104766,-0.10207401250528758,138.9037170432271,-2.3579491823966237e-05,4,8
EXQ,1303,13,3,7.92,0.7212215940280213,0.006357366279156618,-0.026926691357405726,163.02452476539813,-2.7194607341129995e-05,4,8
EXQ,1304,13,4,11.88,-8.041108569777498,-23.068341873328183,5.332495745753147,9.350975521993593,-9.935967877631107,4,8
EXQ,1305,13,5,15.84,7.193255428489193,-22.88994647214423,-2.2291872725344453,5.486642472401096,8.091127079343305,4,8
EXQ,1401,14,1,0.0,-0.9972566983041622,22.227707412995166,16.839189606851427,0.005485250155665095,-4.7118746676969026e-08,2,4
EXQ,1402,14,2,3.96,-1.5707289488586298,-482.14371276407934,-226.18370788401214,-0.01224734474929664,-1.0869539421830277e-07,2,4
EXQ,1403,14,3,7.92,0.33822040028846345,-576.7119751689204,-296.69362760694736,-0.018012846042733906,1.7382285800830732e-07,2,4
EXQ,1404,14,4,11.88,0.7404367543054775,-366.49880024626333,-191.9950090049473,-0.02913226052326493,2.178304661648589e-08,2,4
EXQ,1405,14,5,15.84,-2.156033938321144,-213.47968040967203,-81.74440970701426,-0.2980197747059338,-2.1787128936954936,2,4
EXQ,1501,15,1,0.0,-0.5792900089720898,0.0025315295350971934,0.001915639565065047,-16.302663722583354,-1.3514874463993465e-07,1,2
EXQ,1502,15,2,3.96,-0.9124106519308215,-0.06010763017930143,-0.027818722473712282,37.83928883991568,-2.976275528254746e-07,1,2
EXQ,1503,15,3,7.92,0.19646636758677466,0.001684974803638703,-0.00735154218942137,44.41012890023053,-3.2796864246620316e-07,1,2
EXQ,1504,15,4,11.88,0.43010744114811084,-0.47032766557989986,-0.1907379149219193,25.33371468757626,-2.6181919743351045e-07,1,2
EXQ,1505,15,5,15.84,-33.8109939558518,3.076244641788957,7.26884068881771,2.076792431045515,-1.5312589067890114,1,2
EXQ,1601,16,1,0.0,-0.5792877265420224,0.0025288780994601745,0.0019134110876165844,-16.302663722412404,-1.3519376196313715e-07,1,2
EXQ,1602,16,2,3.96,-0.9124072686292306,-0.06011853651784427,-0.027825587926076617,37.83928884045437,-2.977694038008849e-07,1,2
EXQ,1603,16,3,7.92,0.19646586501264462,0.0016685281313676414,-0.007359696032392872,44.410128901162906,-3.2821415274497667e-07,1,2
EXQ,1604,16,4,11.88,0.4301060971237701,-0.4703426702761904,-0.19074444177125963,25.33371468678397,-2.616179806125274e-07,1,2
EXQ,1605,16,5,15.84,35.96702789417289,-15.894544020080895,-10.79345354767919,2.1434577603412173,-1.5803823118683944,1,2
EXQ,1701,17,1,0.0,-0.8212688971253339,18.30517284107387,13.867568427951186,0.004517278197555324,-9.925574353739086e-09,1,2
EXQ,1801,18,1,0.0,0.13827849901655426,0.7208354693985166,1.329548188579349,-0.032394746481764825,0.07948661757125323,2,4
EXQ,1901,19,1,0.0,-0.88354387227157,1.4232503976296587,1.431823969476953,0.012942344949063237,0.024205184882129124,2,4
EXQ,2001,20,1,0.0,1.3789497571304978,-1.0895387183913186,0.035525019418539555,-6.094516182484837,-5.476682977447144,8,16
EXQ,2101,21,1,0.0,3.187000193997421,24.237444633156187,6.446691963310412,-0.06730470967782953,-0.36489060052688244,5,10
EXQ,2201,22,1,0.0,-1.3587475181566036,2.522805711846134,-0.20330602481932167,-6.419041154268111,29.68479616300689,8,16
EXQ,2302,23,2,3.96,7.06752850218777,-4143.147401125074,-1521.8056180252913,-0.022515818635652968,3.536661331167373,8,16
EXQ,2402,24,2,3.96,-10.745362982567002,-11.204993896661712,0.9352426244767221,35.5236970552164,-10.81480345069707,8,16
EYG,101,1,1,0.0,-7.638244476886008,127.25287984535517,96.40581526381669,0.2466049043643329,1.5130175807120949e-05,1,2
EYG,102,1,2,3.96,-6.638662291513469,-3116.9045233653915,-1509.3534818936319,0.05861025512711896,-1.1746164515706592e-05,1,2
EYG,103,1,3,7.92,-3.931032291380461,-3221.5972718634666,-1644.774534932386,1.4138917487833549,-3.937400225195731e-06,1,2
EYG,104,1,4,11.88,-1.6201500320488549,-2326.3089172777118,-1214.2331339708408,0.10685658453048422,-3.2787369929065946e-06,1,2
EYG,105,1,5,15.84,-0.40134591744265435,-572.6674647235612,-323.55542332357345,6.102670481695667,1.2735633569960214e-06,1,2
EYG,201,2,1,0.0,-2.4237992173755987,-0.06159078391428907,-0.04679219813375002,50.98781775697336,2.0016059316674273e-06,1,2
EYG,202,2,2,3.96,-2.106607357280474,-0.45991025740450664,-0.16945064147058359,-196.3899414477359,-2.235625231605809e-07,1,2
EYG,203,2,3,7.92,-1.2474114644915182,-1.9361363975832844,-0.999559516959648,-180.1664984379003,1.0217174093440917e-06,1,2
EYG,204,2,4,11.88,-0.5141128336536518,-6.483962058065163,-2.7301814404501394,-143.38127445409646,6.704069477336816e-07,1,2
EYG,205,2,5,15.84,-0.12735659577819547,-16.72012966302173,-8.36997485330352,-25.080254432420055,7.567937814201287e-07,1,2
EYG,301,3,1,0.0,5.115689804433053,127.49148806642762,96.58658279501942,0.17037248030126895,1.5201279846582816e-05,1,2
EYG,302,3,2,3.96,4.4278786425850285,-3122.2543904398744,-1511.9605176124132,-0.4178353262567366,-1.1801365304098255e-05,1,2
EYG,303,3,3,7.92,2.551900960345165,-3226.97381115241,-1647.4491123768516,0.6704292471389368,-3.955904092134421e-06,1,2
EYG,304,3,4,11.88,0.9570663054040551,-2330.5277790593386,-1216.6692137799714,-0.2953758960647038,-3.2941457148716324e-06,1,2
EYG,305,3,5,15.84,0.17212312945576969,-572.8645957686144,-322.982106715379,5.718644210609634,2.036478194966662e-06,1,2
EYG,401,4,1,0.0,1.6205518976601971,-0.04297170428910235,-0.032476650063650636,50.995951661814225,2.0020703814793706e-06,1,2
EYG,402,4,2,3.96,1.4026663170432332,-0.3204220619277365,-0.07867686019887454,-196.3994940088429,-2.2413927069919737e-07,1,2
EYG,403,4,3,7.92,0.8083932097242577,-1.6489015825483548,-0.8577235940916932,-180.08907275799606,1.021691744540476e-06,1,2
EYG,404,4,4,11.88,0.30318054758120194,-6.295727118644378,-2.653639777869813,-143.56783039521062,6.694913281535264e-07,1,2
EYG,405,4,5,15.84,0.05452566985362495,-16.607484264371763,-8.295037062737048,-24.48454960658419,7.167927300599786e-07,1,2
EYG,501,5,1,0.0,-7.451523244868383,149.93599771579755,113.58878906912281,-0.37572302205243474,0.00016671425964942532,4,8
EYG,502,5,2,3.96,-5.134651349298338,-3499.5822146811806,-1687.1199893822945,0.6568451193046559,-0.00012941726210263793,4,8
EYG,503,5,3,7.92,-5.958125733979841,-3595.9518291654126,-1843.8769550921131,-0.802003781110513,-4.340125821161722e-05,4,8
EYG,504,5,4,11.88,-216.01685007239433,-2582.6631386487825,-1334.8593664653615,-7.751399931516178,-3.611717069151865e-05,4,8
EYG,505,5,5,15.84,-1.1368683772161603e-13,-988.6840946767549,-249.66770067594757,-0.0006559138120896382,1.6160837035939348e-07,4,8
EYG,601,6,1,0.0,-365.8899280211588,-874.4875166378899,390.8251131182941,-0.2270751764095264,-0.6110305125189803,3,6
EYG,602,6,2,3.96,-320.34435419204914,-2566.589948471722,-555.8261959997692,0.28110508837578224,0.7927349571350638,3,6
EYG,603,6,3,7.92,-125.81018542431903,-982.663302482624,-402.607571528164,-0.42934828915764855,-1.2628563573156002,3,6
EYG,604,6,4,11.88,-36.041688331195495,326.8925195160891,49.91976583213513,0.651703195868746,2.0349085653806407,3,6
EYG,705,7,5,15.84,-48.477641098429274,-677.6066446156246,-210.1694135779689,0.12319710704780706,0.39917942403112866,3,6
EYG,801,8,1,0.0,-2.9749902513240754,-0.11875161394065215,-0.08994994216333563,-75.58365990643976,6.513736643398715e-06,1,2
EYG,802,8,2,3.96,-2.049990823836337,0.6362125301455523,0.38345325731394975,262.11585666966874,6.485618087026523e-07,1,2
EYG,803,8,3,7.92,-2.3787565976238665,2.4006179809211843,0.8520436276608174,240.8306605895353,4.399988426939672e-06,1,2
EYG,804,8,4,11.88,-86.24371230759002,5.624962101214358,2.01745832483301,175.08534676191863,1.5128036068290385e-06,1,2
EYG,805,8,5,15.84,96.18512440351152,18.712061987223073,4.338036513697434,0.9667706077023416,-1.7372926325225335,1,2
EYG,901,9,1,0.0,-2.7603451069122826,55.542277639965675,42.07782907459772,-0.13910160721546136,2.805075786899147e-06,1,2
EYG,902,9,2,3.96,-1.9020827325787764,-1296.3860113084029,-624.9771061142649,0.24325874304968964,-2.1706424577216943e-06,1,2
EYG,903,9,3,7.92,-2.207127067625038,-1332.0852330726066,-683.0462084278388,-0.29711558782407244,-6.984856788239124e-07,1,2
EYG,904,9,4,11.88,-80.02133291594572,-956.7223338487759,-494.485612382682,-2.8714484553989426,-7.243490918185103e-07,1,2
EYG,905,9,5,15.84,-47.70748330508228,-186.04641099128827,-64.6764932017234,0.13504374202169495,0.19524476371120675,1,2
EYG,1002,10,2,3.96,-3.436004640801136,-1.0664273609037638,-0.6427208660721834,-439.33725371756077,-2.3593446769609727e-05,3,6
EYG,1003,10,3,7.92,-3.987071800349041,-4.023605119417514,-1.4280687958047096,-403.66072257618754,-2.2584601964581452e-05,3,6
EYG,1004,10,4,11.88,-144.5546724146576,-9.428062454127783,-3.381486256245406,-293.46377368631863,-8.583559889530079e-06,3,6
EYG,1005,10,5,15.84,177.98562082842693,-360.65622099459154,55.007473227420206,-23.228115637188115,-70.06345042343864,3,6
EYG,1101,11,1,0.0,-2.5307058412434245,50.92175509314262,38.577371405810794,-0.12752208435187135,1.7928889148172145e-06,1,2
EYG,1102,11,2,3.96,-1.743843987538412,-1188.5373266349557,-572.9841339547074,0.2230216425328737,-1.1611407550460306e-06,1,2
EYG,1103,11,3,7.92,-2.023513754978694,-1221.266586009714,-626.2223250173727,-0.2724096449450216,-8.48196112818167e-07,1,2
EYG,1104,11,4,11.88,-73.36421415528145,-877.1307986517202,-453.3484182935016,-2.6325643361569258,-1.4705273954085385e-07,1,2
EYG,1105,11,5,15.84,2.2737367544323206e-13,-1160.1564741233622,-292.9688065968087,0.04292411321459068,-0.001626505365862346,1,2
EYG,1201,12,1,0.0,-2.5307174571456983,50.92177640837224,38.57737997356561,-0.12753039838968427,-1.3248699035212086e-06,1,2
EYG,1202,12,2,3.96,-1.7438583419384486,-1188.5373519079262,-572.9841494854991,0.22302703580887864,8.613412885716265e-07,1,2
EYG,1203,12,3,7.92,-2.0235132646990905,-1221.2666198058669,-626.2223416487457,-0.2724057247919702,6.218089492748824e-07,1,2
EYG,1204,12,4,11.88,-73.36421353569295,-877.1308230566206,-453.3484292853837,-2.632563595507417,1.2918164760122863e-07,1,2
EYG,1205,12,5,15.84,-177.98562082842693,-1194.3650337479294,-341.56108943260267,-6.644138986050819,-7.161584159422736,1,2
EYG,1301,13,1,0.0,-5.436331695103483,109.38733349275245,82.86983509334672,-0.2740020934507945,3.879116868468757e-05,4,8
EYG,1302,13,2,3.96,-3.74603451491879,-2553.1543482233355,-1230.854856262269,0.4791262040674993,-2.5270649941538936e-05,4,8
EYG,1303,13,3,7.92,-4.34678762518223,-2623.461749490257,-1345.2184054796785,-0.5851462842715358,-2.1881079153129868e-05,4,8
EYG,1304,13,4,11.88,411.55339268896216,-2626.8781472707033,-781.7605275421141,2.4112267850247395,56.669790522534605,4,8
EYG,1305,13,5,15.84,53.805106287322076,-2985.877004512954,-1121.841460879341,-4.156065549108973,95.17620280479312,4,8
EYG,1401,14,1,0.0,-2.549457619889195,0.10190284011276962,0.07715605853917384,64.772421479421,2.6679586575539815e-06,2,4
EYG,1402,14,2,3.96,-1.7567683676574188,-0.5453106348750475,-0.32865182605782717,-224.62357329601585,-1.7299070265153205e-06,2,4
EYG,1403,14,3,7.92,-2.0385012631648243,-2.057248219472877,-0.7301739082395993,-206.38294066070165,-1.2630888335252166e-06,2,4
EYG,1404,14,4,11.88,-73.90765490297758,-4.820383916318665,-1.7288899537991433,-150.04163675651586,-2.156745395609505e-07,2,4
EYG,1405,14,5,15.84,-216.15213051922345,-40.59301220599424,-14.826994132197076,-24.328012403123854,-0.37787979297264584,2,4
EYG,1501,15,1,0.0,-1.4809263268879072,29.798658180517798,22.574905087303577,-0.07464409151542828,7.665596847387934e-07,1,2
EYG,1502,15,2,3.96,-1.020464825487636,-695.5144295607724,-335.3018257048115,0.13052196606992972,-4.973791954548945e-07,1,2
EYG,1503,15,3,7.92,-1.184130038643275,-714.6671129139812,-366.4560267474493,-0.15940059597313827,-3.6842191397656876e-07,1,2
EYG,1504,15,4,11.88,-42.93165369654338,-513.283952473419,-265.29277981499035,-1.5405360014538383,-7.627143416844007e-08,1,2
EYG,1505,15,5,15.84,102.13411716172709,-599.1279677921548,-165.89301233514666,-2.8001674622716073,2.076144828338554,1,2
EYG,1601,16,1,0.0,-1.4809242936374716,29.798678232849873,22.574915213903108,-0.07464409016715923,7.662047417505979e-07,1,2
EYG,1602,16,2,3.96,-1.0204620699822726,-695.5144425823926,-335.3018322853495,0.1305219662762137,-4.97434944395081e-07,1,2
EYG,1603,16,3,7.92,-1.184129509325885,-714.6671224951386,-366.45603161044943,-0.15940062507791058,-3.6076006956764495e-07,1,2
EYG,1604,16,4,11.88,-42.931654031758114,-513.283954441282,-265.29278084396435,-1.540536066374199,-5.992103513374758e-08,1,2
EYG,1605,16,5,15.84,114.01801335749616,-602.5012817578189,-169.00336813414035,3.8833326946529154,-2.848698251086979,1,2
EYG,1701,17,1,0.0,-2.099525628452992,0.08383778447902612,0.0634956986100294,53.34198660421684,1.5751255588725144e-06,1,2
EYG,1801,18,1,0.0,37.54666117202276,23.3986448399349,-14.831300473767717,1.3063003845496721,-3.2052555526724986,2,4
EYG,1901,19,1,0.0,5.98086736403925,-0.6867711485243726,2.443701623836385,4.039883455900424,7.555528444522066,2,4
EYG,2001,20,1,0.0,-0.5609511889912966,-55.00393246590305,15.52768381644346,0.21036089166789312,-1.9582980130627436,8,16
EYG,2101,21,1,0.0,-10.90728626437655,23.88570445423057,-3.4419837888830442,23.765274909387806,-59.819997368102754,5,10
EYG,2201,22,1,0.0,41.465044510172454,-173.22603948221774,23.82546657624999,-1.1334813873114247,-9.039481590041387,8,16
EYG,2302,23,2,3.96,23.002646828399776,-45.58514374505597,3.1486493248770557,-45.5417245600359,1.558873638918982,8,16
EYG,2402,24,2,3.96,-3.109056399140627,-10756.506899305738,-3968.503299857374,0.39528693841109774,31.004992420566182,8,16
EYQ,101,1,1,0.0,-1.815060927906293,33.6379321219747,25.483855330070618,0.04061115579143819,4.133125175595498e-06,1,2
EYQ,102,1,2,3.96,-1.5511719922920975,-817.2882459990303,-396.10243632315223,0.05014657623285909,-3.2287567767463887e-06,1,2
EYQ,103,1,3,7.92,-0.8515580678867991,-803.7739292444246,-412.3334741482216,0.2834226361683881,-1.1147469869965398e-06,1,2
EYQ,104,1,4,11.88,-0.30264060990657526,-514.0846118787765,-270.2688142674947,0.05594258577396149,-5.23796079544836e-07,1,2
EYQ,105,1,5,15.84,-0.053649776106212244,-91.93748072030664,-54.267537750946474,1.0185970737337717,4.484071314259097e-08,1,2
EYQ,201,2,1,0.0,-0.5759625924456773,-0.010101684730104088,-0.007688734414827925,13.478097789262026,5.412250212444292e-07,1,2
EYQ,202,2,2,3.96,-0.49222418641489696,-0.10892212532628912,-0.04511600755942491,-51.752450488424444,-7.901746457150693e-08,1,2
EYQ,203,2,3,7.92,-0.2702199343576561,-0.385203967578787,-0.1956624832000145,-45.39759834585091,2.3838344631599284e-07,1,2
EYQ,204,2,4,11.88,-0.09603520040637847,-1.1450451788360807,-0.48813504620118,-31.543762285136346,1.7842162236547665e-07,1,2
EYQ,205,2,5,15.84,-0.017024365531530528,-2.7853738469303884,-1.39681966903174,-3.4265783137553854,1.3759296990656367e-07,1,2
EYQ,301,3,1,0.0,1.2311765672178652,33.69675298788389,25.528417599993887,0.0218110493156182,4.152548733045436e-06,1,2
EYQ,302,3,2,3.96,1.049943877512419,-818.6843751605968,-396.77836144176285,-0.07519348529119,-3.243930229025749e-06,1,2
EYQ,303,3,3,7.92,0.564916885804962,-805.1305889448552,-413.02669425919396,0.09960849223339259,-1.1199857714583317e-06,1,2
EYQ,304,3,4,11.88,0.18594453616552187,-514.9746800619166,-270.75006341897415,-0.034851240349642466,-5.262576786013717e-07,1,2
EYQ,305,3,5,15.84,0.021984638186225425,-92.05562988831973,-54.30159810316276,0.9403079971400199,2.5133300141089165e-07,1,2
EYQ,401,4,1,0.0,0.39001297920818917,-0.005534903259763357,-0.004171635160773984,13.478546940148572,5.413404764453844e-07,1,2
EYQ,402,4,2,3.96,0.33260188736354673,-0.0725289521663478,-0.02122220725231351,-51.750604761046546,-7.915865296581615e-08,1,2
EYQ,403,4,3,7.92,0.1789548140271842,-0.3122923688013898,-0.1606140711182558,-45.39018489249071,2.3832557971559254e-07,1,2
EYQ,404,4,4,11.88,0.05890372004832822,-1.102624809656324,-0.4708509582377098,-31.55308949642162,1.7835009025191084e-07,1,2
EYQ,405,4,5,15.84,0.006964382373810585,-2.7621095830043068,-1.3816139262750884,-3.395416348034672,1.3201282800245906e-07,1,2
EYQ,501,5,1,0.0,-1.6593583811437753,39.80365432873826,30.154526533887378,-0.07119437068714242,4.554102913427449e-05,4,8
EYQ,502,5,2,3.96,-1.0431370758507228,-917.8159948864338,-443.03763183836617,0.12182053577048096,-3.557386738733265e-05,4,8
EYQ,503,5,3,7.92,-1.107826628661087,-896.3019635341302,-461.50780075811576,-0.1275655691344808,-1.2287171473002179e-05,4,8
EYQ,504,5,4,11.88,-39.73984787470779,-570.8757792748411,-298.2078431363324,-1.4933817334276718,-5.769565742053118e-06,4,8
EYQ,505,5,5,15.84,-1.1723955140041653e-13,-162.43608849350096,-41.0192142660355,-0.002042779154061358,1.2913836957358267e-08,4,8
EYQ,601,6,1,0.0,-92.16705892062167,-222.56239261658328,100.79514612944189,-0.04691249088283689,-0.1291279605200908,3,6
EYQ,602,6,2,3.96,-78.07857799675581,-666.3910041627603,-154.330950277019,0.05820382949152299,0.16726183370781908,3,6
EYQ,603,6,3,7.92,-25.277120623028175,-222.74957953847195,-106.46694760520855,-0.08869297764083879,-0.26481089062831153,3,6
EYQ,604,6,4,11.88,-5.19112506429897,135.14150268728304,29.070377789922432,0.13712527527913163,0.43075296400311036,3,6
EYQ,705,7,5,15.84,-8.356406402386398,-110.33144661832156,-34.72848702359287,0.010514718192405629,0.03931006965819893,3,6
EYQ,801,8,1,0.0,-0.6624923790544405,-0.022496338036714414,-0.017039408578065005,-20.065268597237704,1.7522723592122702e-06,1,2
EYQ,802,8,2,3.96,-0.4164692330830927,0.13897329118309767,0.07997805189879678,69.28145929134742,1.1153397139196386e-07,1,2
EYQ,803,8,3,7.92,-0.44229557299997974,0.4661790191206108,0.17201800492839978,60.21307862024073,1.0552813520803284e-06,1,2
EYQ,804,8,4,11.88,-15.86594803241529,0.9449547907639637,0.32493034474864,39.1663407612123,4.497088816890482e-07,1,2
EYQ,805,8,5,15.84,16.544491004321447,3.009927321426167,0.6910645118102217,-0.42337967509676877,-0.3265106782558076,1,2
EYQ,901,9,1,0.0,-0.6146933189272161,14.744861579285331,11.170442013248618,-0.026351045696529848,7.658621245590358e-07,1,2
EYQ,902,9,2,3.96,-0.3864201013509643,-339.99596020314334,-164.11895915740342,0.04510987727855195,-5.966695589901261e-07,1,2
EYQ,903,9,3,7.92,-0.4103827279267307,-332.02630787682864,-170.96105687508603,-0.04726140258934523,-2.0133588751053422e-07,1,2
EYQ,904,9,4,11.88,-14.721238121476716,-211.47535776211475,-110.46818275593446,-0.5532115756833331,-1.1912492647869755e-07,1,2
EYQ,905,9,5,15.84,-8.188084601935042,-29.151780727633355,-10.543775393647751,0.012565924859941286,0.01922715111546672,1,2
EYQ,1002,10,2,3.96,-0.6980454490864878,-0.23295226705882482,-0.1340553240426418,-116.12394067780784,-6.3129040341891596e-06,3,6
EYQ,1003,10,3,7.92,-0.7413380576604938,-0.7813418736753546,-0.28830834876055395,-100.92425475522059,-5.838931592450081e-06,3,6
EYQ,1004,10,4,11.88,-26.59320709126972,-1.5838442563079962,-0.5446182907931159,-65.64742429634843,-1.8733298219331118e-06,3,6
EYQ,1005,10,5,15.84,30.12664883176536,-60.322229595309636,9.489277422716299,-3.721268452026778,-11.258486104805641,3,6
EYQ,1101,11,1,0.0,-0.5635556344781412,13.518247969448364,10.241172586128961,-0.024157111798970957,4.785479551742272e-07,1,2
EYQ,1102,11,2,3.96,-0.35427300441702414,-311.7110859757938,-150.46560781687646,0.04135713826434545,-3.18347238195682e-07,1,2
EYQ,1103,11,3,7.92,-0.37624288700982333,-304.4044231278052,-156.7384895156411,-0.04333264517205952,-2.288133575771567e-07,1,2
EYQ,1104,11,4,11.88,-13.496552278183913,-193.88232195148333,-101.27812508529712,-0.5071882399033335,-1.5308103562539088e-08,1,2
EYQ,1105,11,5,15.84,2.842170943040401e-14,-192.88683916921545,-48.70879777000391,0.006010152822420808,-0.0002730323292289773,1,2
EYQ,1201,12,1,0.0,-0.5635587010731715,13.51825366268568,10.241174886733344,-0.024159331494521475,-3.5383703659436216e-07,1,2
EYQ,1202,12,2,3.96,-0.3542766818997052,-311.7110927462727,-150.46561193101826,0.041358616711823414,2.3606994781905088e-07,1,2
EYQ,1203,12,3,7.92,-0.37624250378701163,-304.4044318795344,-156.7384937529683,-0.0433315862442717,1.68274740048463e-07,1,2
EYQ,1204,12,4,11.88,-13.496551380612956,-193.8823274204243,-101.27812740695833,-0.5071881584317821,1.4981314522266587e-08,1,2
EYQ,1205,12,5,15.84,-30.126648831765294,-198.81158132964865,-57.05868022079045,-1.1345847329271352,-1.2215283084838364,1,2
EYQ,1301,13,1,0.0,-1.2106011483976813,29.03916206497798,21.999536325430444,-0.051910612290122046,1.0357904553899566e-05,4,8
EYQ,1302,13,2,3.96,-0.7610307354872532,-669.6016145887664,-323.22242915878644,0.08885295757088031,-6.927845804680088e-06,4,8
EYQ,1303,13,3,7.92,-0.8082218241655141,-653.905843482523,-336.6975151517827,-0.09307676216485902,-5.598109783566674e-06,4,8
EYQ,1304,13,4,11.88,75.93684940065567,-554.4883001355714,-183.9186462544913,0.4892860024364618,11.318774147422737,4,8
EYQ,1305,13,5,15.84,10.064003838543911,-488.74087523026975,-184.01782664018725,-0.5267633651690979,17.29768720671221,4,8
EYQ,1401,14,1,0.0,-0.567731640069549,0.019316126005845397,0.014621932689079804,17.195198708006195,7.12289553561618e-07,2,4
EYQ,1402,14,2,3.96,-0.35689900594952184,-0.11912262035999206,-0.06855119082585419,-59.37164280447775,-4.741926886708825e-07,2,4
EYQ,1403,14,3,7.92,-0.3790293119932682,-0.3995010888611775,-0.1474146907124944,-51.600374601830424,-3.4073679699986315e-07,2,4
EYQ,1404,14,4,11.88,-13.59652654084954,-0.8097892744473985,-0.27845303023988843,-33.56409847671395,-2.225090511842609e-08,2,4
EYQ,1405,14,5,15.84,-36.5443386743071,-6.583765138081684,-2.419884765137414,-3.8707581660959196,-0.06224203071047896,2,4
EYQ,1501,15,1,0.0,-0.3297830240443149,7.910678811928431,5.992982166764346,-0.014141738564834888,2.0467628828249596e-07,1,2
EYQ,1502,15,2,3.96,-0.20731356366052012,-182.40870800907817,-88.05024434039137,0.0242051494205514,-1.3632718281857137e-07,1,2
EYQ,1503,15,3,7.92,-0.22017186747359574,-178.13295870231488,-91.7210418676797,-0.025355061124192724,-9.89171865667382e-08,1,2
EYQ,1504,15,4,11.88,-7.897983256996909,-113.45706352576754,-59.26645871647516,-0.2967988733748318,-8.901843651099028e-09,1,2
EYQ,1505,15,5,15.84,17.293793046845963,-99.47825554093029,-27.65089892085244,-0.4800345231744847,0.3555106699311269,1,2
EYQ,1601,16,1,0.0,-0.3297824812858394,7.91068416575628,5.992984870522903,-0.014141738250748982,2.0459358791250631e-07,1,2
EYQ,1602,16,2,3.96,-0.20731283811041123,-182.40871157740645,-88.0502461433606,0.02420514949671525,-1.363476502067723e-07,1,2
EYQ,1603,16,3,7.92,-0.22017175327474092,-178.13296128004055,-91.72104317381134,-0.025355066464880706,-9.751146694790547e-08,1,2
EYQ,1604,16,4,11.88,-7.897983376519434,-113.45706375415654,-59.26645883774108,-0.2967988843368856,-6.14117158515004e-09,1,2
EYQ,1605,16,5,15.84,19.250545627461108,-100.03414884190185,-28.16314686177872,0.6499293297776833,-0.47712111440304755,1,2
EYQ,1701,17,1,0.0,-0.4675364191367983,0.015885455018254446,0.01202970127683263,14.160749879492155,4.176378496367761e-07,1,2
EYQ,1801,18,1,0.0,8.820887849095238,5.496001785639676,-3.486658870238489,0.2982036950116674,-0.7316993933040182,2,4
EYQ,1901,19,1,0.0,1.365050513450478,-0.15714606069670267,0.5572075168511635,1.0655307386986337,1.9927920968780355,2,4
EYQ,2001,20,1,0.0,-0.1183733905290898,-10.160757095901223,3.7869580168254995,0.047924609181696075,-0.42960686522146085,8,16
EYQ,2101,21,1,0.0,-2.4525116894901617,5.391167259865302,-0.7775514320409717,6.298323528474109,-15.93584813133426,5,10
EYQ,2201,22,1,0.0,10.001325770882348,-38.92871626226111,5.786383635794082,-0.26287217857374,-2.1125385393943104,8,16
EYQ,2302,23,2,3.96,5.163603769692706,-10.240685125691376,0.6487725735016014,-12.22891694992597,0.40748666347992923,8,16
EYQ,2402,24,2,3.96,-0.6489040415308978,-2815.4873346393956,-1040.7045542508263,0.09969052145688706,8.18827098130393,8,16
