z_m,slab_id,receptor,tag,area_m2,q_Q_kN_m2,Q_kN
3.96,1000000,beam,207,0.007889,1.96133,0.015472932370000001
3.96,1000000,beam,363,0.072071,1.96133,0.14135501442999998
3.96,1000000,beam,211,0.07996,1.96133,0.1568279468
3.96,1000000,beam,212,1.545653,1.96133,3.03153559849
3.96,1000000,beam,213,0.0,1.96133,0.0
3.96,1000000,beam,207,0.338986,4.903325,1.66215852845
3.96,1000000,beam,363,3.096679,4.903325,15.184023557675
3.96,1000000,beam,211,3.435665,4.903325,16.846182086125
3.96,1000000,beam,212,2.935597,4.903325,14.394186160024999
3.96,1000000,beam,213,4.48125,4.903325,21.97302515625
3.96,1000001,beam,211,0.07996,1.96133,0.1568279468
3.96,1000001,beam,210,0.07996,1.96133,0.1568279468
3.96,1000001,beam,384,2.887318,1.96133,5.66298341294
3.96,1000001,beam,387,0.0,1.96133,0.0
3.96,1000001,beam,388,0.0,1.96133,0.0
3.96,1000001,beam,211,1.936265,4.903325,9.494136581125
3.96,1000001,beam,210,1.741252,4.903325,8.5379244629
3.96,1000001,beam,384,0.0,4.903325,0.0
3.96,1000001,beam,387,4.181546,4.903325,20.50347904045
3.96,1000001,beam,388,6.492954,4.903325,31.83706367205
3.96,1000001,beam,211,1.4994,2.941995,4.411227303
3.96,1000001,beam,210,1.694413,2.941995,4.984954573935
3.96,1000001,beam,384,7.884557,2.941995,23.196327271215
3.96,1000001,beam,387,0.038145,2.941995,0.112222399275
3.96,1000001,beam,388,0.05923,2.941995,0.17425436384999998
3.96,1000002,beam,210,0.07996,1.96133,0.1568279468
3.96,1000002,beam,209,0.102612,1.96133,0.20125599396
3.96,1000002,beam,375,0.937378,1.96133,1.83850759274
3.96,1000002,beam,385,1.09591,1.96133,2.1494411603
3.96,1000002,beam,386,0.449743,1.96133,0.88209443819
3.96,1000002,beam,389,0.045,1.96133,0.08825985
3.96,1000002,beam,210,3.435665,4.903325,16.846182086125
3.96,1000002,beam,209,0.244263,4.903325,1.197700874475
3.96,1000002,beam,375,2.231372,4.903325,10.9411421119
3.96,1000002,beam,385,2.081417,4.903325,10.205864011525
3.96,1000002,beam,386,0.854179,4.903325,4.188317245175
3.96,1000002,beam,389,4.43625,4.903325,21.75237553125
3.96,1000003,beam,364,0.045,4.903325,0.220649625
3.96,1000003,beam,383,0.045,4.903325,0.220649625
3.96,1000003,beam,213,1.1895,4.903325,5.8325050874999995
3.96,1000003,beam,216,0.0,4.903325,0.0
3.96,1000003,beam,364,3.470625,4.903325,17.017602328125
3.96,1000003,beam,383,3.470625,4.903325,17.017602328125
3.96,1000003,beam,213,3.29175,4.903325,16.14052006875
3.96,1000003,beam,216,4.48125,4.903325,21.97302515625
3.96,1000004,beam,387,0.8055,4.903325,3.9496282875
3.96,1000004,beam,392,0.0,4.903325,0.0
3.96,1000004,beam,383,0.045,4.903325,0.220649625
3.96,1000004,beam,208,0.045,4.903325,0.220649625
3.96,1000004,beam,387,1.422056,4.903325,6.972802736199999
3.96,1000004,beam,392,2.227556,4.903325,10.922431023699998
3.96,1000004,beam,383,3.324319,4.903325,16.300216460675
3.96,1000004,beam,208,3.324319,4.903325,16.300216460675
3.96,1000005,beam,208,2.525625,4.903325,12.383960203124998
3.96,1000005,beam,382,0.0646,4.903325,0.316754795
3.96,1000005,beam,388,4.145387,4.903325,20.326179711775
3.96,1000005,beam,208,0.99,4.903325,4.85429175
3.96,1000005,beam,382,0.0,4.903325,0.0
3.96,1000005,beam,388,0.0,4.903325,0.0
3.96,1000005,beam,208,0.0,4.903325,0.0
3.96,1000005,beam,382,3.451025,4.903325,16.921497158125
3.96,1000005,beam,388,1.029613,4.903325,5.048527163224999
3.96,1000006,beam,382,0.045,4.903325,0.220649625
3.96,1000006,beam,376,0.0,4.903325,0.0
3.96,1000006,beam,389,1.1445,4.903325,5.6118554625
3.96,1000006,beam,382,0.0,1.96133,0.0
3.96,1000006,beam,376,1.035,1.96133,2.0299765499999998
3.96,1000006,beam,389,0.045,1.96133,0.08825985
3.96,1000006,beam,382,3.470625,4.903325,17.017602328125
3.96,1000006,beam,376,2.480625,4.903325,12.163310578124998
3.96,1000006,beam,389,3.29175,4.903325,16.14052006875
3.96,1000007,beam,365,3.515625,4.903325,17.238251953124998
3.96,1000007,beam,370,3.515625,4.903325,17.238251953124998
3.96,1000007,beam,216,5.928718,4.903325,29.07043118735
3.96,1000007,beam,392,4.149407,4.903325,20.345891078275
3.96,1000007,beam,214,10.078125,4.903325,49.416322265625
3.96,1000008,beam,370,1.035,4.903325,5.074941374999999
3.96,1000008,beam,377,0.0,4.903325,0.0
3.96,1000008,beam,390,0.045,4.903325,0.220649625
3.96,1000008,beam,370,2.480625,4.903325,12.163310578124998
3.96,1000008,beam,377,0.0,4.903325,0.0
3.96,1000008,beam,390,3.634687,4.903325,17.822051634275
3.96,1000008,beam,370,0.0,4.903325,0.0
3.96,1000008,beam,377,2.480625,4.903325,12.163310578124998
3.96,1000008,beam,390,9.447187,4.903325,46.32262819677499
3.96,1000008,beam,370,0.0,1.96133,0.0
3.96,1000008,beam,377,1.035,1.96133,2.0299765499999998
3.96,1000008,beam,390,0.045,1.96133,0.08825985
3.96,1000009,beam,366,6.25,4.903325,30.64578125
3.96,1000009,beam,371,6.25,4.903325,30.64578125
3.96,1000009,beam,214,11.875,4.903325,58.226984374999994
3.96,1000009,beam,217,11.875,4.903325,58.226984374999994
3.96,1000010,beam,371,1.41,4.903325,6.913688249999999
3.96,1000010,beam,378,0.0,4.903325,0.0
3.96,1000010,beam,390,0.045,4.903325,0.220649625
3.96,1000010,beam,395,0.045,4.903325,0.220649625
3.96,1000010,beam,371,4.84,4.903325,23.732093
3.96,1000010,beam,378,0.0,4.903325,0.0
3.96,1000010,beam,390,4.08,4.903325,20.005565999999998
3.96,1000010,beam,395,4.08,4.903325,20.005565999999998
3.96,1000010,beam,371,0.0,4.903325,0.0
3.96,1000010,beam,378,4.84,4.903325,23.732093
3.96,1000010,beam,390,11.83,4.903325,58.00633474999999
3.96,1000010,beam,395,11.83,4.903325,58.00633474999999
3.96,1000010,beam,371,0.0,1.96133,0.0
3.96,1000010,beam,378,1.41,1.96133,2.7654753
3.96,1000010,beam,390,0.045,1.96133,0.08825985
3.96,1000010,beam,395,0.045,1.96133,0.08825985
3.96,1000011,beam,367,6.25,4.903325,30.64578125
3.96,1000011,beam,372,6.25,4.903325,30.64578125
3.96,1000011,beam,217,11.875,4.903325,58.226984374999994
3.96,1000011,beam,215,11.875,4.903325,58.226984374999994
3.96,1000012,beam,372,1.41,4.903325,6.913688249999999
3.96,1000012,beam,379,0.0,4.903325,0.0
3.96,1000012,beam,395,0.045,4.903325,0.220649625
3.96,1000012,beam,391,0.045,4.903325,0.220649625
3.96,1000012,beam,372,4.84,4.903325,23.732093
3.96,1000012,beam,379,0.0,4.903325,0.0
3.96,1000012,beam,395,4.08,4.903325,20.005565999999998
3.96,1000012,beam,391,4.08,4.903325,20.005565999999998
3.96,1000012,beam,372,0.0,4.903325,0.0
3.96,1000012,beam,379,4.84,4.903325,23.732093
3.96,1000012,beam,395,11.83,4.903325,58.00633474999999
3.96,1000012,beam,391,11.83,4.903325,58.00633474999999
3.96,1000012,beam,372,0.0,1.96133,0.0
3.96,1000012,beam,379,1.41,1.96133,2.7654753
3.96,1000012,beam,395,0.045,1.96133,0.08825985
3.96,1000012,beam,391,0.045,1.96133,0.08825985
3.96,1000013,beam,368,6.25,4.903325,30.64578125
3.96,1000013,beam,373,6.25,4.903325,30.64578125
3.96,1000013,beam,215,11.875,4.903325,58.226984374999994
3.96,1000013,beam,218,11.875,4.903325,58.226984374999994
3.96,1000014,beam,373,1.41,4.903325,6.913688249999999
3.96,1000014,beam,380,0.0,4.903325,0.0
3.96,1000014,beam,391,0.045,4.903325,0.220649625
3.96,1000014,beam,396,0.045,4.903325,0.220649625
3.96,1000014,beam,373,4.84,4.903325,23.732093
3.96,1000014,beam,380,0.0,4.903325,0.0
3.96,1000014,beam,391,4.08,4.903325,20.005565999999998
3.96,1000014,beam,396,4.08,4.903325,20.005565999999998
3.96,1000014,beam,373,0.0,4.903325,0.0
3.96,1000014,beam,380,4.84,4.903325,23.732093
3.96,1000014,beam,391,11.83,4.903325,58.00633474999999
3.96,1000014,beam,396,11.83,4.903325,58.00633474999999
3.96,1000014,beam,373,0.0,1.96133,0.0
3.96,1000014,beam,380,1.41,1.96133,2.7654753
3.96,1000014,beam,391,0.045,1.96133,0.08825985
3.96,1000014,beam,396,0.045,1.96133,0.08825985
3.96,1000015,beam,369,7.680625,4.903325,37.660600578125
3.96,1000015,beam,374,7.680625,4.903325,37.660600578125
3.96,1000015,beam,218,12.418125,4.903325,60.890102765624995
3.96,1000015,beam,219,2.201625,4.903325,10.795282903124999
3.96,1000015,beam,397,8.8065,4.903325,43.181131612499996
3.96,1000016,beam,374,1.555,4.903325,7.624670374999999
3.96,1000016,beam,381,0.0,4.903325,0.0
3.96,1000016,beam,396,0.045,4.903325,0.220649625
3.96,1000016,beam,398,0.002809,4.903325,0.013773439924999999
3.96,1000016,beam,399,0.002191,4.903325,0.010743185074999998
3.96,1000016,beam,374,6.125625,4.903325,30.035930203124998
3.96,1000016,beam,381,0.0,4.903325,0.0
3.96,1000016,beam,396,4.152187,4.903325,20.359522321774996
3.96,1000016,beam,398,2.040555,4.903325,10.005504345374998
3.96,1000016,beam,399,1.591633,4.903325,7.804293879725
3.96,1000016,beam,374,0.0,4.903325,0.0
3.96,1000016,beam,381,6.125625,4.903325,30.035930203124998
3.96,1000016,beam,396,12.234038,4.903325,59.98746437635
3.96,1000016,beam,398,3.187605,4.903325,15.629863286625
3.96,1000016,beam,399,2.486332,4.903325,12.1912938539
3.96,1000016,beam,374,0.0,1.96133,0.0
3.96,1000016,beam,381,1.550425,1.96133,3.04089506525
3.96,1000016,beam,396,0.045,1.96133,0.08825985
3.96,1000016,beam,398,0.001722,1.96133,0.0033774102600000002
3.96,1000016,beam,399,0.001343,1.96133,0.00263406619
3.96,1000017,beam,223,13.09,2.451662,32.09225558
3.96,1000017,beam,225,13.035,2.451662,31.957414169999996
3.96,1000017,beam,220,19.1615,2.451662,46.977521413
3.96,1000017,beam,221,12.215,2.451662,29.947051329999997
3.96,1000018,beam,224,11.16,4.903325,54.721106999999996
3.96,1000018,beam,226,4.205,4.903325,20.618481624999998
3.96,1000018,beam,221,20.835,4.903325,102.160776375
3.96,1000018,beam,222,0.0,4.903325,0.0
3.96,1000018,beam,224,8.0,2.941995,23.53596
3.96,1000018,beam,226,15.08,2.941995,44.365284599999995
3.96,1000018,beam,221,0.32,2.941995,0.9414384
3.96,1000018,beam,222,24.0,2.941995,70.60788
7.92,1000019,beam,278,0.015779,1.96133,0.030947826070000004
7.92,1000019,beam,476,0.064181,1.96133,0.12588012073000002
7.92,1000019,beam,282,0.07996,1.96133,0.1568279468
7.92,1000019,beam,283,0.027543,1.96133,0.054020912190000006
7.92,1000019,beam,497,1.518111,1.96133,2.97751664763
7.92,1000019,beam,284,0.0,1.96133,0.0
7.92,1000019,beam,278,0.677971,4.903325,3.3243121535749998
7.92,1000019,beam,476,2.757694,4.903325,13.521869932549999
7.92,1000019,beam,282,3.435665,4.903325,16.846182086125
7.92,1000019,beam,283,0.052311,4.903325,0.256497834075
7.92,1000019,beam,497,2.883286,4.903325,14.137688325949998
7.92,1000019,beam,284,4.48125,4.903325,21.97302515625
7.92,1000020,beam,282,0.07996,1.96133,0.1568279468
7.92,1000020,beam,281,0.07996,1.96133,0.1568279468
7.92,1000020,beam,498,2.887318,1.96133,5.66298341294
7.92,1000020,beam,501,0.0,1.96133,0.0
7.92,1000020,beam,502,0.0,1.96133,0.0
7.92,1000020,beam,282,1.936265,4.903325,9.494136581125
7.92,1000020,beam,281,1.741252,4.903325,8.5379244629
7.92,1000020,beam,498,0.0,4.903325,0.0
7.92,1000020,beam,501,4.181546,4.903325,20.50347904045
7.92,1000020,beam,502,6.492954,4.903325,31.83706367205
7.92,1000020,beam,282,1.4994,2.941995,4.411227303
7.92,1000020,beam,281,1.694413,2.941995,4.984954573935
7.92,1000020,beam,498,7.884557,2.941995,23.196327271215
7.92,1000020,beam,501,0.038145,2.941995,0.112222399275
7.92,1000020,beam,502,0.05923,2.941995,0.17425436384999998
7.92,1000021,beam,281,0.07996,1.96133,0.1568279468
7.92,1000021,beam,280,0.205225,1.96133,0.40251394925
7.92,1000021,beam,488,0.834765,1.96133,1.63724963745
7.92,1000021,beam,499,1.307554,1.96133,2.5645448868200003
7.92,1000021,beam,500,0.238099,1.96133,0.46699071167
7.92,1000021,beam,503,0.045,1.96133,0.08825985
7.92,1000021,beam,281,3.435665,4.903325,16.846182086125
7.92,1000021,beam,280,0.488525,4.903325,2.3953968456249997
7.92,1000021,beam,488,1.98711,4.903325,9.743446140749999
7.92,1000021,beam,499,2.483384,4.903325,12.1768388518
7.92,1000021,beam,500,0.452213,4.903325,2.217347308225
7.92,1000021,beam,503,4.43625,4.903325,21.75237553125
7.92,1000022,beam,477,0.045,4.903325,0.220649625
7.92,1000022,beam,496,0.045,4.903325,0.220649625
7.92,1000022,beam,284,1.1895,4.903325,5.8325050874999995
7.92,1000022,beam,287,0.0,4.903325,0.0
7.92,1000022,beam,477,3.470625,4.903325,17.017602328125
7.92,1000022,beam,496,3.470625,4.903325,17.017602328125
7.92,1000022,beam,284,3.29175,4.903325,16.14052006875
7.92,1000022,beam,287,4.48125,4.903325,21.97302515625
7.92,1000023,beam,501,0.8055,4.903325,3.9496282875
7.92,1000023,beam,506,0.0,4.903325,0.0
7.92,1000023,beam,496,0.045,4.903325,0.220649625
7.92,1000023,beam,279,0.045,4.903325,0.220649625
7.92,1000023,beam,501,1.422056,4.903325,6.972802736199999
7.92,1000023,beam,506,2.227556,4.903325,10.922431023699998
7.92,1000023,beam,496,3.324319,4.903325,16.300216460675
7.92,1000023,beam,279,3.324319,4.903325,16.300216460675
7.92,1000024,beam,279,2.525625,4.903325,12.383960203124998
7.92,1000024,beam,495,0.0646,4.903325,0.316754795
7.92,1000024,beam,502,4.145387,4.903325,20.326179711775
7.92,1000024,beam,507,3.624887,4.903325,17.773999049274998
7.92,1000024,beam,279,0.99,4.903325,4.85429175
7.92,1000024,beam,495,0.0,4.903325,0.0
7.92,1000024,beam,502,0.0,4.903325,0.0
7.92,1000024,beam,507,0.045,4.903325,0.220649625
7.92,1000024,beam,279,0.0,4.903325,0.0
7.92,1000024,beam,495,3.451025,4.903325,16.921497158125
7.92,1000024,beam,502,1.029613,4.903325,5.048527163224999
7.92,1000024,beam,507,1.505113,4.903325,7.380058200724999
7.92,1000025,beam,495,0.045,4.903325,0.220649625
7.92,1000025,beam,489,0.0,4.903325,0.0
7.92,1000025,beam,503,1.1445,4.903325,5.6118554625
7.92,1000025,beam,508,0.0,4.903325,0.0
7.92,1000025,beam,495,0.0,1.96133,0.0
7.92,1000025,beam,489,1.035,1.96133,2.0299765499999998
7.92,1000025,beam,503,0.045,1.96133,0.08825985
7.92,1000025,beam,508,0.045,1.96133,0.08825985
7.92,1000025,beam,495,3.470625,4.903325,17.017602328125
7.92,1000025,beam,489,2.480625,4.903325,12.163310578124998
7.92,1000025,beam,503,3.29175,4.903325,16.14052006875
7.92,1000025,beam,508,4.43625,4.903325,21.75237553125
7.92,1000026,beam,478,3.515625,4.903325,17.238251953124998
7.92,1000026,beam,483,3.515625,4.903325,17.238251953124998
7.92,1000026,beam,287,5.928718,4.903325,29.07043118735
7.92,1000026,beam,506,4.149407,4.903325,20.345891078275
7.92,1000026,beam,285,10.078125,4.903325,49.416322265625
7.92,1000027,beam,483,1.035,4.903325,5.074941374999999
7.92,1000027,beam,490,0.0,4.903325,0.0
7.92,1000027,beam,507,0.023435,4.903325,0.114909421375
7.92,1000027,beam,508,0.021565,4.903325,0.105740203625
7.92,1000027,beam,504,0.045,4.903325,0.220649625
7.92,1000027,beam,483,2.480625,4.903325,12.163310578124998
7.92,1000027,beam,490,0.0,4.903325,0.0
7.92,1000027,beam,507,1.892896,4.903325,9.281484279199999
7.92,1000027,beam,508,1.741791,4.903325,8.540567355075
7.92,1000027,beam,504,3.634687,4.903325,17.822051634275
7.92,1000027,beam,483,0.0,4.903325,0.0
7.92,1000027,beam,490,2.480625,4.903325,12.163310578124998
7.92,1000027,beam,507,4.919968,4.903325,24.124202093599997
7.92,1000027,beam,508,4.52722,4.903325,22.198431006499998
7.92,1000027,beam,504,9.447187,4.903325,46.32262819677499
7.92,1000027,beam,483,0.0,1.96133,0.0
7.92,1000027,beam,490,1.035,1.96133,2.0299765499999998
7.92,1000027,beam,507,0.023435,1.96133,0.04596376855
7.92,1000027,beam,508,0.021565,1.96133,0.04229608145
7.92,1000027,beam,504,0.045,1.96133,0.08825985
7.92,1000028,beam,479,6.25,4.903325,30.64578125
7.92,1000028,beam,484,6.25,4.903325,30.64578125
7.92,1000028,beam,285,11.875,4.903325,58.226984374999994
7.92,1000028,beam,288,11.875,4.903325,58.226984374999994
7.92,1000029,beam,484,1.41,4.903325,6.913688249999999
7.92,1000029,beam,491,0.0,4.903325,0.0
7.92,1000029,beam,504,0.045,4.903325,0.220649625
7.92,1000029,beam,509,0.045,4.903325,0.220649625
7.92,1000029,beam,484,4.84,4.903325,23.732093
7.92,1000029,beam,491,0.0,4.903325,0.0
7.92,1000029,beam,504,4.08,4.903325,20.005565999999998
7.92,1000029,beam,509,4.08,4.903325,20.005565999999998
7.92,1000029,beam,484,0.0,4.903325,0.0
7.92,1000029,beam,491,4.84,4.903325,23.732093
7.92,1000029,beam,504,11.83,4.903325,58.00633474999999
7.92,1000029,beam,509,11.83,4.903325,58.00633474999999
7.92,1000029,beam,484,0.0,1.96133,0.0
7.92,1000029,beam,491,1.41,1.96133,2.7654753
7.92,1000029,beam,504,0.045,1.96133,0.08825985
7.92,1000029,beam,509,0.045,1.96133,0.08825985
7.92,1000030,beam,480,6.25,4.903325,30.64578125
7.92,1000030,beam,485,6.25,4.903325,30.64578125
7.92,1000030,beam,288,11.875,4.903325,58.226984374999994
7.92,1000030,beam,286,11.875,4.903325,58.226984374999994
7.92,1000031,beam,485,1.41,4.903325,6.913688249999999
7.92,1000031,beam,492,0.0,4.903325,0.0
7.92,1000031,beam,509,0.045,4.903325,0.220649625
7.92,1000031,beam,505,0.045,4.903325,0.220649625
7.92,1000031,beam,485,4.84,4.903325,23.732093
7.92,1000031,beam,492,0.0,4.903325,0.0
7.92,1000031,beam,509,4.08,4.903325,20.005565999999998
7.92,1000031,beam,505,4.08,4.903325,20.005565999999998
7.92,1000031,beam,485,0.0,4.903325,0.0
7.92,1000031,beam,492,4.84,4.903325,23.732093
7.92,1000031,beam,509,11.83,4.903325,58.00633474999999
7.92,1000031,beam,505,11.83,4.903325,58.00633474999999
7.92,1000031,beam,485,0.0,1.96133,0.0
7.92,1000031,beam,492,1.41,1.96133,2.7654753
7.92,1000031,beam,509,0.045,1.96133,0.08825985
7.92,1000031,beam,505,0.045,1.96133,0.08825985
7.92,1000032,beam,481,6.25,4.903325,30.64578125
7.92,1000032,beam,486,6.25,4.903325,30.64578125
7.92,1000032,beam,286,11.875,4.903325,58.226984374999994
7.92,1000032,beam,289,11.875,4.903325,58.226984374999994
7.92,1000033,beam,486,1.41,4.903325,6.913688249999999
7.92,1000033,beam,493,0.0,4.903325,0.0
7.92,1000033,beam,505,0.045,4.903325,0.220649625
7.92,1000033,beam,510,0.045,4.903325,0.220649625
7.92,1000033,beam,486,4.84,4.903325,23.732093
7.92,1000033,beam,493,0.0,4.903325,0.0
7.92,1000033,beam,505,4.08,4.903325,20.005565999999998
7.92,1000033,beam,510,4.08,4.903325,20.005565999999998
7.92,1000033,beam,486,0.0,4.903325,0.0
7.92,1000033,beam,493,4.84,4.903325,23.732093
7.92,1000033,beam,505,11.83,4.903325,58.00633474999999
7.92,1000033,beam,510,11.83,4.903325,58.00633474999999
7.92,1000033,beam,486,0.0,1.96133,0.0
7.92,1000033,beam,493,1.41,1.96133,2.7654753
7.92,1000033,beam,505,0.045,1.96133,0.08825985
7.92,1000033,beam,510,0.045,1.96133,0.08825985
7.92,1000034,beam,482,7.680625,4.903325,37.660600578125
7.92,1000034,beam,487,7.680625,4.903325,37.660600578125
7.92,1000034,beam,289,12.418125,4.903325,60.890102765624995
7.92,1000034,beam,290,4.40325,4.903325,21.590565806249998
7.92,1000034,beam,511,6.604875,4.903325,32.385848709375
7.92,1000035,beam,487,1.555,4.903325,7.624670374999999
7.92,1000035,beam,494,0.0,4.903325,0.0
7.92,1000035,beam,510,0.045,4.903325,0.220649625
7.92,1000035,beam,512,0.005,4.903325,0.024516625
7.92,1000035,beam,487,6.125625,4.903325,30.035930203124998
7.92,1000035,beam,494,0.0,4.903325,0.0
7.92,1000035,beam,510,4.152187,4.903325,20.359522321774996
7.92,1000035,beam,512,3.632187,4.903325,17.809793321775
7.92,1000035,beam,487,0.0,4.903325,0.0
7.92,1000035,beam,494,6.125625,4.903325,30.035930203124998
7.92,1000035,beam,510,12.234037,4.903325,59.987459473025
7.92,1000035,beam,512,5.673937,4.903325,27.821157140524996
7.92,1000035,beam,487,0.0,1.96133,0.0
7.92,1000035,beam,494,1.550425,1.96133,3.04089506525
7.92,1000035,beam,510,0.045,1.96133,0.08825985
7.92,1000035,beam,512,0.003065,1.96133,0.00601147645
7.92,1000036,beam,231,13.09,2.451662,32.09225558
7.92,1000036,beam,232,13.035,2.451662,31.957414169999996
7.92,1000036,beam,227,19.1615,2.451662,46.977521413
7.92,1000036,beam,228,12.215,2.451662,29.947051329999997
7.92,1000037,beam,423,11.16,4.903325,54.721106999999996
7.92,1000037,beam,424,3.78125,4.903325,18.54069765625
7.92,1000037,beam,228,20.29875,4.903325,99.53136834374999
7.92,1000037,beam,229,0.0,4.903325,0.0
7.92,1000037,beam,423,7.965,2.941995,23.432990175
7.92,1000037,beam,424,15.34375,2.941995,45.141235781249996
7.92,1000037,beam,228,0.36125,2.941995,1.06279569375
7.92,1000037,beam,229,23.79,2.941995,69.99006105
7.92,1000038,beam,400,0.03125,2.451662,0.0766144375
7.92,1000038,beam,408,0.03125,2.451662,0.0766144375
7.92,1000038,beam,232,1.75,2.451662,4.2904085
7.92,1000038,beam,238,0.0,2.451662,0.0
7.92,1000038,beam,400,6.21875,3.92266,24.394041875
7.92,1000038,beam,408,6.21875,3.92266,24.394041875
7.92,1000038,beam,232,10.125,3.92266,39.7169325
7.92,1000038,beam,238,11.875,3.92266,46.5815875
7.92,1000039,beam,408,6.25,4.903325,30.64578125
7.92,1000039,beam,416,0.0,4.903325,0.0
7.92,1000039,beam,424,3.75,4.903325,18.38746875
7.92,1000039,beam,429,3.75,4.903325,18.38746875
7.92,1000039,beam,408,0.0,2.941995,0.0
7.92,1000039,beam,416,6.25,2.941995,18.38746875
7.92,1000039,beam,424,12.25,2.941995,36.03943875
7.92,1000039,beam,429,12.25,2.941995,36.03943875
7.92,1000040,beam,237,4.21235,3.92266,16.523616851
7.92,1000040,beam,240,4.2436,3.92266,16.646199976
7.92,1000040,beam,230,11.1858,3.92266,43.878090228000005
7.92,1000040,beam,400,7.446295,3.92266,29.2092835447
7.92,1000040,beam,401,3.708255,3.92266,14.5462235583
7.92,1000040,beam,237,0.03125,2.451662,0.0766144375
7.92,1000040,beam,240,0.0,2.451662,0.0
7.92,1000040,beam,230,0.0,2.451662,0.0
7.92,1000040,beam,400,0.020861,2.451662,0.051144120981999996
7.92,1000040,beam,401,0.010389,2.451662,0.025470316518
7.92,1000041,beam,401,1.550025,3.92266,6.0802210665
7.92,1000041,beam,409,1.550025,3.92266,6.0802210665
7.92,1000041,beam,238,7.476225,3.92266,29.3266887585
7.92,1000041,beam,241,7.476225,3.92266,29.3266887585
7.92,1000042,beam,409,3.1125,4.903325,15.261599062499998
7.92,1000042,beam,410,3.1375,4.903325,15.3841821875
7.92,1000042,beam,417,0.0,4.903325,0.0
7.92,1000042,beam,429,3.75,4.903325,18.38746875
7.92,1000042,beam,425,3.75,4.903325,18.38746875
7.92,1000042,beam,409,0.0,2.941995,0.0
7.92,1000042,beam,410,0.0,2.941995,0.0
7.92,1000042,beam,417,6.25,2.941995,18.38746875
7.92,1000042,beam,429,12.25,2.941995,36.03943875
7.92,1000042,beam,425,12.25,2.941995,36.03943875
7.92,1000043,beam,402,1.575025,3.92266,6.1782875665
7.92,1000043,beam,410,1.575025,3.92266,6.1782875665
7.92,1000043,beam,241,7.523725,3.92266,29.5130151085
7.92,1000043,beam,233,7.523725,3.92266,29.5130151085
7.92,1000044,beam,403,6.25,3.92266,24.516625
7.92,1000044,beam,411,6.25,3.92266,24.516625
7.92,1000044,beam,233,11.875,3.92266,46.5815875
7.92,1000044,beam,239,11.875,3.92266,46.5815875
7.92,1000045,beam,411,6.25,4.903325,30.64578125
7.92,1000045,beam,418,0.0,4.903325,0.0
7.92,1000045,beam,425,3.75,4.903325,18.38746875
7.92,1000045,beam,430,3.75,4.903325,18.38746875
7.92,1000045,beam,411,0.0,2.941995,0.0
7.92,1000045,beam,418,6.25,2.941995,18.38746875
7.92,1000045,beam,425,12.25,2.941995,36.03943875
7.92,1000045,beam,430,12.25,2.941995,36.03943875
7.92,1000046,beam,404,6.25,3.92266,24.516625
7.92,1000046,beam,412,6.25,3.92266,24.516625
7.92,1000046,beam,239,11.875,3.92266,46.5815875
7.92,1000046,beam,234,11.875,3.92266,46.5815875
7.92,1000047,beam,412,6.25,4.903325,30.64578125
7.92,1000047,beam,419,0.0,4.903325,0.0
7.92,1000047,beam,430,3.75,4.903325,18.38746875
7.92,1000047,beam,426,3.75,4.903325,18.38746875
7.92,1000047,beam,412,0.0,2.941995,0.0
7.92,1000047,beam,419,6.25,2.941995,18.38746875
7.92,1000047,beam,430,12.25,2.941995,36.03943875
7.92,1000047,beam,426,12.25,2.941995,36.03943875
7.92,1000048,beam,405,6.25,3.92266,24.516625
7.92,1000048,beam,413,6.25,3.92266,24.516625
7.92,1000048,beam,234,11.875,3.92266,46.5815875
7.92,1000048,beam,242,11.875,3.92266,46.5815875
7.92,1000049,beam,413,6.25,4.903325,30.64578125
7.92,1000049,beam,420,0.0,4.903325,0.0
7.92,1000049,beam,426,3.75,4.903325,18.38746875
7.92,1000049,beam,432,3.75,4.903325,18.38746875
7.92,1000049,beam,413,0.0,2.941995,0.0
7.92,1000049,beam,420,6.25,2.941995,18.38746875
7.92,1000049,beam,426,12.25,2.941995,36.03943875
7.92,1000049,beam,432,12.25,2.941995,36.03943875
7.92,1000050,beam,406,6.205,3.92266,24.3401053
7.92,1000050,beam,414,6.205,3.92266,24.3401053
7.92,1000050,beam,242,11.875,3.92266,46.5815875
7.92,1000050,beam,235,9.79,3.92266,38.4028414
7.92,1000050,beam,406,0.045,4.903325,0.220649625
7.92,1000050,beam,414,0.045,4.903325,0.220649625
7.92,1000050,beam,242,0.0,4.903325,0.0
7.92,1000050,beam,235,2.085,4.903325,10.223432625
7.92,1000051,beam,414,6.25,4.903325,30.64578125
7.92,1000051,beam,421,0.0,4.903325,0.0
7.92,1000051,beam,432,3.75,4.903325,18.38746875
7.92,1000051,beam,427,3.75,4.903325,18.38746875
7.92,1000051,beam,414,0.0,2.941995,0.0
7.92,1000051,beam,421,6.25,2.941995,18.38746875
7.92,1000051,beam,432,12.25,2.941995,36.03943875
7.92,1000051,beam,427,12.25,2.941995,36.03943875
7.92,1000052,beam,407,6.25,4.903325,30.64578125
7.92,1000052,beam,415,6.25,4.903325,30.64578125
7.92,1000052,beam,235,11.875,4.903325,58.226984374999994
7.92,1000052,beam,236,11.875,4.903325,58.226984374999994
7.92,1000053,beam,415,6.25,4.903325,30.64578125
7.92,1000053,beam,422,0.0,4.903325,0.0
7.92,1000053,beam,427,3.75,4.903325,18.38746875
7.92,1000053,beam,428,3.75,4.903325,18.38746875
7.92,1000053,beam,415,0.0,2.941995,0.0
7.92,1000053,beam,422,6.25,2.941995,18.38746875
7.92,1000053,beam,427,12.25,2.941995,36.03943875
7.92,1000053,beam,428,12.25,2.941995,36.03943875
11.88,1000054,beam,291,0.023668,1.96133,0.04642075844
11.88,1000054,beam,513,0.056292,1.96133,0.11040718836
11.88,1000054,beam,295,0.07996,1.96133,0.1568279468
11.88,1000054,beam,296,0.238824,1.96133,0.46841267592
11.88,1000054,beam,534,1.306829,1.96133,2.56312292257
11.88,1000054,beam,297,0.0,1.96133,0.0
11.88,1000054,beam,291,1.016957,4.903325,4.986470682025001
11.88,1000054,beam,513,2.418708,4.903325,11.8597114041
11.88,1000054,beam,295,3.435665,4.903325,16.846182086125
11.88,1000054,beam,296,0.453589,4.903325,2.224094283425
11.88,1000054,beam,534,2.482007,4.903325,12.170086973274998
11.88,1000054,beam,297,4.48125,4.903325,21.97302515625
11.88,1000055,beam,295,0.07996,1.96133,0.1568279468
11.88,1000055,beam,294,0.07996,1.96133,0.1568279468
11.88,1000055,beam,535,2.887318,1.96133,5.66298341294
11.88,1000055,beam,538,0.0,1.96133,0.0
11.88,1000055,beam,539,0.0,1.96133,0.0
11.88,1000055,beam,295,1.936265,4.903325,9.494136581125
11.88,1000055,beam,294,1.741252,4.903325,8.5379244629
11.88,1000055,beam,535,0.0,4.903325,0.0
11.88,1000055,beam,538,4.181546,4.903325,20.50347904045
11.88,1000055,beam,539,6.492954,4.903325,31.83706367205
11.88,1000055,beam,295,1.4994,2.941995,4.411227303
11.88,1000055,beam,294,1.694413,2.941995,4.984954573935
11.88,1000055,beam,535,7.884557,2.941995,23.196327271215
11.88,1000055,beam,538,0.038145,2.941995,0.112222399275
11.88,1000055,beam,539,0.05923,2.941995,0.17425436384999998
11.88,1000056,beam,294,0.07996,1.96133,0.1568279468
11.88,1000056,beam,293,0.307837,1.96133,0.6037699432100001
11.88,1000056,beam,525,0.732153,1.96133,1.43599364349
11.88,1000056,beam,536,1.519198,1.96133,2.97964861334
11.88,1000056,beam,537,0.026455,1.96133,0.05188698515
11.88,1000056,beam,540,0.045,1.96133,0.08825985
11.88,1000056,beam,294,3.435665,4.903325,16.846182086125
11.88,1000056,beam,293,0.732788,4.903325,3.5930977201
11.88,1000056,beam,525,1.742847,4.903325,8.545745266275
11.88,1000056,beam,536,2.885351,4.903325,14.147813692075
11.88,1000056,beam,537,0.050246,4.903325,0.24637246794999998
11.88,1000056,beam,540,4.43625,4.903325,21.75237553125
11.88,1000057,beam,514,0.045,4.903325,0.220649625
11.88,1000057,beam,533,0.045,4.903325,0.220649625
11.88,1000057,beam,297,1.1895,4.903325,5.8325050874999995
11.88,1000057,beam,300,0.0,4.903325,0.0
11.88,1000057,beam,514,3.470625,4.903325,17.017602328125
11.88,1000057,beam,533,3.470625,4.903325,17.017602328125
11.88,1000057,beam,297,3.29175,4.903325,16.14052006875
11.88,1000057,beam,300,4.48125,4.903325,21.97302515625
11.88,1000058,beam,538,0.8055,4.903325,3.9496282875
11.88,1000058,beam,543,0.0,4.903325,0.0
11.88,1000058,beam,533,0.045,4.903325,0.220649625
11.88,1000058,beam,292,0.045,4.903325,0.220649625
11.88,1000058,beam,538,1.422056,4.903325,6.972802736199999
11.88,1000058,beam,543,2.227556,4.903325,10.922431023699998
11.88,1000058,beam,533,3.324319,4.903325,16.300216460675
11.88,1000058,beam,292,3.324319,4.903325,16.300216460675
11.88,1000059,beam,292,2.525625,4.903325,12.383960203124998
11.88,1000059,beam,532,0.0646,4.903325,0.316754795
11.88,1000059,beam,539,4.145387,4.903325,20.326179711775
11.88,1000059,beam,544,3.624887,4.903325,17.773999049274998
11.88,1000059,beam,292,0.99,4.903325,4.85429175
11.88,1000059,beam,532,0.0,4.903325,0.0
11.88,1000059,beam,539,0.0,4.903325,0.0
11.88,1000059,beam,544,0.045,4.903325,0.220649625
11.88,1000059,beam,292,0.0,4.903325,0.0
11.88,1000059,beam,532,3.451025,4.903325,16.921497158125
11.88,1000059,beam,539,1.029613,4.903325,5.048527163224999
11.88,1000059,beam,544,1.505113,4.903325,7.380058200724999
11.88,1000060,beam,532,0.045,4.903325,0.220649625
11.88,1000060,beam,526,0.0,4.903325,0.0
11.88,1000060,beam,540,1.1445,4.903325,5.6118554625
11.88,1000060,beam,545,0.0,4.903325,0.0
11.88,1000060,beam,532,0.0,1.96133,0.0
11.88,1000060,beam,526,1.035,1.96133,2.0299765499999998
11.88,1000060,beam,540,0.045,1.96133,0.08825985
11.88,1000060,beam,545,0.045,1.96133,0.08825985
11.88,1000060,beam,532,3.470625,4.903325,17.017602328125
11.88,1000060,beam,526,2.480625,4.903325,12.163310578124998
11.88,1000060,beam,540,3.29175,4.903325,16.14052006875
11.88,1000060,beam,545,4.43625,4.903325,21.75237553125
11.88,1000061,beam,515,3.515625,4.903325,17.238251953124998
11.88,1000061,beam,520,3.515625,4.903325,17.238251953124998
11.88,1000061,beam,300,5.928718,4.903325,29.07043118735
11.88,1000061,beam,543,4.149407,4.903325,20.345891078275
11.88,1000061,beam,298,10.078125,4.903325,49.416322265625
11.88,1000062,beam,520,1.035,4.903325,5.074941374999999
11.88,1000062,beam,527,0.0,4.903325,0.0
11.88,1000062,beam,544,0.023435,4.903325,0.114909421375
11.88,1000062,beam,545,0.021565,4.903325,0.105740203625
11.88,1000062,beam,541,0.045,4.903325,0.220649625
11.88,1000062,beam,520,2.480625,4.903325,12.163310578124998
11.88,1000062,beam,527,0.0,4.903325,0.0
11.88,1000062,beam,544,1.892896,4.903325,9.281484279199999
11.88,1000062,beam,545,1.741791,4.903325,8.540567355075
11.88,1000062,beam,541,3.634687,4.903325,17.822051634275
11.88,1000062,beam,520,0.0,4.903325,0.0
11.88,1000062,beam,527,2.480625,4.903325,12.163310578124998
11.88,1000062,beam,544,4.919968,4.903325,24.124202093599997
11.88,1000062,beam,545,4.52722,4.903325,22.198431006499998
11.88,1000062,beam,541,9.447187,4.903325,46.32262819677499
11.88,1000062,beam,520,0.0,1.96133,0.0
11.88,1000062,beam,527,1.035,1.96133,2.0299765499999998
11.88,1000062,beam,544,0.023435,1.96133,0.04596376855
11.88,1000062,beam,545,0.021565,1.96133,0.04229608145
11.88,1000062,beam,541,0.045,1.96133,0.08825985
11.88,1000063,beam,516,6.25,4.903325,30.64578125
11.88,1000063,beam,521,6.25,4.903325,30.64578125
11.88,1000063,beam,298,11.875,4.903325,58.226984374999994
11.88,1000063,beam,301,11.875,4.903325,58.226984374999994
11.88,1000064,beam,521,1.41,4.903325,6.913688249999999
11.88,1000064,beam,528,0.0,4.903325,0.0
11.88,1000064,beam,541,0.045,4.903325,0.220649625
11.88,1000064,beam,546,0.045,4.903325,0.220649625
11.88,1000064,beam,521,4.84,4.903325,23.732093
11.88,1000064,beam,528,0.0,4.903325,0.0
11.88,1000064,beam,541,4.08,4.903325,20.005565999999998
11.88,1000064,beam,546,4.08,4.903325,20.005565999999998
11.88,1000064,beam,521,0.0,4.903325,0.0
11.88,1000064,beam,528,4.84,4.903325,23.732093
11.88,1000064,beam,541,11.83,4.903325,58.00633474999999
11.88,1000064,beam,546,11.83,4.903325,58.00633474999999
11.88,1000064,beam,521,0.0,1.96133,0.0
11.88,1000064,beam,528,1.41,1.96133,2.7654753
11.88,1000064,beam,541,0.045,1.96133,0.08825985
11.88,1000064,beam,546,0.045,1.96133,0.08825985
11.88,1000065,beam,517,6.25,4.903325,30.64578125
11.88,1000065,beam,522,6.25,4.903325,30.64578125
11.88,1000065,beam,301,11.875,4.903325,58.226984374999994
11.88,1000065,beam,299,11.875,4.903325,58.226984374999994
11.88,1000066,beam,522,1.41,4.903325,6.913688249999999
11.88,1000066,beam,529,0.0,4.903325,0.0
11.88,1000066,beam,546,0.045,4.903325,0.220649625
11.88,1000066,beam,542,0.045,4.903325,0.220649625
11.88,1000066,beam,522,4.84,4.903325,23.732093
11.88,1000066,beam,529,0.0,4.903325,0.0
11.88,1000066,beam,546,4.08,4.903325,20.005565999999998
11.88,1000066,beam,542,4.08,4.903325,20.005565999999998
11.88,1000066,beam,522,0.0,4.903325,0.0
11.88,1000066,beam,529,4.84,4.903325,23.732093
11.88,1000066,beam,546,11.83,4.903325,58.00633474999999
11.88,1000066,beam,542,11.83,4.903325,58.00633474999999
11.88,1000066,beam,522,0.0,1.96133,0.0
11.88,1000066,beam,529,1.41,1.96133,2.7654753
11.88,1000066,beam,546,0.045,1.96133,0.08825985
11.88,1000066,beam,542,0.045,1.96133,0.08825985
11.88,1000067,beam,518,6.25,4.903325,30.64578125
11.88,1000067,beam,523,6.25,4.903325,30.64578125
11.88,1000067,beam,299,11.875,4.903325,58.226984374999994
11.88,1000067,beam,302,11.875,4.903325,58.226984374999994
11.88,1000068,beam,523,1.41,4.903325,6.913688249999999
11.88,1000068,beam,530,0.0,4.903325,0.0
11.88,1000068,beam,542,0.045,4.903325,0.220649625
11.88,1000068,beam,547,0.045,4.903325,0.220649625
11.88,1000068,beam,523,4.84,4.903325,23.732093
11.88,1000068,beam,530,0.0,4.903325,0.0
11.88,1000068,beam,542,4.08,4.903325,20.005565999999998
11.88,1000068,beam,547,4.08,4.903325,20.005565999999998
11.88,1000068,beam,523,0.0,4.903325,0.0
11.88,1000068,beam,530,4.84,4.903325,23.732093
11.88,1000068,beam,542,11.83,4.903325,58.00633474999999
11.88,1000068,beam,547,11.83,4.903325,58.00633474999999
11.88,1000068,beam,523,0.0,1.96133,0.0
11.88,1000068,beam,530,1.41,1.96133,2.7654753
11.88,1000068,beam,542,0.045,1.96133,0.08825985
11.88,1000068,beam,547,0.045,1.96133,0.08825985
11.88,1000069,beam,519,7.680625,4.903325,37.660600578125
11.88,1000069,beam,524,7.680625,4.903325,37.660600578125
11.88,1000069,beam,302,12.418125,4.903325,60.890102765624995
11.88,1000069,beam,303,6.604875,4.903325,32.385848709375
11.88,1000069,beam,548,4.40325,4.903325,21.590565806249998
11.88,1000070,beam,524,1.555,4.903325,7.624670374999999
11.88,1000070,beam,531,0.0,4.903325,0.0
11.88,1000070,beam,547,0.045,4.903325,0.220649625
11.88,1000070,beam,549,0.005,4.903325,0.024516625
11.88,1000070,beam,524,6.125625,4.903325,30.035930203124998
11.88,1000070,beam,531,0.0,4.903325,0.0
11.88,1000070,beam,547,4.152187,4.903325,20.359522321774996
11.88,1000070,beam,549,3.632187,4.903325,17.809793321775
11.88,1000070,beam,524,0.0,4.903325,0.0
11.88,1000070,beam,531,6.125625,4.903325,30.035930203124998
11.88,1000070,beam,547,12.234037,4.903325,59.987459473025
11.88,1000070,beam,549,5.673937,4.903325,27.821157140524996
11.88,1000070,beam,524,0.0,1.96133,0.0
11.88,1000070,beam,531,1.550425,1.96133,3.04089506525
11.88,1000070,beam,547,0.045,1.96133,0.08825985
11.88,1000070,beam,549,0.003065,1.96133,0.00601147645
11.88,1000071,beam,334,13.09,2.451662,32.09225558
11.88,1000071,beam,335,13.035,2.451662,31.957414169999996
11.88,1000071,beam,330,19.1615,2.451662,46.977521413
11.88,1000071,beam,331,12.215,2.451662,29.947051329999997
11.88,1000072,beam,645,11.16,4.903325,54.721106999999996
11.88,1000072,beam,646,3.78125,4.903325,18.54069765625
11.88,1000072,beam,331,20.29875,4.903325,99.53136834374999
11.88,1000072,beam,332,0.0,4.903325,0.0
11.88,1000072,beam,645,7.965,2.941995,23.432990175
11.88,1000072,beam,646,15.34375,2.941995,45.141235781249996
11.88,1000072,beam,331,0.36125,2.941995,1.06279569375
11.88,1000072,beam,332,23.79,2.941995,69.99006105
11.88,1000073,beam,622,0.03125,2.451662,0.0766144375
11.88,1000073,beam,630,0.03125,2.451662,0.0766144375
11.88,1000073,beam,335,1.75,2.451662,4.2904085
11.88,1000073,beam,341,0.0,2.451662,0.0
11.88,1000073,beam,622,6.21875,3.92266,24.394041875
11.88,1000073,beam,630,6.21875,3.92266,24.394041875
11.88,1000073,beam,335,10.125,3.92266,39.7169325
11.88,1000073,beam,341,11.875,3.92266,46.5815875
11.88,1000074,beam,630,6.25,4.903325,30.64578125
11.88,1000074,beam,638,0.0,4.903325,0.0
11.88,1000074,beam,646,3.75,4.903325,18.38746875
11.88,1000074,beam,651,3.75,4.903325,18.38746875
11.88,1000074,beam,630,0.0,2.941995,0.0
11.88,1000074,beam,638,6.25,2.941995,18.38746875
11.88,1000074,beam,646,12.25,2.941995,36.03943875
11.88,1000074,beam,651,12.25,2.941995,36.03943875
11.88,1000075,beam,340,4.21235,4.903325,20.654521063749996
11.88,1000075,beam,343,4.21235,4.903325,20.654521063749996
11.88,1000075,beam,333,11.1858,4.903325,54.847612784999995
11.88,1000075,beam,622,6.258879,4.903325,30.689317872674998
11.88,1000075,beam,623,3.116921,4.903325,15.283276662325
11.88,1000075,beam,340,0.03125,2.451662,0.0766144375
11.88,1000075,beam,343,0.0,2.451662,0.0
11.88,1000075,beam,333,0.0,2.451662,0.0
11.88,1000075,beam,622,0.020861,2.451662,0.051144120981999996
11.88,1000075,beam,623,0.010389,2.451662,0.025470316518
11.88,1000075,beam,340,0.0,3.92266,0.0
11.88,1000075,beam,343,0.03125,3.92266,0.122583125
11.88,1000075,beam,333,0.0,3.92266,0.0
11.88,1000075,beam,622,1.187417,3.92266,4.65783316922
11.88,1000075,beam,623,0.591333,3.92266,2.31959830578
11.88,1000076,beam,623,1.550025,3.92266,6.0802210665
11.88,1000076,beam,631,1.550025,3.92266,6.0802210665
11.88,1000076,beam,341,7.476225,3.92266,29.3266887585
11.88,1000076,beam,246,7.476225,3.92266,29.3266887585
11.88,1000077,beam,631,3.1125,4.903325,15.261599062499998
11.88,1000077,beam,632,3.1375,4.903325,15.3841821875
11.88,1000077,beam,639,0.0,4.903325,0.0
11.88,1000077,beam,651,3.75,4.903325,18.38746875
11.88,1000077,beam,647,3.75,4.903325,18.38746875
11.88,1000077,beam,631,0.0,2.941995,0.0
11.88,1000077,beam,632,0.0,2.941995,0.0
11.88,1000077,beam,639,6.25,2.941995,18.38746875
11.88,1000077,beam,651,12.25,2.941995,36.03943875
11.88,1000077,beam,647,12.25,2.941995,36.03943875
11.88,1000078,beam,624,1.575025,3.92266,6.1782875665
11.88,1000078,beam,632,1.575025,3.92266,6.1782875665
11.88,1000078,beam,246,7.523725,3.92266,29.5130151085
11.88,1000078,beam,336,7.523725,3.92266,29.5130151085
11.88,1000079,beam,243,1.48165,4.903325,7.265011486249999
11.88,1000079,beam,244,1.48165,4.903325,7.265011486249999
11.88,1000079,beam,247,4.6371,4.903325,22.7372083575
11.88,1000079,beam,625,3.4496,4.903325,16.91450992
11.88,1000079,beam,243,0.03125,3.92266,0.122583125
11.88,1000079,beam,244,0.03125,3.92266,0.122583125
11.88,1000079,beam,247,0.0,3.92266,0.0
11.88,1000079,beam,625,1.1875,3.92266,4.65815875
11.88,1000080,beam,625,6.25,3.92266,24.516625
11.88,1000080,beam,633,6.25,3.92266,24.516625
11.88,1000080,beam,336,11.875,3.92266,46.5815875
11.88,1000080,beam,342,11.875,3.92266,46.5815875
11.88,1000081,beam,633,6.25,4.903325,30.64578125
11.88,1000081,beam,640,0.0,4.903325,0.0
11.88,1000081,beam,647,3.75,4.903325,18.38746875
11.88,1000081,beam,652,3.75,4.903325,18.38746875
11.88,1000081,beam,633,0.0,2.941995,0.0
11.88,1000081,beam,640,6.25,2.941995,18.38746875
11.88,1000081,beam,647,12.25,2.941995,36.03943875
11.88,1000081,beam,652,12.25,2.941995,36.03943875
11.88,1000082,beam,244,1.48165,4.903325,7.265011486249999
11.88,1000082,beam,245,1.48165,4.903325,7.265011486249999
11.88,1000082,beam,248,4.6371,4.903325,22.7372083575
11.88,1000082,beam,626,3.4496,4.903325,16.91450992
11.88,1000082,beam,244,0.03125,3.92266,0.122583125
11.88,1000082,beam,245,0.03125,3.92266,0.122583125
11.88,1000082,beam,248,0.0,3.92266,0.0
11.88,1000082,beam,626,1.1875,3.92266,4.65815875
11.88,1000083,beam,626,6.25,3.92266,24.516625
11.88,1000083,beam,634,6.25,3.92266,24.516625
11.88,1000083,beam,342,11.875,3.92266,46.5815875
11.88,1000083,beam,337,11.875,3.92266,46.5815875
11.88,1000084,beam,634,6.25,4.903325,30.64578125
11.88,1000084,beam,641,0.0,4.903325,0.0
11.88,1000084,beam,652,3.75,4.903325,18.38746875
11.88,1000084,beam,648,3.75,4.903325,18.38746875
11.88,1000084,beam,634,0.0,2.941995,0.0
11.88,1000084,beam,641,6.25,2.941995,18.38746875
11.88,1000084,beam,652,12.25,2.941995,36.03943875
11.88,1000084,beam,648,12.25,2.941995,36.03943875
11.88,1000085,beam,627,6.25,3.92266,24.516625
11.88,1000085,beam,635,6.25,3.92266,24.516625
11.88,1000085,beam,337,11.875,3.92266,46.5815875
11.88,1000085,beam,345,11.875,3.92266,46.5815875
11.88,1000086,beam,635,6.25,4.903325,30.64578125
11.88,1000086,beam,642,0.0,4.903325,0.0
11.88,1000086,beam,648,3.75,4.903325,18.38746875
11.88,1000086,beam,654,3.75,4.903325,18.38746875
11.88,1000086,beam,635,0.0,2.941995,0.0
11.88,1000086,beam,642,6.25,2.941995,18.38746875
11.88,1000086,beam,648,12.25,2.941995,36.03943875
11.88,1000086,beam,654,12.25,2.941995,36.03943875
11.88,1000087,beam,628,6.25,3.92266,24.516625
11.88,1000087,beam,636,6.25,3.92266,24.516625
11.88,1000087,beam,345,11.875,3.92266,46.5815875
11.88,1000087,beam,338,11.875,3.92266,46.5815875
11.88,1000088,beam,636,6.25,4.903325,30.64578125
11.88,1000088,beam,643,0.0,4.903325,0.0
11.88,1000088,beam,654,3.75,4.903325,18.38746875
11.88,1000088,beam,649,3.75,4.903325,18.38746875
11.88,1000088,beam,636,0.0,2.941995,0.0
11.88,1000088,beam,643,6.25,2.941995,18.38746875
11.88,1000088,beam,654,12.25,2.941995,36.03943875
11.88,1000088,beam,649,12.25,2.941995,36.03943875
11.88,1000089,beam,629,6.25,3.92266,24.516625
11.88,1000089,beam,637,6.25,3.92266,24.516625
11.88,1000089,beam,338,11.875,3.92266,46.5815875
11.88,1000089,beam,339,11.875,3.92266,46.5815875
11.88,1000090,beam,637,6.25,4.903325,30.64578125
11.88,1000090,beam,644,0.0,4.903325,0.0
11.88,1000090,beam,649,3.75,4.903325,18.38746875
11.88,1000090,beam,650,3.75,4.903325,18.38746875
11.88,1000090,beam,637,0.0,2.941995,0.0
11.88,1000090,beam,644,6.25,2.941995,18.38746875
11.88,1000090,beam,649,12.25,2.941995,36.03943875
11.88,1000090,beam,650,12.25,2.941995,36.03943875
15.84,1000091,beam,304,0.031558,1.96133,0.06189565214000001
15.84,1000091,beam,550,0.048402,1.96133,0.09493229466
15.84,1000091,beam,308,0.07996,1.96133,0.1568279468
15.84,1000091,beam,309,0.450106,1.96133,0.8828064009800001
15.84,1000091,beam,572,1.095548,1.96133,2.14873115884
15.84,1000091,beam,310,0.0,1.96133,0.0
15.84,1000091,beam,304,1.355942,4.903325,6.6486243071499995
15.84,1000091,beam,550,2.079723,4.903325,10.197557778975
15.84,1000091,beam,308,3.435665,4.903325,16.846182086125
15.84,1000091,beam,309,0.854868,4.903325,4.1916956360999995
15.84,1000091,beam,572,2.080729,4.903325,10.202490523924999
15.84,1000091,beam,310,4.48125,4.903325,21.97302515625
15.84,1000092,beam,308,0.07996,1.96133,0.1568279468
15.84,1000092,beam,307,0.07996,1.96133,0.1568279468
15.84,1000092,beam,573,2.887318,1.96133,5.66298341294
15.84,1000092,beam,575,0.0,1.96133,0.0
15.84,1000092,beam,576,0.0,1.96133,0.0
15.84,1000092,beam,308,1.936265,4.903325,9.494136581125
15.84,1000092,beam,307,1.741252,4.903325,8.5379244629
15.84,1000092,beam,573,0.0,4.903325,0.0
15.84,1000092,beam,575,4.181546,4.903325,20.50347904045
15.84,1000092,beam,576,6.492954,4.903325,31.83706367205
15.84,1000092,beam,308,1.4994,2.941995,4.411227303
15.84,1000092,beam,307,1.694413,2.941995,4.984954573935
15.84,1000092,beam,573,7.884557,2.941995,23.196327271215
15.84,1000092,beam,575,0.038145,2.941995,0.112222399275
15.84,1000092,beam,576,0.05923,2.941995,0.17425436384999998
15.84,1000093,beam,307,0.07996,1.96133,0.1568279468
15.84,1000093,beam,306,0.410449,1.96133,0.80502593717
15.84,1000093,beam,562,0.629541,1.96133,1.23473764953
15.84,1000093,beam,574,1.545653,1.96133,3.03153559849
15.84,1000093,beam,577,0.045,1.96133,0.08825985
15.84,1000093,beam,307,3.435665,4.903325,16.846182086125
15.84,1000093,beam,306,0.977051,4.903325,4.790798594575
15.84,1000093,beam,562,1.498584,4.903325,7.348044391799999
15.84,1000093,beam,574,2.935597,4.903325,14.394186160024999
15.84,1000093,beam,577,4.43625,4.903325,21.75237553125
15.84,1000094,beam,551,0.045,4.903325,0.220649625
15.84,1000094,beam,571,0.045,4.903325,0.220649625
15.84,1000094,beam,310,1.1895,4.903325,5.8325050874999995
15.84,1000094,beam,313,0.0,4.903325,0.0
15.84,1000094,beam,551,3.470625,4.903325,17.017602328125
15.84,1000094,beam,571,3.470625,4.903325,17.017602328125
15.84,1000094,beam,310,3.29175,4.903325,16.14052006875
15.84,1000094,beam,313,4.48125,4.903325,21.97302515625
15.84,1000095,beam,575,0.8055,4.903325,3.9496282875
15.84,1000095,beam,580,0.0,4.903325,0.0
15.84,1000095,beam,571,0.045,4.903325,0.220649625
15.84,1000095,beam,305,0.045,4.903325,0.220649625
15.84,1000095,beam,575,1.422056,4.903325,6.972802736199999
15.84,1000095,beam,580,2.227556,4.903325,10.922431023699998
15.84,1000095,beam,571,3.324319,4.903325,16.300216460675
15.84,1000095,beam,305,3.324319,4.903325,16.300216460675
15.84,1000096,beam,305,2.525625,4.903325,12.383960203124998
15.84,1000096,beam,570,0.0646,4.903325,0.316754795
15.84,1000096,beam,576,4.145387,4.903325,20.326179711775
15.84,1000096,beam,581,3.624887,4.903325,17.773999049274998
15.84,1000096,beam,305,0.99,4.903325,4.85429175
15.84,1000096,beam,570,0.0,4.903325,0.0
15.84,1000096,beam,576,0.0,4.903325,0.0
15.84,1000096,beam,581,0.045,4.903325,0.220649625
15.84,1000096,beam,305,0.0,4.903325,0.0
15.84,1000096,beam,570,3.451025,4.903325,16.921497158125
15.84,1000096,beam,576,1.029613,4.903325,5.048527163224999
15.84,1000096,beam,581,1.505113,4.903325,7.380058200724999
15.84,1000097,beam,570,0.045,4.903325,0.220649625
15.84,1000097,beam,563,0.0,4.903325,0.0
15.84,1000097,beam,577,1.1445,4.903325,5.6118554625
15.84,1000097,beam,582,0.0,4.903325,0.0
15.84,1000097,beam,570,0.0,1.96133,0.0
15.84,1000097,beam,563,1.035,1.96133,2.0299765499999998
15.84,1000097,beam,577,0.045,1.96133,0.08825985
15.84,1000097,beam,582,0.045,1.96133,0.08825985
15.84,1000097,beam,570,3.470625,4.903325,17.017602328125
15.84,1000097,beam,563,2.480625,4.903325,12.163310578124998
15.84,1000097,beam,577,3.29175,4.903325,16.14052006875
15.84,1000097,beam,582,4.43625,4.903325,21.75237553125
15.84,1000098,beam,552,3.515625,4.903325,17.238251953124998
15.84,1000098,beam,557,3.515625,4.903325,17.238251953124998
15.84,1000098,beam,313,5.928718,4.903325,29.07043118735
15.84,1000098,beam,580,4.149407,4.903325,20.345891078275
15.84,1000098,beam,311,10.078125,4.903325,49.416322265625
15.84,1000099,beam,557,1.035,4.903325,5.074941374999999
15.84,1000099,beam,564,0.0,4.903325,0.0
15.84,1000099,beam,581,0.023435,4.903325,0.114909421375
15.84,1000099,beam,582,0.021565,4.903325,0.105740203625
15.84,1000099,beam,578,0.045,4.903325,0.220649625
15.84,1000099,beam,557,2.480625,4.903325,12.163310578124998
15.84,1000099,beam,564,0.0,4.903325,0.0
15.84,1000099,beam,581,1.892896,4.903325,9.281484279199999
15.84,1000099,beam,582,1.741791,4.903325,8.540567355075
15.84,1000099,beam,578,3.634687,4.903325,17.822051634275
15.84,1000099,beam,557,0.0,4.903325,0.0
15.84,1000099,beam,564,2.480625,4.903325,12.163310578124998
15.84,1000099,beam,581,4.919968,4.903325,24.124202093599997
15.84,1000099,beam,582,4.52722,4.903325,22.198431006499998
15.84,1000099,beam,578,9.447187,4.903325,46.32262819677499
15.84,1000099,beam,557,0.0,1.96133,0.0
15.84,1000099,beam,564,1.035,1.96133,2.0299765499999998
15.84,1000099,beam,581,0.023435,1.96133,0.04596376855
15.84,1000099,beam,582,0.021565,1.96133,0.04229608145
15.84,1000099,beam,578,0.045,1.96133,0.08825985
15.84,1000100,beam,553,6.25,4.903325,30.64578125
15.84,1000100,beam,558,6.25,4.903325,30.64578125
15.84,1000100,beam,311,11.875,4.903325,58.226984374999994
15.84,1000100,beam,314,11.875,4.903325,58.226984374999994
15.84,1000101,beam,558,1.41,4.903325,6.913688249999999
15.84,1000101,beam,565,0.0,4.903325,0.0
15.84,1000101,beam,578,0.045,4.903325,0.220649625
15.84,1000101,beam,583,0.045,4.903325,0.220649625
15.84,1000101,beam,558,4.84,4.903325,23.732093
15.84,1000101,beam,565,0.0,4.903325,0.0
15.84,1000101,beam,578,4.08,4.903325,20.005565999999998
15.84,1000101,beam,583,4.08,4.903325,20.005565999999998
15.84,1000101,beam,558,0.0,4.903325,0.0
15.84,1000101,beam,565,4.84,4.903325,23.732093
15.84,1000101,beam,578,11.83,4.903325,58.00633474999999
15.84,1000101,beam,583,11.83,4.903325,58.00633474999999
15.84,1000101,beam,558,0.0,1.96133,0.0
15.84,1000101,beam,565,1.41,1.96133,2.7654753
15.84,1000101,beam,578,0.045,1.96133,0.08825985
15.84,1000101,beam,583,0.045,1.96133,0.08825985
15.84,1000102,beam,554,6.25,4.903325,30.64578125
15.84,1000102,beam,559,6.25,4.903325,30.64578125
15.84,1000102,beam,314,11.875,4.903325,58.226984374999994
15.84,1000102,beam,312,11.875,4.903325,58.226984374999994
15.84,1000103,beam,559,1.41,4.903325,6.913688249999999
15.84,1000103,beam,566,0.0,4.903325,0.0
15.84,1000103,beam,583,0.045,4.903325,0.220649625
15.84,1000103,beam,579,0.045,4.903325,0.220649625
15.84,1000103,beam,559,4.84,4.903325,23.732093
15.84,1000103,beam,566,0.0,4.903325,0.0
15.84,1000103,beam,583,4.08,4.903325,20.005565999999998
15.84,1000103,beam,579,4.08,4.903325,20.005565999999998
15.84,1000103,beam,559,0.0,4.903325,0.0
15.84,1000103,beam,566,4.84,4.903325,23.732093
15.84,1000103,beam,583,11.83,4.903325,58.00633474999999
15.84,1000103,beam,579,11.83,4.903325,58.00633474999999
15.84,1000103,beam,559,0.0,1.96133,0.0
15.84,1000103,beam,566,1.41,1.96133,2.7654753
15.84,1000103,beam,583,0.045,1.96133,0.08825985
15.84,1000103,beam,579,0.045,1.96133,0.08825985
15.84,1000104,beam,555,6.25,4.903325,30.64578125
15.84,1000104,beam,560,6.25,4.903325,30.64578125
15.84,1000104,beam,312,11.875,4.903325,58.226984374999994
15.84,1000104,beam,315,11.875,4.903325,58.226984374999994
15.84,1000105,beam,560,1.41,4.903325,6.913688249999999
15.84,1000105,beam,567,0.0,4.903325,0.0
15.84,1000105,beam,579,0.045,4.903325,0.220649625
15.84,1000105,beam,584,0.045,4.903325,0.220649625
15.84,1000105,beam,560,4.84,4.903325,23.732093
15.84,1000105,beam,567,0.0,4.903325,0.0
15.84,1000105,beam,579,4.08,4.903325,20.005565999999998
15.84,1000105,beam,584,4.08,4.903325,20.005565999999998
15.84,1000105,beam,560,0.0,4.903325,0.0
15.84,1000105,beam,567,4.84,4.903325,23.732093
15.84,1000105,beam,579,11.83,4.903325,58.00633474999999
15.84,1000105,beam,584,11.83,4.903325,58.00633474999999
15.84,1000105,beam,560,0.0,1.96133,0.0
15.84,1000105,beam,567,1.41,1.96133,2.7654753
15.84,1000105,beam,579,0.045,1.96133,0.08825985
15.84,1000105,beam,584,0.045,1.96133,0.08825985
15.84,1000106,beam,556,7.680625,4.903325,37.660600578125
15.84,1000106,beam,561,7.680625,4.903325,37.660600578125
15.84,1000106,beam,315,12.418125,4.903325,60.890102765624995
15.84,1000106,beam,316,8.8065,4.903325,43.181131612499996
15.84,1000106,beam,585,2.201625,4.903325,10.795282903124999
15.84,1000107,beam,561,1.555,4.903325,7.624670374999999
15.84,1000107,beam,568,0.0,4.903325,0.0
15.84,1000107,beam,569,0.0,4.903325,0.0
15.84,1000107,beam,584,0.045,4.903325,0.220649625
15.84,1000107,beam,586,0.005,4.903325,0.024516625
15.84,1000107,beam,561,6.125625,4.903325,30.035930203124998
15.84,1000107,beam,568,0.0,4.903325,0.0
15.84,1000107,beam,569,0.0,4.903325,0.0
15.84,1000107,beam,584,4.152187,4.903325,20.359522321774996
15.84,1000107,beam,586,3.632187,4.903325,17.809793321775
15.84,1000107,beam,561,0.0,4.903325,0.0
15.84,1000107,beam,568,5.766918,4.903325,28.27707320235
15.84,1000107,beam,569,0.358708,4.903325,1.7588619041
15.84,1000107,beam,584,12.234038,4.903325,59.98746437635
15.84,1000107,beam,586,5.673937,4.903325,27.821157140524996
15.84,1000107,beam,561,0.0,1.96133,0.0
15.84,1000107,beam,568,1.459634,1.96133,2.8628239532200004
15.84,1000107,beam,569,0.090791,1.96133,0.17807111203
15.84,1000107,beam,584,0.045,1.96133,0.08825985
15.84,1000107,beam,586,0.003065,1.96133,0.00601147645
15.84,1000108,beam,349,13.09,2.451662,32.09225558
15.84,1000108,beam,350,13.035,2.451662,31.957414169999996
15.84,1000108,beam,346,19.1615,2.451662,46.977521413
15.84,1000108,beam,347,12.215,2.451662,29.947051329999997
15.84,1000109,beam,680,11.16,4.903325,54.721106999999996
15.84,1000109,beam,681,4.205,4.903325,20.618481624999998
15.84,1000109,beam,347,20.835,4.903325,102.160776375
15.84,1000109,beam,348,0.0,4.903325,0.0
15.84,1000109,beam,680,8.0,2.941995,23.53596
15.84,1000109,beam,681,15.08,2.941995,44.365284599999995
15.84,1000109,beam,347,0.32,2.941995,0.9414384
15.84,1000109,beam,348,24.0,2.941995,70.60788
15.84,1000110,beam,251,1.21,4.903325,5.93302325
15.84,1000110,beam,655,0.7225,4.903325,3.5426523125
15.84,1000110,beam,249,1.46475,4.903325,7.18214529375
15.84,1000110,beam,250,1.46475,4.903325,7.18214529375
15.84,1000110,beam,251,0.0,2.451662,0.0
15.84,1000110,beam,655,0.03125,2.451662,0.0766144375
15.84,1000110,beam,249,0.03125,2.451662,0.0766144375
15.84,1000110,beam,250,0.0,2.451662,0.0
15.84,1000110,beam,251,0.0,2.941995,0.0
15.84,1000110,beam,655,0.45625,2.941995,1.3422852187499998
15.84,1000110,beam,249,0.0,2.941995,0.0
15.84,1000110,beam,250,0.03125,2.941995,0.09193734375
15.84,1000111,beam,655,0.03125,2.451662,0.0766144375
15.84,1000111,beam,664,0.03125,2.451662,0.0766144375
15.84,1000111,beam,350,1.75,2.451662,4.2904085
15.84,1000111,beam,252,0.0,2.451662,0.0
15.84,1000111,beam,655,1.17875,2.941995,3.46787660625
15.84,1000111,beam,664,1.17875,2.941995,3.46787660625
15.84,1000111,beam,350,5.015,2.941995,14.754104924999998
15.84,1000111,beam,252,6.765,2.941995,19.902596175
15.84,1000112,beam,664,0.01375,4.903325,0.06742071875
15.84,1000112,beam,665,0.0175,4.903325,0.08580818750000001
15.84,1000112,beam,673,0.0,4.903325,0.0
15.84,1000112,beam,681,0.69375,4.903325,3.4016817187499995
15.84,1000112,beam,686,0.0,4.903325,0.0
15.84,1000112,beam,664,2.73625,2.941995,8.05003381875
15.84,1000112,beam,665,3.4825,2.941995,10.2454975875
15.84,1000112,beam,673,6.25,2.941995,18.38746875
15.84,1000112,beam,681,15.30625,2.941995,45.03091096875
15.84,1000112,beam,686,16.0,2.941995,47.07192
15.84,1000113,beam,656,1.96,2.941995,5.7663101999999995
15.84,1000113,beam,665,1.96,2.941995,5.7663101999999995
15.84,1000113,beam,252,8.19,2.941995,24.094939049999997
15.84,1000113,beam,355,8.19,2.941995,24.094939049999997
15.84,1000114,beam,657,1.550025,2.941995,4.560165799875
15.84,1000114,beam,666,1.550025,2.941995,4.560165799875
15.84,1000114,beam,355,7.476225,2.941995,21.995016568875002
15.84,1000114,beam,357,7.476225,2.941995,21.995016568875002
15.84,1000115,beam,666,3.1125,2.941995,9.1569594375
15.84,1000115,beam,667,3.1375,2.941995,9.2305093125
15.84,1000115,beam,674,6.25,2.941995,18.38746875
15.84,1000115,beam,686,16.0,2.941995,47.07192
15.84,1000115,beam,682,16.0,2.941995,47.07192
15.84,1000116,beam,658,1.575025,2.941995,4.633715674875
15.84,1000116,beam,667,1.575025,2.941995,4.633715674875
15.84,1000116,beam,357,7.523725,2.941995,22.134761331375
15.84,1000116,beam,351,7.523725,2.941995,22.134761331375
15.84,1000117,beam,659,6.25,2.941995,18.38746875
15.84,1000117,beam,668,6.25,2.941995,18.38746875
15.84,1000117,beam,351,11.875,2.941995,34.936190625
15.84,1000117,beam,356,11.875,2.941995,34.936190625
15.84,1000118,beam,668,6.25,2.941995,18.38746875
15.84,1000118,beam,675,6.25,2.941995,18.38746875
15.84,1000118,beam,682,16.0,2.941995,47.07192
15.84,1000118,beam,687,16.0,2.941995,47.07192
15.84,1000119,beam,253,4.2436,2.941995,12.484649981999999
15.84,1000119,beam,254,4.2436,2.941995,12.484649981999999
15.84,1000119,beam,255,16.3564,2.941995,48.120447018
15.84,1000119,beam,659,8.1782,2.941995,24.060223509
15.84,1000119,beam,660,8.1782,2.941995,24.060223509
15.84,1000120,beam,660,6.25,2.941995,18.38746875
15.84,1000120,beam,669,6.25,2.941995,18.38746875
15.84,1000120,beam,356,11.875,2.941995,34.936190625
15.84,1000120,beam,352,11.875,2.941995,34.936190625
15.84,1000121,beam,669,6.25,2.941995,18.38746875
15.84,1000121,beam,676,6.25,2.941995,18.38746875
15.84,1000121,beam,687,16.0,2.941995,47.07192
15.84,1000121,beam,683,16.0,2.941995,47.07192
15.84,1000122,beam,661,6.25,2.941995,18.38746875
15.84,1000122,beam,670,6.25,2.941995,18.38746875
15.84,1000122,beam,352,11.875,2.941995,34.936190625
15.84,1000122,beam,358,11.875,2.941995,34.936190625
15.84,1000123,beam,670,6.25,2.941995,18.38746875
15.84,1000123,beam,677,6.25,2.941995,18.38746875
15.84,1000123,beam,683,16.0,2.941995,47.07192
15.84,1000123,beam,688,16.0,2.941995,47.07192
15.84,1000124,beam,662,6.25,2.941995,18.38746875
15.84,1000124,beam,671,6.25,2.941995,18.38746875
15.84,1000124,beam,358,11.875,2.941995,34.936190625
15.84,1000124,beam,353,11.875,2.941995,34.936190625
15.84,1000125,beam,671,6.25,2.941995,18.38746875
15.84,1000125,beam,678,6.25,2.941995,18.38746875
15.84,1000125,beam,688,16.0,2.941995,47.07192
15.84,1000125,beam,684,16.0,2.941995,47.07192
15.84,1000126,beam,663,6.25,2.941995,18.38746875
15.84,1000126,beam,672,6.25,2.941995,18.38746875
15.84,1000126,beam,353,11.875,2.941995,34.936190625
15.84,1000126,beam,354,11.875,2.941995,34.936190625
15.84,1000127,beam,672,6.25,2.941995,18.38746875
15.84,1000127,beam,679,6.25,2.941995,18.38746875
15.84,1000127,beam,684,16.0,2.941995,47.07192
15.84,1000127,beam,685,16.0,2.941995,47.07192
15.84,1000128,beam,258,1.625625,2.941995,4.782580621875
15.84,1000128,beam,257,1.625625,2.941995,4.782580621875
15.84,1000128,beam,354,7.618125,2.941995,22.412485659375
15.84,1000128,beam,259,7.618125,2.941995,22.412485659375
15.84,1000129,beam,257,1.625625,2.941995,4.782580621875
15.84,1000129,beam,256,1.625625,2.941995,4.782580621875
15.84,1000129,beam,685,9.721875,2.941995,28.601707640625
15.84,1000129,beam,436,9.721875,2.941995,28.601707640625
15.84,1000130,beam,435,1.500625,2.941995,4.414831246875
15.84,1000130,beam,434,1.500625,2.941995,4.414831246875
15.84,1000130,beam,259,7.380625,2.941995,21.713761846875
15.84,1000130,beam,260,7.380625,2.941995,21.713761846875
15.84,1000131,beam,434,1.500625,2.941995,4.414831246875
15.84,1000131,beam,433,1.500625,2.941995,4.414831246875
15.84,1000131,beam,436,9.401875,2.941995,27.660269240625002
15.84,1000131,beam,437,9.401875,2.941995,27.660269240625002
19.8,1000132,beam,317,1.734375,1.96133,3.40168171875
19.8,1000132,beam,587,1.78125,1.96133,3.4936190625
19.8,1000132,beam,321,3.515625,1.96133,6.8953007812500005
19.8,1000132,beam,322,1.917534,1.96133,3.7609169602200003
19.8,1000132,beam,608,2.563716,1.96133,5.02829310228
19.8,1000132,beam,323,4.48125,1.96133,8.7892100625
19.8,1000133,beam,321,3.515625,1.96133,6.8953007812500005
19.8,1000133,beam,320,3.515625,1.96133,6.8953007812500005
19.8,1000133,beam,609,10.771875,1.96133,21.127201593749998
19.8,1000133,beam,611,4.219691,1.96133,8.27620654903
19.8,1000133,beam,612,6.552184,1.96133,12.85099504472
19.8,1000134,beam,320,3.515625,1.96133,6.8953007812500005
19.8,1000134,beam,319,1.734375,1.96133,3.40168171875
19.8,1000134,beam,599,1.78125,1.96133,3.4936190625
19.8,1000134,beam,610,4.48125,1.96133,8.7892100625
19.8,1000134,beam,613,4.48125,1.96133,8.7892100625
19.8,1000135,beam,588,3.515625,1.96133,6.8953007812500005
19.8,1000135,beam,607,3.515625,1.96133,6.8953007812500005
19.8,1000135,beam,323,4.48125,1.96133,8.7892100625
19.8,1000135,beam,326,4.48125,1.96133,8.7892100625
19.8,1000136,beam,611,2.227556,1.96133,4.3689724094799995
19.8,1000136,beam,616,2.227556,1.96133,4.3689724094799995
19.8,1000136,beam,607,3.369319,1.96133,6.60834643427
19.8,1000136,beam,318,3.369319,1.96133,6.60834643427
19.8,1000137,beam,318,3.515625,1.96133,6.8953007812500005
19.8,1000137,beam,606,3.515625,1.96133,6.8953007812500005
19.8,1000137,beam,612,5.175,1.96133,10.14988275
19.8,1000137,beam,617,5.175,1.96133,10.14988275
19.8,1000138,beam,606,3.515625,1.96133,6.8953007812500005
19.8,1000138,beam,600,3.515625,1.96133,6.8953007812500005
19.8,1000138,beam,613,4.48125,1.96133,8.7892100625
19.8,1000138,beam,618,4.48125,1.96133,8.7892100625
19.8,1000139,beam,589,3.515625,1.96133,6.8953007812500005
19.8,1000139,beam,594,1.977565,1.96133,3.8786575614500003
19.8,1000139,beam,326,5.869183,1.96133,11.511404693389998
19.8,1000139,beam,616,4.10774,1.96133,8.0566336942
19.8,1000139,beam,324,8.207812,1.96133,16.098227909960002
19.8,1000140,beam,594,3.51,1.96133,6.8842683
19.8,1000140,beam,601,3.515625,1.96133,6.8953007812500005
19.8,1000140,beam,617,6.64449,1.96133,13.0320375717
19.8,1000140,beam,618,6.114078,1.96133,11.99172460374
19.8,1000140,beam,614,9.930187,1.96133,19.47637366871
19.8,1000141,beam,590,6.25,1.96133,12.2583125
19.8,1000141,beam,595,4.671136,1.96133,9.16163917088
19.8,1000141,beam,324,9.94429,1.96133,19.504034305700003
19.8,1000141,beam,327,11.875,1.96133,23.29079375
19.8,1000142,beam,595,6.211635,1.96133,12.18306607455
19.8,1000142,beam,602,6.25,1.96133,12.2583125
19.8,1000142,beam,614,12.377744,1.96133,24.27684063952
19.8,1000142,beam,619,16.0,1.96133,31.38128
19.8,1000143,beam,591,6.25,1.96133,12.2583125
19.8,1000143,beam,596,6.25,1.96133,12.2583125
19.8,1000143,beam,327,11.875,1.96133,23.29079375
19.8,1000143,beam,325,11.875,1.96133,23.29079375
19.8,1000144,beam,596,6.25,1.96133,12.2583125
19.8,1000144,beam,603,6.25,1.96133,12.2583125
19.8,1000144,beam,619,16.0,1.96133,31.38128
19.8,1000144,beam,615,16.0,1.96133,31.38128
19.8,1000145,beam,592,6.25,1.96133,12.2583125
19.8,1000145,beam,597,6.25,1.96133,12.2583125
19.8,1000145,beam,325,11.875,1.96133,23.29079375
19.8,1000145,beam,328,11.875,1.96133,23.29079375
19.8,1000146,beam,597,6.25,1.96133,12.2583125
19.8,1000146,beam,604,6.25,1.96133,12.2583125
19.8,1000146,beam,615,16.0,1.96133,31.38128
19.8,1000146,beam,620,16.0,1.96133,31.38128
19.8,1000147,beam,593,7.680625,1.96133,15.06424023125
19.8,1000147,beam,598,6.10176,1.96133,11.967564940799999
19.8,1000147,beam,328,10.487414,1.96133,20.569279700619997
19.8,1000147,beam,329,11.008125,1.96133,21.590565806249998
19.8,1000148,beam,598,7.642261,1.96133,14.988995767130001
19.8,1000148,beam,605,7.680625,1.96133,15.06424023125
19.8,1000148,beam,620,12.853969,1.96133,25.21087501877
19.8,1000148,beam,621,9.316125,1.96133,18.27199544625
19.8,1000149,beam,264,13.140625,4.903325,64.432755078125
19.8,1000149,beam,265,13.109375,4.903325,64.27952617187499
19.8,1000149,beam,263,23.065625,4.903325,113.09825570312499
19.8,1000149,beam,262,23.109375,4.903325,113.31277617187499
19.8,1000149,beam,264,0.0,7.84532,0.0
19.8,1000149,beam,265,0.03125,7.84532,0.24516625
19.8,1000149,beam,263,0.04375,7.84532,0.34323275
19.8,1000149,beam,262,0.0,7.84532,0.0
19.8,1000150,beam,465,19.8025,4.903325,97.09809331249998
19.8,1000150,beam,466,19.8025,4.903325,97.09809331249998
19.8,1000150,beam,262,24.6975,4.903325,121.0998691875
19.8,1000150,beam,261,24.6975,4.903325,121.0998691875
19.8,1000151,beam,456,1.1875,7.84532,9.3163175
19.8,1000151,beam,447,0.0,7.84532,0.0
19.8,1000151,beam,265,0.03125,7.84532,0.24516625
19.8,1000151,beam,271,0.03125,7.84532,0.24516625
19.8,1000151,beam,456,0.00125,4.903325,0.00612915625
19.8,1000151,beam,447,1.41,4.903325,6.913688249999999
19.8,1000151,beam,265,2.05375,4.903325,10.07020371875
19.8,1000151,beam,271,0.045,4.903325,0.220649625
19.8,1000151,beam,456,5.06125,0.980665,4.9633907312500005
19.8,1000151,beam,447,4.84,0.980665,4.7464186
19.8,1000151,beam,265,9.79,0.980665,9.60071035
19.8,1000151,beam,271,11.79875,0.980665,11.57062116875
19.8,1000152,beam,447,6.25,4.903325,30.64578125
19.8,1000152,beam,438,6.25,4.903325,30.64578125
19.8,1000152,beam,466,16.0,4.903325,78.4532
19.8,1000152,beam,472,16.0,4.903325,78.4532
19.8,1000153,beam,457,1.1875,7.84532,9.3163175
19.8,1000153,beam,448,0.0,7.84532,0.0
19.8,1000153,beam,271,0.03125,7.84532,0.24516625
19.8,1000153,beam,266,0.03125,7.84532,0.24516625
19.8,1000153,beam,457,5.06125,0.980665,4.9633907312500005
19.8,1000153,beam,448,4.84,0.980665,4.7464186
19.8,1000153,beam,271,11.79875,0.980665,11.57062116875
19.8,1000153,beam,266,9.79,0.980665,9.60071035
19.8,1000153,beam,457,0.00125,4.903325,0.00612915625
19.8,1000153,beam,448,1.41,4.903325,6.913688249999999
19.8,1000153,beam,271,0.045,4.903325,0.220649625
19.8,1000153,beam,266,2.05375,4.903325,10.07020371875
19.8,1000154,beam,448,6.25,4.903325,30.64578125
19.8,1000154,beam,439,6.25,4.903325,30.64578125
19.8,1000154,beam,472,16.0,4.903325,78.4532
19.8,1000154,beam,467,16.0,4.903325,78.4532
19.8,1000155,beam,458,1.1875,7.84532,9.3163175
19.8,1000155,beam,449,0.0,7.84532,0.0
19.8,1000155,beam,266,0.03125,7.84532,0.24516625
19.8,1000155,beam,272,0.03125,7.84532,0.24516625
19.8,1000155,beam,458,5.0625,4.903325,24.823082812499997
19.8,1000155,beam,449,6.25,4.903325,30.64578125
19.8,1000155,beam,266,11.84375,4.903325,58.073755468749994
19.8,1000155,beam,272,11.84375,4.903325,58.073755468749994
19.8,1000156,beam,449,6.25,4.903325,30.64578125
19.8,1000156,beam,440,6.25,4.903325,30.64578125
19.8,1000156,beam,467,16.0,4.903325,78.4532
19.8,1000156,beam,473,16.0,4.903325,78.4532
19.8,1000157,beam,275,4.21235,4.903325,20.654521063749996
19.8,1000157,beam,276,4.21235,4.903325,20.654521063749996
19.8,1000157,beam,277,16.3564,4.903325,80.20074503
19.8,1000157,beam,458,6.95945,4.903325,34.12444517125
19.8,1000157,beam,459,6.95945,4.903325,34.12444517125
19.8,1000157,beam,275,0.03125,7.84532,0.24516625
19.8,1000157,beam,276,0.03125,7.84532,0.24516625
19.8,1000157,beam,277,0.0,7.84532,0.0
19.8,1000157,beam,458,1.21875,7.84532,9.56148375
19.8,1000157,beam,459,1.21875,7.84532,9.56148375
19.8,1000158,beam,459,1.1875,7.84532,9.3163175
19.8,1000158,beam,450,0.0,7.84532,0.0
19.8,1000158,beam,272,0.03125,7.84532,0.24516625
19.8,1000158,beam,267,0.03125,7.84532,0.24516625
19.8,1000158,beam,459,5.0625,4.903325,24.823082812499997
19.8,1000158,beam,450,6.25,4.903325,30.64578125
19.8,1000158,beam,272,11.84375,4.903325,58.073755468749994
19.8,1000158,beam,267,11.84375,4.903325,58.073755468749994
19.8,1000159,beam,450,6.25,4.903325,30.64578125
19.8,1000159,beam,441,6.25,4.903325,30.64578125
19.8,1000159,beam,473,16.0,4.903325,78.4532
19.8,1000159,beam,468,16.0,4.903325,78.4532
19.8,1000160,beam,460,1.1875,7.84532,9.3163175
19.8,1000160,beam,451,0.0,7.84532,0.0
19.8,1000160,beam,267,0.03125,7.84532,0.24516625
19.8,1000160,beam,273,0.03125,7.84532,0.24516625
19.8,1000160,beam,460,5.0625,4.903325,24.823082812499997
19.8,1000160,beam,451,6.25,4.903325,30.64578125
19.8,1000160,beam,267,11.84375,4.903325,58.073755468749994
19.8,1000160,beam,273,11.84375,4.903325,58.073755468749994
19.8,1000161,beam,451,6.25,4.903325,30.64578125
19.8,1000161,beam,442,6.25,4.903325,30.64578125
19.8,1000161,beam,468,16.0,4.903325,78.4532
19.8,1000161,beam,474,16.0,4.903325,78.4532
19.8,1000162,beam,461,1.1875,7.84532,9.3163175
19.8,1000162,beam,452,0.0,7.84532,0.0
19.8,1000162,beam,273,0.03125,7.84532,0.24516625
19.8,1000162,beam,268,0.03125,7.84532,0.24516625
19.8,1000162,beam,461,5.0625,4.903325,24.823082812499997
19.8,1000162,beam,452,6.25,4.903325,30.64578125
19.8,1000162,beam,273,11.84375,4.903325,58.073755468749994
19.8,1000162,beam,268,11.84375,4.903325,58.073755468749994
19.8,1000163,beam,452,6.25,4.903325,30.64578125
19.8,1000163,beam,443,6.25,4.903325,30.64578125
19.8,1000163,beam,474,16.0,4.903325,78.4532
19.8,1000163,beam,469,16.0,4.903325,78.4532
19.8,1000164,beam,462,1.14375,7.84532,8.97308475
19.8,1000164,beam,453,0.0,7.84532,0.0
19.8,1000164,beam,268,0.03125,7.84532,0.24516625
19.8,1000164,beam,269,0.0,7.84532,0.0
19.8,1000164,beam,462,5.10625,4.903325,25.03760328125
19.8,1000164,beam,453,6.25,4.903325,30.64578125
19.8,1000164,beam,268,11.84375,4.903325,58.073755468749994
19.8,1000164,beam,269,11.875,4.903325,58.226984374999994
19.8,1000165,beam,453,6.25,4.903325,30.64578125
19.8,1000165,beam,444,6.25,4.903325,30.64578125
19.8,1000165,beam,469,16.0,4.903325,78.4532
19.8,1000165,beam,470,16.0,4.903325,78.4532
19.8,1000166,beam,463,1.625625,4.903325,7.970967703125
19.8,1000166,beam,454,1.625625,4.903325,7.970967703125
19.8,1000166,beam,269,7.618125,4.903325,37.354142765625
19.8,1000166,beam,274,7.618125,4.903325,37.354142765625
19.8,1000167,beam,454,1.625625,4.903325,7.970967703125
19.8,1000167,beam,445,1.625625,4.903325,7.970967703125
19.8,1000167,beam,470,9.721875,4.903325,47.669512734375
19.8,1000167,beam,475,9.721875,4.903325,47.669512734375
19.8,1000168,beam,464,1.500625,4.903325,7.358052078125
19.8,1000168,beam,455,1.500625,4.903325,7.358052078125
19.8,1000168,beam,274,7.380625,4.903325,36.189603078124996
19.8,1000168,beam,270,7.380625,4.903325,36.189603078124996
19.8,1000169,beam,455,1.500625,4.903325,7.358052078125
19.8,1000169,beam,446,1.500625,4.903325,7.358052078125
19.8,1000169,beam,475,9.401875,4.903325,46.100448734375
19.8,1000169,beam,471,9.401875,4.903325,46.100448734375
3.96,1000170,beam,209,0.4255,1.96133,0.834545915
3.96,1000170,beam,375,3.887,1.96133,7.62368971
3.96,1000170,beam,376,4.3125,1.96133,8.458235625
3.96,1000170,beam,377,4.3125,1.96133,8.458235625
3.96,1000170,beam,378,5.75,1.96133,11.2776475
3.96,1000170,beam,379,5.75,1.96133,11.2776475
3.96,1000170,beam,380,5.75,1.96133,11.2776475
3.96,1000170,beam,381,6.6125,1.96133,12.969294625
7.92,1000171,beam,280,0.851,1.96133,1.66909183
7.92,1000171,beam,488,3.4615,1.96133,6.789143795
7.92,1000171,beam,489,4.3125,1.96133,8.458235625
7.92,1000171,beam,490,4.3125,1.96133,8.458235625
7.92,1000171,beam,491,5.75,1.96133,11.2776475
7.92,1000171,beam,492,5.75,1.96133,11.2776475
7.92,1000171,beam,493,5.75,1.96133,11.2776475
7.92,1000171,beam,494,6.6125,1.96133,12.969294625
11.88,1000172,beam,293,1.2765,1.96133,2.503637745
11.88,1000172,beam,525,3.036,1.96133,5.95459788
11.88,1000172,beam,526,4.3125,1.96133,8.458235625
11.88,1000172,beam,527,4.3125,1.96133,8.458235625
11.88,1000172,beam,528,5.75,1.96133,11.2776475
11.88,1000172,beam,529,5.75,1.96133,11.2776475
11.88,1000172,beam,530,5.75,1.96133,11.2776475
11.88,1000172,beam,531,6.6125,1.96133,12.969294625
15.84,1000173,beam,306,1.702,1.96133,3.33818366
15.84,1000173,beam,562,2.6105,1.96133,5.120051965
15.84,1000173,beam,563,4.3125,1.96133,8.458235625
15.84,1000173,beam,564,4.3125,1.96133,8.458235625
15.84,1000173,beam,565,5.75,1.96133,11.2776475
15.84,1000173,beam,566,5.75,1.96133,11.2776475
15.84,1000173,beam,567,5.75,1.96133,11.2776475
15.84,1000173,beam,568,6.21,1.96133,12.1798593
15.84,1000173,beam,569,0.14375,1.96133,0.28194118749999997
15.84,1000173,beam,689,0.25875,1.96133,0.5074941374999999
19.8,1000174,beam,319,2.1275,1.96133,4.172729575
19.8,1000174,beam,599,2.185,1.96133,4.28550605
19.8,1000174,beam,600,4.3125,1.96133,8.458235625
19.8,1000174,beam,601,4.3125,1.96133,8.458235625
19.8,1000174,beam,602,5.75,1.96133,11.2776475
19.8,1000174,beam,603,5.75,1.96133,11.2776475
19.8,1000174,beam,604,5.75,1.96133,11.2776475
19.8,1000174,beam,605,6.6125,1.96133,12.969294625
7.92,1000175,beam,229,12.075,1.96133,23.683059749999998
7.92,1000175,beam,416,5.75,1.96133,11.2776475
7.92,1000175,beam,417,5.75,1.96133,11.2776475
7.92,1000175,beam,418,5.75,1.96133,11.2776475
7.92,1000175,beam,419,5.75,1.96133,11.2776475
7.92,1000175,beam,420,5.75,1.96133,11.2776475
7.92,1000175,beam,421,5.75,1.96133,11.2776475
7.92,1000175,beam,422,5.75,1.96133,11.2776475
7.92,1000175,beam,696,0.2875,1.96133,0.5638823749999999
11.88,1000176,beam,332,12.075,1.96133,23.683059749999998
11.88,1000176,beam,638,5.75,1.96133,11.2776475
11.88,1000176,beam,639,5.75,1.96133,11.2776475
11.88,1000176,beam,640,5.75,1.96133,11.2776475
11.88,1000176,beam,641,5.75,1.96133,11.2776475
11.88,1000176,beam,642,5.75,1.96133,11.2776475
11.88,1000176,beam,643,5.75,1.96133,11.2776475
11.88,1000176,beam,644,5.75,1.96133,11.2776475
11.88,1000176,beam,699,0.2875,1.96133,0.5638823749999999
15.84,1000177,beam,256,2.9325,1.96133,5.751600225000001
15.84,1000177,beam,433,2.8175,1.96133,5.526047275
15.84,1000177,beam,348,12.8225,1.96133,25.149153925
15.84,1000177,beam,673,5.75,1.96133,11.2776475
15.84,1000177,beam,674,5.75,1.96133,11.2776475
15.84,1000177,beam,675,5.75,1.96133,11.2776475
15.84,1000177,beam,676,5.75,1.96133,11.2776475
15.84,1000177,beam,677,5.75,1.96133,11.2776475
15.84,1000177,beam,678,5.75,1.96133,11.2776475
15.84,1000177,beam,679,5.75,1.96133,11.2776475
15.84,1000177,beam,702,0.2875,1.96133,0.5638823749999999
19.8,1000178,beam,261,12.8225,1.96133,25.149153925
19.8,1000178,beam,438,5.75,1.96133,11.2776475
19.8,1000178,beam,439,5.75,1.96133,11.2776475
19.8,1000178,beam,440,5.75,1.96133,11.2776475
19.8,1000178,beam,441,5.75,1.96133,11.2776475
19.8,1000178,beam,442,5.75,1.96133,11.2776475
19.8,1000178,beam,443,5.75,1.96133,11.2776475
19.8,1000178,beam,444,5.75,1.96133,11.2776475
19.8,1000178,beam,445,2.9325,1.96133,5.751600225000001
19.8,1000178,beam,446,2.8175,1.96133,5.526047275
19.8,1000178,beam,704,0.2875,1.96133,0.5638823749999999
3.96,1000179,beam,207,0.336,1.96133,0.6590068800000001
3.96,1000180,beam,207,0.1,1.96133,0.196133
3.96,1000181,beam,212,0.962,1.96133,1.88679946
3.96,1000182,beam,212,0.744,1.96133,1.45922952
3.96,1000183,beam,384,0.06,1.96133,0.1176798
3.96,1000184,beam,384,1.014,1.96133,1.98878862
3.96,1000185,beam,384,0.12,1.96133,0.2353596
3.96,1000186,beam,384,0.12,1.96133,0.2353596
3.96,1000187,beam,384,1.04,1.96133,2.0397832
3.96,1000188,beam,384,0.686,1.96133,1.3454723800000001
3.96,1000189,beam,384,0.008,1.96133,0.01569064
3.96,1000190,beam,385,0.106,1.96133,0.20790097999999999
3.96,1000191,beam,385,0.268,1.96133,0.52563644
3.96,1000192,beam,385,1.212,1.96133,2.37713196
3.96,1000193,beam,386,0.12,1.96133,0.2353596
3.96,1000194,beam,207,0.335916,1.96133,0.65884212828
3.96,1000195,beam,207,0.099975,1.96133,0.19608396674999998
3.96,1000196,beam,363,0.375025,4.903325,1.8388694581249998
3.96,1000197,beam,363,0.4625,4.903325,2.2677878125
3.96,1000198,beam,364,0.075,4.903325,0.367749375
3.96,1000199,beam,364,0.8625,4.903325,4.2291178125
3.96,1000200,beam,365,0.9375,4.903325,4.5968671875
3.96,1000201,beam,366,1.25,4.903325,6.129156249999999
3.96,1000202,beam,367,1.25,4.903325,6.129156249999999
3.96,1000203,beam,368,1.25,4.903325,6.129156249999999
3.96,1000204,beam,369,0.645,4.903325,3.162644625
3.96,1000205,beam,369,0.605,4.903325,2.966511625
3.96,1000206,beam,369,0.082075,4.903325,0.402440399375
3.96,1000207,beam,369,0.005425,4.903325,0.026600538125
3.96,1000208,beam,691,0.0625,2.451662,0.153228875
3.96,1000209,beam,219,0.60125,2.451662,1.4740617774999998
3.96,1000210,beam,223,0.465,2.451662,1.14002283
3.96,1000211,beam,223,0.0375,2.451662,0.09193732499999999
3.96,1000212,beam,223,0.63375,2.451662,1.5537407925
3.96,1000213,beam,223,0.075,2.451662,0.18387464999999997
3.96,1000214,beam,224,0.075,4.903325,0.367749375
3.96,1000215,beam,224,0.65,4.903325,3.18716125
3.96,1000216,beam,224,0.42875,4.903325,2.10230059375
3.96,1000217,beam,224,0.005,4.903325,0.024516625
3.96,1000218,beam,224,0.06625,4.903325,0.32484528125
3.96,1000219,beam,224,0.1675,2.941995,0.4927841625
3.96,1000220,beam,224,0.7575,2.941995,2.2285612125
3.96,1000221,beam,224,0.075,2.941995,0.220649625
3.96,1000222,beam,693,0.0875,2.941995,0.25742456249999995
3.96,1000223,beam,220,0.85,2.451662,2.0839127
3.96,1000224,beam,222,1.19,2.941995,3.50097405
3.96,1000225,beam,220,0.05,2.451662,0.1225831
3.96,1000226,beam,222,0.07,2.941995,0.20593965
3.96,1000227,beam,220,0.675,2.451662,1.65487185
3.96,1000228,beam,222,0.945,2.941995,2.7801852749999996
3.96,1000229,beam,220,0.1,2.451662,0.2451662
3.96,1000230,beam,222,0.14,2.941995,0.4118793
3.96,1000231,beam,220,0.825,2.451662,2.0226211499999995
3.96,1000232,beam,222,1.155,2.941995,3.3980042249999998
3.96,1000233,beam,220,0.0625,2.451662,0.153228875
3.96,1000234,beam,225,0.60125,2.451662,1.4740617774999998
3.96,1000235,beam,225,0.465,2.451662,1.14002283
3.96,1000236,beam,225,0.0375,2.451662,0.09193732499999999
3.96,1000237,beam,225,0.63375,2.451662,1.5537407925
3.96,1000238,beam,225,0.075,2.451662,0.18387464999999997
3.96,1000239,beam,226,0.075,4.903325,0.367749375
3.96,1000240,beam,226,0.65,4.903325,3.18716125
3.96,1000241,beam,226,0.42875,2.941995,1.2613803562500001
3.96,1000242,beam,226,0.005,2.941995,0.014709975
3.96,1000243,beam,226,0.06625,2.941995,0.19490716875
3.96,1000244,beam,226,0.1675,2.941995,0.4927841625
3.96,1000245,beam,226,0.7575,2.941995,2.2285612125
3.96,1000246,beam,226,0.075,2.941995,0.220649625
3.96,1000247,beam,222,0.0875,2.941995,0.25742456249999995
7.92,1000248,beam,278,0.336,1.96133,0.6590068800000001
7.92,1000249,beam,278,0.1,1.96133,0.196133
7.92,1000250,beam,497,0.962,1.96133,1.88679946
7.92,1000251,beam,497,0.744,1.96133,1.45922952
7.92,1000252,beam,498,0.06,1.96133,0.1176798
7.92,1000253,beam,498,1.014,1.96133,1.98878862
7.92,1000254,beam,498,0.12,1.96133,0.2353596
7.92,1000255,beam,498,0.12,1.96133,0.2353596
7.92,1000256,beam,498,0.98,1.96133,1.9221034
7.92,1000257,beam,498,0.06,1.96133,0.1176798
7.92,1000258,beam,498,0.686,1.96133,1.3454723800000001
7.92,1000259,beam,498,0.008,1.96133,0.01569064
7.92,1000260,beam,499,0.106,1.96133,0.20790097999999999
7.92,1000261,beam,499,0.04,1.96133,0.0784532
7.92,1000262,beam,499,0.228,1.96133,0.44718324000000004
7.92,1000263,beam,499,1.212,1.96133,2.37713196
7.92,1000264,beam,500,0.12,1.96133,0.2353596
7.92,1000265,beam,278,0.335916,1.96133,0.65884212828
7.92,1000266,beam,278,0.099975,1.96133,0.19608396674999998
7.92,1000267,beam,476,0.375025,4.903325,1.8388694581249998
7.92,1000268,beam,476,0.4625,4.903325,2.2677878125
7.92,1000269,beam,477,0.075,4.903325,0.367749375
7.92,1000270,beam,477,0.8625,4.903325,4.2291178125
7.92,1000271,beam,478,0.9375,4.903325,4.5968671875
7.92,1000272,beam,479,1.25,4.903325,6.129156249999999
7.92,1000273,beam,480,1.25,4.903325,6.129156249999999
7.92,1000274,beam,481,1.25,4.903325,6.129156249999999
7.92,1000275,beam,482,0.645,4.903325,3.162644625
7.92,1000276,beam,482,0.605,4.903325,2.966511625
7.92,1000277,beam,482,0.082075,4.903325,0.402440399375
7.92,1000278,beam,482,0.005425,4.903325,0.026600538125
7.92,1000279,beam,694,0.0625,2.451662,0.153228875
7.92,1000280,beam,231,0.60125,2.451662,1.4740617774999998
7.92,1000281,beam,231,0.465,2.451662,1.14002283
7.92,1000282,beam,231,0.0375,2.451662,0.09193732499999999
7.92,1000283,beam,231,0.63375,2.451662,1.5537407925
7.92,1000284,beam,231,0.075,2.451662,0.18387464999999997
7.92,1000285,beam,423,0.075,4.903325,0.367749375
7.92,1000286,beam,423,0.6125,4.903325,3.0032865625
7.92,1000287,beam,423,0.0375,4.903325,0.1838746875
7.92,1000288,beam,423,0.42875,4.903325,2.10230059375
7.92,1000289,beam,423,0.005,4.903325,0.024516625
7.92,1000290,beam,423,0.06625,4.903325,0.32484528125
7.92,1000291,beam,423,0.025,2.941995,0.073549875
7.92,1000292,beam,423,0.1425,2.941995,0.41923428749999997
7.92,1000293,beam,423,0.7575,2.941995,2.2285612125
7.92,1000294,beam,423,0.075,2.941995,0.220649625
7.92,1000295,beam,227,0.85,2.451662,2.0839127
7.92,1000296,beam,227,0.05,2.451662,0.1225831
7.92,1000297,beam,227,0.675,2.451662,1.65487185
7.92,1000298,beam,227,0.025,2.451662,0.06129155
7.92,1000299,beam,227,0.075,2.451662,0.18387464999999997
7.92,1000300,beam,227,0.75,2.451662,1.8387464999999998
7.92,1000301,beam,230,0.09,3.92266,0.3530394
7.92,1000302,beam,237,0.909,3.92266,3.56569794
7.92,1000303,beam,237,0.252,3.92266,0.98851032
7.92,1000304,beam,227,0.075,2.451662,0.18387464999999997
7.92,1000305,beam,230,0.075,3.92266,0.2941995
7.92,1000306,beam,230,1.425,3.92266,5.5897905
7.92,1000307,beam,230,0.747,3.92266,2.9302270200000002
7.92,1000308,beam,230,0.09,3.92266,0.3530394
7.92,1000309,beam,240,0.909,3.92266,3.56569794
7.92,1000310,beam,240,0.252,3.92266,0.98851032
7.92,1000311,beam,402,0.075,3.92266,0.2941995
7.92,1000312,beam,402,0.5525,3.92266,2.16726965
7.92,1000313,beam,403,1.25,3.92266,4.903325
7.92,1000314,beam,404,1.25,3.92266,4.903325
7.92,1000315,beam,405,1.25,3.92266,4.903325
7.92,1000316,beam,406,1.175,3.92266,4.6091255
7.92,1000317,beam,406,0.075,4.903325,0.367749375
7.92,1000318,beam,407,1.25,4.903325,6.129156249999999
7.92,1000319,beam,236,0.075,4.903325,0.367749375
7.92,1000320,beam,236,0.7215,4.903325,3.5377489875
7.92,1000321,beam,236,0.558,4.903325,2.73605535
7.92,1000322,beam,236,0.045,4.903325,0.220649625
7.92,1000323,beam,236,0.7605,4.903325,3.7289786624999994
7.92,1000324,beam,236,0.09,4.903325,0.44129925
7.92,1000325,beam,428,0.09,4.903325,0.44129925
7.92,1000326,beam,428,0.735,4.903325,3.6039438749999997
7.92,1000327,beam,428,0.045,2.941995,0.132389775
7.92,1000328,beam,428,0.5145,2.941995,1.5136564274999997
7.92,1000329,beam,428,0.006,2.941995,0.01765197
7.92,1000330,beam,428,0.0795,2.941995,0.2338886025
7.92,1000331,beam,428,0.03,2.941995,0.08825985
7.92,1000332,beam,428,0.171,2.941995,0.503081145
7.92,1000333,beam,428,0.909,2.941995,2.674273455
7.92,1000334,beam,428,0.09,2.941995,0.26477955
11.88,1000335,beam,291,0.336,1.96133,0.6590068800000001
11.88,1000336,beam,291,0.1,1.96133,0.196133
11.88,1000337,beam,534,0.962,1.96133,1.88679946
11.88,1000338,beam,534,0.744,1.96133,1.45922952
11.88,1000339,beam,535,0.06,1.96133,0.1176798
11.88,1000340,beam,535,1.014,1.96133,1.98878862
11.88,1000341,beam,535,0.12,1.96133,0.2353596
11.88,1000342,beam,535,0.12,1.96133,0.2353596
11.88,1000343,beam,535,0.98,1.96133,1.9221034
11.88,1000344,beam,535,0.06,1.96133,0.1176798
11.88,1000345,beam,535,0.686,1.96133,1.3454723800000001
11.88,1000346,beam,535,0.008,1.96133,0.01569064
11.88,1000347,beam,536,0.106,1.96133,0.20790097999999999
11.88,1000348,beam,536,0.04,1.96133,0.0784532
11.88,1000349,beam,536,0.228,1.96133,0.44718324000000004
11.88,1000350,beam,536,1.212,1.96133,2.37713196
11.88,1000351,beam,536,0.12,1.96133,0.2353596
11.88,1000352,beam,291,0.335916,1.96133,0.65884212828
11.88,1000353,beam,291,0.099975,1.96133,0.19608396674999998
11.88,1000354,beam,513,0.375025,4.903325,1.8388694581249998
11.88,1000355,beam,513,0.4625,4.903325,2.2677878125
11.88,1000356,beam,514,0.075,4.903325,0.367749375
11.88,1000357,beam,514,0.8625,4.903325,4.2291178125
11.88,1000358,beam,515,0.9375,4.903325,4.5968671875
11.88,1000359,beam,516,1.25,4.903325,6.129156249999999
11.88,1000360,beam,517,1.25,4.903325,6.129156249999999
11.88,1000361,beam,518,1.25,4.903325,6.129156249999999
11.88,1000362,beam,519,0.645,4.903325,3.162644625
11.88,1000363,beam,519,0.605,4.903325,2.966511625
11.88,1000364,beam,519,0.082075,4.903325,0.402440399375
11.88,1000365,beam,519,0.005425,4.903325,0.026600538125
11.88,1000366,beam,697,0.0625,2.451662,0.153228875
11.88,1000367,beam,303,0.60125,2.451662,1.4740617774999998
11.88,1000368,beam,303,0.465,2.451662,1.14002283
11.88,1000369,beam,303,0.0375,2.451662,0.09193732499999999
11.88,1000370,beam,334,0.63375,2.451662,1.5537407925
11.88,1000371,beam,334,0.075,2.451662,0.18387464999999997
11.88,1000372,beam,549,0.075,4.903325,0.367749375
11.88,1000373,beam,549,0.6125,4.903325,3.0032865625
11.88,1000374,beam,549,0.0375,4.903325,0.1838746875
11.88,1000375,beam,549,0.42875,4.903325,2.10230059375
11.88,1000376,beam,549,0.005,4.903325,0.024516625
11.88,1000377,beam,549,0.06625,4.903325,0.32484528125
11.88,1000378,beam,549,0.025,2.941995,0.073549875
11.88,1000379,beam,549,0.1425,2.941995,0.41923428749999997
11.88,1000380,beam,549,0.7575,2.941995,2.2285612125
11.88,1000381,beam,549,0.075,2.941995,0.220649625
11.88,1000382,beam,330,0.85,2.451662,2.0839127
11.88,1000383,beam,330,0.05,2.451662,0.1225831
11.88,1000384,beam,330,0.675,2.451662,1.65487185
11.88,1000385,beam,330,0.025,2.451662,0.06129155
11.88,1000386,beam,330,0.075,2.451662,0.18387464999999997
11.88,1000387,beam,330,0.75,2.451662,1.8387464999999998
11.88,1000388,beam,333,0.09,4.903325,0.44129925
11.88,1000389,beam,340,0.486,4.903325,2.38301595
11.88,1000390,beam,340,0.012,4.903325,0.0588399
11.88,1000391,beam,340,0.411,4.903325,2.0152665749999996
11.88,1000392,beam,340,0.252,4.903325,1.2356379
11.88,1000393,beam,330,0.075,2.451662,0.18387464999999997
11.88,1000394,beam,333,0.075,4.903325,0.367749375
11.88,1000395,beam,333,1.425,4.903325,6.987238125
11.88,1000396,beam,333,0.747,4.903325,3.662783775
11.88,1000397,beam,333,0.09,4.903325,0.44129925
11.88,1000398,beam,343,0.486,4.903325,2.38301595
11.88,1000399,beam,343,0.012,4.903325,0.0588399
11.88,1000400,beam,343,0.411,4.903325,2.0152665749999996
11.88,1000401,beam,343,0.252,4.903325,1.2356379
11.88,1000402,beam,624,0.075,3.92266,0.2941995
11.88,1000403,beam,624,0.4775,3.92266,1.87307015
11.88,1000404,beam,243,0.012,4.903325,0.0588399
11.88,1000405,beam,243,0.411,4.903325,2.0152665749999996
11.88,1000406,beam,243,0.252,4.903325,1.2356379
11.88,1000407,beam,624,0.075,3.92266,0.2941995
11.88,1000408,beam,247,0.2,4.903325,0.980665
11.88,1000409,beam,248,0.2,4.903325,0.980665
11.88,1000410,beam,245,0.012,4.903325,0.0588399
11.88,1000411,beam,245,0.411,4.903325,2.0152665749999996
11.88,1000412,beam,245,0.252,4.903325,1.2356379
11.88,1000413,beam,627,0.075,3.92266,0.2941995
11.88,1000414,beam,627,1.175,3.92266,4.6091255
11.88,1000415,beam,628,1.25,3.92266,4.903325
11.88,1000416,beam,629,1.25,3.92266,4.903325
11.88,1000417,beam,339,0.075,3.92266,0.2941995
11.88,1000418,beam,339,0.7215,3.92266,2.83019919
11.88,1000419,beam,339,0.558,3.92266,2.18884428
11.88,1000420,beam,339,0.045,3.92266,0.1765197
11.88,1000421,beam,339,0.7605,3.92266,2.98318293
11.88,1000422,beam,339,0.09,3.92266,0.3530394
11.88,1000423,beam,650,0.09,4.903325,0.44129925
11.88,1000424,beam,650,0.735,4.903325,3.6039438749999997
11.88,1000425,beam,650,0.045,2.941995,0.132389775
11.88,1000426,beam,650,0.5145,2.941995,1.5136564274999997
11.88,1000427,beam,650,0.006,2.941995,0.01765197
11.88,1000428,beam,650,0.0795,2.941995,0.2338886025
11.88,1000429,beam,650,0.03,2.941995,0.08825985
11.88,1000430,beam,650,0.171,2.941995,0.503081145
11.88,1000431,beam,650,0.909,2.941995,2.674273455
11.88,1000432,beam,650,0.09,2.941995,0.26477955
15.84,1000433,beam,304,0.336,1.96133,0.6590068800000001
15.84,1000434,beam,304,0.1,1.96133,0.196133
15.84,1000435,beam,309,0.962,1.96133,1.88679946
15.84,1000436,beam,572,0.744,1.96133,1.45922952
15.84,1000437,beam,573,0.06,1.96133,0.1176798
15.84,1000438,beam,573,1.014,1.96133,1.98878862
15.84,1000439,beam,573,0.12,1.96133,0.2353596
15.84,1000440,beam,573,0.12,1.96133,0.2353596
15.84,1000441,beam,573,1.04,1.96133,2.0397832
15.84,1000442,beam,573,0.686,1.96133,1.3454723800000001
15.84,1000443,beam,573,0.008,1.96133,0.01569064
15.84,1000444,beam,574,0.106,1.96133,0.20790097999999999
15.84,1000445,beam,574,0.268,1.96133,0.52563644
15.84,1000446,beam,574,1.212,1.96133,2.37713196
15.84,1000447,beam,574,0.12,1.96133,0.2353596
15.84,1000448,beam,304,0.335916,1.96133,0.65884212828
15.84,1000449,beam,304,0.099975,1.96133,0.19608396674999998
15.84,1000450,beam,304,0.375025,4.903325,1.8388694581249998
15.84,1000451,beam,550,0.4625,4.903325,2.2677878125
15.84,1000452,beam,551,0.075,4.903325,0.367749375
15.84,1000453,beam,551,0.8625,4.903325,4.2291178125
15.84,1000454,beam,552,0.9375,4.903325,4.5968671875
15.84,1000455,beam,553,1.25,4.903325,6.129156249999999
15.84,1000456,beam,554,1.25,4.903325,6.129156249999999
15.84,1000457,beam,555,1.25,4.903325,6.129156249999999
15.84,1000458,beam,556,0.645,4.903325,3.162644625
15.84,1000459,beam,556,0.605,4.903325,2.966511625
15.84,1000460,beam,556,0.082075,4.903325,0.402440399375
15.84,1000461,beam,556,0.005425,4.903325,0.026600538125
15.84,1000462,beam,700,0.0625,2.451662,0.153228875
15.84,1000463,beam,316,0.60125,2.451662,1.4740617774999998
15.84,1000464,beam,316,0.465,2.451662,1.14002283
15.84,1000465,beam,316,0.0375,2.451662,0.09193732499999999
15.84,1000466,beam,316,0.63375,2.451662,1.5537407925
15.84,1000467,beam,349,0.075,2.451662,0.18387464999999997
15.84,1000468,beam,586,0.075,4.903325,0.367749375
15.84,1000469,beam,586,0.65,4.903325,3.18716125
15.84,1000470,beam,586,0.42875,4.903325,2.10230059375
15.84,1000471,beam,586,0.005,4.903325,0.024516625
15.84,1000472,beam,586,0.06625,4.903325,0.32484528125
15.84,1000473,beam,586,0.1675,2.941995,0.4927841625
15.84,1000474,beam,586,0.7575,2.941995,2.2285612125
15.84,1000475,beam,586,0.075,2.941995,0.220649625
15.84,1000476,beam,346,0.85,2.451662,2.0839127
15.84,1000477,beam,346,0.05,2.451662,0.1225831
15.84,1000478,beam,346,0.675,2.451662,1.65487185
15.84,1000479,beam,346,0.1,2.451662,0.2451662
15.84,1000480,beam,346,0.75,2.451662,1.8387464999999998
15.84,1000481,beam,249,0.09,4.903325,0.44129925
15.84,1000482,beam,249,0.393,4.903325,1.927006725
15.84,1000483,beam,249,0.018,4.903325,0.08825984999999999
15.84,1000484,beam,249,0.252,4.903325,1.2356379
15.84,1000485,beam,346,0.075,2.451662,0.18387464999999997
15.84,1000486,beam,251,0.075,4.903325,0.367749375
15.84,1000487,beam,251,0.585,4.903325,2.8684451249999996
15.84,1000488,beam,250,0.09,4.903325,0.44129925
15.84,1000489,beam,250,0.393,4.903325,1.927006725
15.84,1000490,beam,250,0.018,4.903325,0.08825984999999999
15.84,1000491,beam,250,0.252,4.903325,1.2356379
15.84,1000492,beam,656,0.075,2.941995,0.220649625
15.84,1000493,beam,656,0.625,2.941995,1.838746875
15.84,1000494,beam,657,0.6225,2.941995,1.8313918875000001
15.84,1000495,beam,658,0.5525,2.941995,1.6254522375
15.84,1000496,beam,253,0.09,2.941995,0.26477955
15.84,1000497,beam,253,0.408,2.941995,1.2003339599999998
15.84,1000498,beam,253,0.09,2.941995,0.26477955
15.84,1000499,beam,253,0.393,2.941995,1.156204035
15.84,1000500,beam,253,0.018,2.941995,0.052955909999999995
15.84,1000501,beam,253,0.252,2.941995,0.7413827399999999
15.84,1000502,beam,658,0.075,2.941995,0.220649625
15.84,1000503,beam,255,1.5,2.941995,4.4129925
15.84,1000504,beam,255,1.5,2.941995,4.4129925
15.84,1000505,beam,254,0.09,2.941995,0.26477955
15.84,1000506,beam,254,0.408,2.941995,1.2003339599999998
15.84,1000507,beam,254,0.09,2.941995,0.26477955
15.84,1000508,beam,254,0.393,2.941995,1.156204035
15.84,1000509,beam,254,0.018,2.941995,0.052955909999999995
15.84,1000510,beam,254,0.252,2.941995,0.7413827399999999
15.84,1000511,beam,661,0.075,2.941995,0.220649625
15.84,1000512,beam,661,1.175,2.941995,3.456844125
15.84,1000513,beam,662,1.25,2.941995,3.67749375
15.84,1000514,beam,663,1.1625,2.941995,3.4200691875
15.84,1000515,beam,663,0.021,1.96133,0.041187930000000005
15.84,1000516,beam,663,0.294,1.96133,0.57663102
15.84,1000517,beam,663,0.0875,2.941995,0.25742456249999995
15.84,1000518,beam,258,0.153,1.96133,0.30008349
15.84,1000519,beam,258,2.142,1.96133,4.20116886
15.84,1000520,beam,258,0.6375,2.941995,1.8755218124999997
15.84,1000521,beam,435,0.147,1.96133,0.28831551
15.84,1000522,beam,435,2.058,1.96133,4.036417139999999
15.84,1000523,beam,435,0.6125,2.941995,1.8019719375
15.84,1000524,beam,260,0.018,1.96133,0.03530394
15.84,1000525,beam,260,0.252,1.96133,0.49425516
15.84,1000526,beam,260,0.075,2.941995,0.220649625
15.84,1000527,beam,260,0.7215,2.941995,2.1226493925
15.84,1000528,beam,260,0.558,2.941995,1.6416332100000002
15.84,1000529,beam,260,0.045,2.941995,0.132389775
15.84,1000530,beam,260,0.7605,2.941995,2.2373871975
15.84,1000531,beam,260,0.09,2.941995,0.26477955
15.84,1000532,beam,437,0.09,2.941995,0.26477955
15.84,1000533,beam,437,0.78,2.941995,2.2947561
15.84,1000534,beam,437,0.5145,2.941995,1.5136564274999997
15.84,1000535,beam,437,0.006,2.941995,0.01765197
15.84,1000536,beam,437,0.0795,2.941995,0.2338886025
15.84,1000537,beam,437,0.201,2.941995,0.591340995
15.84,1000538,beam,437,0.909,2.941995,2.674273455
15.84,1000539,beam,437,0.09,2.941995,0.26477955
15.84,1000540,beam,260,0.051,1.96133,0.10002783
15.84,1000541,beam,260,0.714,1.96133,1.40038962
15.84,1000542,beam,260,0.2125,1.96133,0.416782625
15.84,1000543,beam,260,2.04425,1.96133,4.0094488525
15.84,1000544,beam,260,1.581,1.96133,3.10086273
15.84,1000545,beam,260,0.1275,1.96133,0.250069575
15.84,1000546,beam,260,2.15475,1.96133,4.2261758175
15.84,1000547,beam,260,0.255,1.96133,0.50013915
15.84,1000548,beam,437,0.255,1.96133,0.50013915
15.84,1000549,beam,437,2.21,1.96133,4.3345393
15.84,1000550,beam,437,1.45775,1.96133,2.8591288075000003
15.84,1000551,beam,437,0.017,1.96133,0.03334261
15.84,1000552,beam,437,0.22525,1.96133,0.4417895825
15.84,1000553,beam,437,0.5695,1.96133,1.1169774350000001
15.84,1000554,beam,437,2.5755,1.96133,5.051405415
15.84,1000555,beam,437,0.255,1.96133,0.50013915
19.8,1000556,beam,317,0.336,1.96133,0.6590068800000001
19.8,1000557,beam,317,0.1,1.96133,0.196133
19.8,1000558,beam,322,0.1,1.96133,0.196133
19.8,1000559,beam,608,1.606,1.96133,3.14989598
19.8,1000560,beam,609,0.06,1.96133,0.1176798
19.8,1000561,beam,609,0.224,1.96133,0.43933792
19.8,1000562,beam,609,0.79,1.96133,1.5494507000000002
19.8,1000563,beam,609,0.12,1.96133,0.2353596
19.8,1000564,beam,609,0.12,1.96133,0.2353596
19.8,1000565,beam,609,0.6,1.96133,1.176798
19.8,1000566,beam,609,0.44,1.96133,0.8629852
19.8,1000567,beam,609,0.384,1.96133,0.75315072
19.8,1000568,beam,609,0.302,1.96133,0.59232166
19.8,1000569,beam,609,0.008,1.96133,0.01569064
19.8,1000570,beam,610,0.374,1.96133,0.73353742
19.8,1000571,beam,610,1.212,1.96133,2.37713196
19.8,1000572,beam,610,0.12,1.96133,0.2353596
19.8,1000573,beam,317,0.335916,1.96133,0.65884212828
19.8,1000574,beam,317,0.099975,1.96133,0.19608396674999998
19.8,1000575,beam,317,0.375025,1.96133,0.73554778325
19.8,1000576,beam,587,0.4625,1.96133,0.907115125
19.8,1000577,beam,588,0.075,1.96133,0.14709975
19.8,1000578,beam,588,0.8625,1.96133,1.691647125
19.8,1000579,beam,589,0.41825,1.96133,0.8203262725
19.8,1000580,beam,589,0.44425,1.96133,0.8713208525
19.8,1000581,beam,589,0.075,1.96133,0.14709975
19.8,1000582,beam,590,0.075,1.96133,0.14709975
19.8,1000583,beam,590,0.44425,1.96133,0.8713208525
19.8,1000584,beam,590,0.73075,1.96133,1.4332418975
19.8,1000585,beam,591,1.25,1.96133,2.4516625
19.8,1000586,beam,592,1.25,1.96133,2.4516625
19.8,1000587,beam,593,0.075,1.96133,0.14709975
19.8,1000588,beam,593,0.44425,1.96133,0.8713208525
19.8,1000589,beam,593,0.12575,1.96133,0.2466372475
19.8,1000590,beam,593,0.605,1.96133,1.18660465
19.8,1000591,beam,593,0.082075,1.96133,0.16097615975
19.8,1000592,beam,593,0.005425,1.96133,0.01064021525
19.8,1000593,beam,703,0.0625,4.903325,0.3064578125
19.8,1000594,beam,264,0.0625,4.903325,0.3064578125
19.8,1000595,beam,264,1.00375,4.903325,4.921712468749999
19.8,1000596,beam,264,0.0375,4.903325,0.1838746875
19.8,1000597,beam,264,0.14,4.903325,0.6864655000000001
19.8,1000598,beam,264,0.49375,4.903325,2.42101671875
19.8,1000599,beam,264,0.075,4.903325,0.367749375
19.8,1000600,beam,465,0.075,4.903325,0.367749375
19.8,1000601,beam,465,0.375,4.903325,1.838746875
19.8,1000602,beam,465,0.275,4.903325,1.348414375
19.8,1000603,beam,465,0.24,4.903325,1.1767979999999998
19.8,1000604,beam,465,0.18875,4.903325,0.92550259375
19.8,1000605,beam,465,0.005,4.903325,0.024516625
19.8,1000606,beam,465,0.23375,4.903325,1.14615221875
19.8,1000607,beam,465,0.7575,4.903325,3.7142686874999997
19.8,1000608,beam,465,0.075,4.903325,0.367749375
19.8,1000609,beam,263,2.425,4.903325,11.890563124999998
19.8,1000610,beam,263,0.075,7.84532,0.588399
19.8,1000611,beam,456,0.075,7.84532,0.588399
19.8,1000612,beam,456,1.175,7.84532,9.218251
19.8,1000613,beam,457,1.175,7.84532,9.218251
19.8,1000614,beam,275,0.09,4.903325,0.44129925
19.8,1000615,beam,275,0.891,4.903325,4.368862575
19.8,1000616,beam,275,0.018,4.903325,0.08825984999999999
19.8,1000617,beam,275,0.252,4.903325,1.2356379
19.8,1000618,beam,457,0.075,7.84532,0.588399
19.8,1000619,beam,277,1.5,4.903325,7.3549875
19.8,1000620,beam,277,1.5,4.903325,7.3549875
19.8,1000621,beam,276,0.09,4.903325,0.44129925
19.8,1000622,beam,276,0.891,4.903325,4.368862575
19.8,1000623,beam,276,0.018,4.903325,0.08825984999999999
19.8,1000624,beam,276,0.252,4.903325,1.2356379
19.8,1000625,beam,460,0.075,7.84532,0.588399
19.8,1000626,beam,460,1.175,7.84532,9.218251
19.8,1000627,beam,461,1.25,7.84532,9.80665
19.8,1000628,beam,462,1.175,7.84532,9.218251
19.8,1000629,beam,462,0.018,4.903325,0.08825984999999999
19.8,1000630,beam,462,0.252,4.903325,1.2356379
19.8,1000631,beam,462,0.075,4.903325,0.367749375
19.8,1000632,beam,463,0.153,4.903325,0.7502087249999999
19.8,1000633,beam,463,2.142,4.903325,10.502922149999998
19.8,1000634,beam,463,0.6375,4.903325,3.1258696874999994
19.8,1000635,beam,464,0.147,4.903325,0.7207887749999999
19.8,1000636,beam,464,2.058,4.903325,10.09104285
19.8,1000637,beam,464,0.6125,4.903325,3.0032865625
19.8,1000638,beam,270,0.069,4.903325,0.338329425
19.8,1000639,beam,270,0.966,4.903325,4.7366119499999995
19.8,1000640,beam,270,0.2875,4.903325,1.4097059374999998
19.8,1000641,beam,270,0.2875,4.903325,1.4097059374999998
19.8,1000642,beam,270,4.61725,4.903325,22.63987735625
19.8,1000643,beam,270,0.1725,4.903325,0.8458235624999999
19.8,1000644,beam,270,0.644,4.903325,3.1577413
19.8,1000645,beam,270,2.27125,4.903325,11.13667690625
19.8,1000646,beam,270,0.345,4.903325,1.6916471249999998
19.8,1000647,beam,471,0.345,4.903325,1.6916471249999998
19.8,1000648,beam,471,1.725,4.903325,8.458235625
19.8,1000649,beam,471,1.265,4.903325,6.202706124999999
19.8,1000650,beam,471,1.104,4.903325,5.4132708
19.8,1000651,beam,471,0.86825,4.903325,4.257311931249999
19.8,1000652,beam,471,0.023,4.903325,0.11277647499999999
19.8,1000653,beam,471,1.07525,4.903325,5.27230020625
19.8,1000654,beam,471,3.4845,4.903325,17.0856359625
19.8,1000655,beam,471,0.345,4.903325,1.6916471249999998
3.96,1000005,wall,601,3.624887,4.903325,17.773999049274998
3.96,1000005,wall,601,0.045,4.903325,0.220649625
3.96,1000005,wall,601,1.505113,4.903325,7.380058200724999
3.96,1000006,wall,601,0.0,4.903325,0.0
3.96,1000006,wall,601,0.045,1.96133,0.08825985
3.96,1000006,wall,601,4.43625,4.903325,21.75237553125
3.96,1000008,wall,601,0.023435,4.903325,0.114909421375
3.96,1000008,wall,601,0.021565,4.903325,0.105740203625
3.96,1000008,wall,601,1.892896,4.903325,9.281484279199999
3.96,1000008,wall,601,1.741791,4.903325,8.540567355075
3.96,1000008,wall,601,4.919968,4.903325,24.124202093599997
3.96,1000008,wall,601,4.52722,4.903325,22.198431006499998
3.96,1000008,wall,601,0.023435,1.96133,0.04596376855
3.96,1000008,wall,601,0.021565,1.96133,0.04229608145
