M_kNm,P_kN,caso,cumple,elemento,extremo,muro_origen,piso,tipo
42.02531159676096,2300.3111360242983,G,True,101,,1,1,MURO
121.94157915254118,1840.9730365504415,G,True,102,,1,2,MURO
84.41868102060937,1376.626170931725,G,True,103,,1,3,MURO
-69.18903780744324,909.437189922765,G,True,104,,1,4,MURO
87.41677838580392,438.6901029991756,G,True,105,,1,5,MURO
13.249695006369336,729.9443976850403,G,True,201,,2,1,MURO
54.47188474910203,584.1852711825613,G,True,202,,2,2,MURO
14.388094486495902,436.83678062245207,G,True,203,,2,3,MURO
-60.08565832495145,288.5864188192784,G,True,204,,2,4,MURO
-274.46645188590645,139.20698687518802,G,True,205,,2,5,MURO
-46.42401013056292,2546.2354145236786,G,True,301,,3,1,MURO
-113.31982206616794,2028.540615369156,G,True,302,,3,2,MURO
-113.46271549640005,1506.645915305266,G,True,303,,3,3,MURO
-270.16620256045314,981.539324728762,G,True,304,,3,4,MURO
-154.05475109425367,457.7059411491658,G,True,305,,3,5,MURO
18.518100851737472,806.5985926183762,G,True,401,,4,1,MURO
66.823465358274,642.6027658998695,G,True,402,,4,2,MURO
23.27056108398915,477.2765340560206,G,True,403,,4,3,MURO
-49.29982086528494,310.9328374981073,G,True,404,,4,4,MURO
-265.21369548372945,144.99247903069735,G,True,405,,4,5,MURO
1.1593934013098988,2203.4596240716974,G,True,501,,5,1,MURO
20.484525000125814,1765.1522271239132,G,True,502,,5,2,MURO
9.115278094817995,1303.6082652312832,G,True,503,,5,3,MURO
-169.92413987862057,536.9751887151699,G,True,504,,5,4,MURO
-53.09263699516896,96.47904853124952,G,True,505,,5,5,MURO
-51.98198983843804,1561.6392434065842,G,True,601,,6,1,MURO
-65.49952017597093,1357.0598356820803,G,True,602,,6,2,MURO
-137.6606400660035,1129.993736157599,G,True,603,,6,3,MURO
-173.35769602500963,724.147215266696,G,True,604,,6,4,MURO
-138.2733863706838,154.21120112280795,G,True,705,,7,5,MURO
8.205175591081456,879.7208473517378,G,True,801,,8,1,MURO
-6.440629602179172,704.7286989601257,G,True,802,,8,2,MURO
31.267608999262393,520.4594506464807,G,True,803,,8,3,MURO
142.52650329563897,214.38480958029533,G,True,804,,8,4,MURO
431.629683151235,45.58597844227481,G,True,805,,8,5,MURO
0.4295079351508093,816.2501270287097,G,True,901,,9,1,MURO
7.5882925816735565,653.8834339898843,G,True,902,,9,2,MURO
3.3766641034088707,482.9089719405184,G,True,903,,9,3,MURO
-62.946734703920356,198.9172186530136,G,True,904,,9,4,MURO
-21.594268929746953,-46.65641058195549,G,True,905,,9,5,MURO
10.79524429558046,1181.2087497985742,G,True,1002,,10,2,MURO
-52.40820545218202,872.3516953319097,G,True,1003,,10,3,MURO
-238.8913450897579,359.33433479291887,G,True,1004,,10,4,MURO
-1511.468472001452,-32.25051001136251,G,True,1005,,10,5,MURO
0.3937685879546393,748.344764190716,G,True,1101,,11,1,MURO
6.956994099394706,599.4856672488762,G,True,1102,,11,2,MURO
3.095756938809359,442.73488122444763,G,True,1103,,11,3,MURO
-57.71007972624592,182.36893010687893,G,True,1104,,11,4,MURO
-34.533635725409646,32.766469312499964,G,True,1105,,11,5,MURO
0.39377178315339734,748.3447716270441,G,True,1201,,12,1,MURO
6.9570059930154,599.4856609741812,G,True,1202,,12,2,MURO
3.0957568909615247,442.73488231006877,G,True,1203,,12,3,MURO
-57.71007842740593,182.36893470710922,G,True,1204,,12,4,MURO
-8.542831873158377,129.57905959886264,G,True,1205,,12,5,MURO
0.8458185296454985,1607.5554688329407,G,True,1301,,13,1,MURO
14.944741028860335,1287.7840298331748,G,True,1302,,13,2,MURO
6.650115081763829,951.060145208844,G,True,1303,,13,3,MURO
-1042.572365447596,1297.9314057716215,G,True,1304,,13,4,MURO
759.1085983370916,641.5029754166111,G,True,1305,,13,5,MURO
-7.031512635994602,753.8880778104649,G,True,1401,,14,1,MURO
5.519383090338579,603.92629675885,G,True,1402,,14,2,MURO
-26.795172086368865,446.0144010882493,G,True,1403,,14,3,MURO
-122.13992951731346,183.71981117554392,G,True,1404,,14,4,MURO
-585.3875719176795,25.668424549999685,G,True,1405,,14,5,MURO
0.23041245539124589,437.9202814376037,G,True,1501,,15,1,MURO
4.071137938736513,350.8101267059071,G,True,1502,,15,2,MURO
1.811591770668457,259.0818939278332,G,True,1503,,15,3,MURO
-33.771081859035746,106.71959309532195,G,True,1504,,15,4,MURO
4.5727052888254,-59.015831006286305,G,True,1505,,15,5,MURO
0.23041284580341426,437.9202812869115,G,True,1601,,16,1,MURO
4.071138286902141,350.8101267754053,G,True,1602,,16,2,MURO
1.8115915043362207,259.0818946958667,G,True,1603,,16,3,MURO
-33.77108576357795,106.71959752780705,G,True,1604,,16,4,MURO
-39.90019804182361,104.70549518128631,G,True,1605,,16,5,MURO
-5.790657003523165,620.8489839566923,G,True,1701,,17,1,MURO
286.75591464856177,534.9762008112193,G,True,1801,,18,1,MURO
-89.17048684480085,681.1175005046683,G,True,1901,,19,1,MURO
96.13955866014135,2186.6965965080476,G,True,2001,,20,1,MURO
-1559.0390620358755,1661.5690210740843,G,True,2101,,21,1,MURO
-868.0013691904186,993.8283603900966,G,True,2201,,22,1,MURO
1599.1767134933025,1566.3918120557232,G,True,2302,,23,2,MURO
-150.2726008423806,1414.0884013487778,G,True,2402,,24,2,MURO
10.73552960142132,412.69680967190396,Q,True,101,,1,1,MURO
30.29625441568399,326.1033226266855,Q,True,102,,1,2,MURO
22.38126141110149,237.7986038577832,Q,True,103,,1,3,MURO
-28.211317394712268,148.58679595414324,Q,True,104,,1,4,MURO
14.648842992330039,58.3817841512418,Q,True,105,,1,5,MURO
4.471255560335052,130.95868630239127,Q,True,201,,2,1,MURO
19.609572861444967,103.48047157674955,Q,True,202,,2,2,MURO
5.676141525688976,75.45924871060657,Q,True,203,,2,3,MURO
-6.9865925749485385,47.150184640755064,Q,True,204,,2,4,MURO
-49.42007015958495,18.525952853451194,Q,True,205,,2,5,MURO
-11.729025758657144,474.89371454995035,Q,True,301,,3,1,MURO
-30.318792163853118,374.2621957078712,Q,True,302,,3,2,MURO
-28.01703807357481,272.18584882362467,Q,True,303,,3,3,MURO
-82.40201727859255,169.01546289057666,Q,True,304,,3,4,MURO
-40.56982374099946,65.26792456075322,Q,True,305,,3,5,MURO
5.843605297874873,150.43722979034914,Q,True,401,,4,1,MURO
22.92448153299724,118.55908643404085,Q,True,402,,4,2,MURO
8.018215143356507,86.22325742274737,Q,True,403,,4,3,MURO
-4.132691321980197,53.54085793528288,Q,True,404,,4,4,MURO
-46.661966023636374,20.675628974056934,Q,True,405,,4,5,MURO
0.5572029752262324,420.31239746485676,Q,True,501,,5,1,MURO
4.758089799216094,334.6528383634526,Q,True,502,,5,2,MURO
3.8995547908167936,238.88236935004397,Q,True,503,,5,3,MURO
-55.87541289630397,47.91259497579013,Q,True,504,,5,4,MURO
-20.213156725723632,-1.9317880628477724e-13,Q,True,505,,5,5,MURO
-11.2298383638784,289.0659969484345,Q,True,601,,6,1,MURO
-26.575409074876035,264.36813422280227,Q,True,602,,6,2,MURO
-38.284614331883304,244.92594931366511,Q,True,603,,6,3,MURO
-55.85239074145263,177.45224650493125,Q,True,604,,6,4,MURO
-33.84445702148783,14.352028758072976,Q,True,705,,7,5,MURO
4.110396640487252,167.8077392687491,Q,True,801,,8,1,MURO
0.8264357348970748,133.60856717635764,Q,True,802,,8,2,MURO
13.2609307026353,95.37265926437706,Q,True,803,,8,3,MURO
32.158632774376464,19.128877085947178,Q,True,804,,8,4,MURO
86.93270621468666,2.44635772197514,Q,True,805,,8,5,MURO
0.20641452749606515,155.70062821783094,Q,True,901,,9,1,MURO
1.7625881233866068,123.96888165301222,Q,True,902,,9,2,MURO
1.444551498579898,88.4916446389596,Q,True,903,,9,3,MURO
-20.698499664608683,17.748752562210058,Q,True,904,,9,4,MURO
-5.8977397116278,-16.798386480048258,Q,True,905,,9,5,MURO
-1.3852045908159027,223.9437794544183,Q,True,1002,,10,2,MURO
-22.226887323336655,159.85587510363877,Q,True,1003,,10,3,MURO
-53.90168763242005,32.062263879728526,Q,True,1004,,10,4,MURO
-253.41417676741207,-11.060226847774114,Q,True,1005,,10,5,MURO
0.18924110795386184,142.7476039082988,Q,True,1101,,11,1,MURO
1.6159519665195532,113.65568222004052,Q,True,1102,,11,2,MURO
1.324377991137709,81.1298611684573,Q,True,1103,,11,3,MURO
-18.976553481182872,16.272201550999252,Q,True,1104,,11,4,MURO
-36.570043786555786,5.3290705182007514e-14,Q,True,1105,,11,5,MURO
0.18924172089427316,142.74760534921575,Q,True,1201,,12,1,MURO
1.615954137506506,113.65568099541224,Q,True,1202,,12,2,MURO
1.3243779978352634,81.12986139661196,Q,True,1203,,12,3,MURO
-18.976553306119545,16.272202021220274,Q,True,1204,,12,4,MURO
-33.20077988487663,11.06022684777397,Q,True,1205,,12,5,MURO
0.40650816855804806,306.64301414997834,Q,True,1301,,13,1,MURO
3.4713198750658307,244.1492448005407,Q,True,1302,,13,2,MURO
2.8449489146126012,174.27896939859198,Q,True,1303,,13,3,MURO
-340.4665213636562,327.07679570198,Q,True,1304,,13,4,MURO
207.69545864618823,110.18219916477584,Q,True,1305,,13,5,MURO
-3.5224544143334953,143.8049972717416,Q,True,1401,,14,1,MURO
-0.7082236194964509,114.49757516484195,Q,True,1402,,14,2,MURO
-11.364122656715203,81.73082352991315,Q,True,1403,,14,3,MURO
-27.558756649486977,16.392735982218888,Q,True,1404,,14,4,MURO
-95.4959751628969,-6.774439103202546,Q,True,1405,,14,5,MURO
0.1107382752959225,83.5337854126295,Q,True,1501,,15,1,MURO
0.9456326672893418,66.50962058277294,Q,True,1502,,15,2,MURO
0.7750064748066094,47.4759930034853,Q,True,1503,,15,3,MURO
-11.104797633066447,9.522250647117026,Q,True,1504,,15,4,MURO
-15.305537003657852,-10.00207054579138,Q,True,1505,,15,5,MURO
0.11073849705146444,83.53378534755709,Q,True,1601,,16,1,MURO
0.9456328193375896,66.50962060274247,Q,True,1602,,16,2,MURO
0.7750066048457249,47.475993195531004,Q,True,1603,,16,3,MURO
-11.104798332092688,9.522251380728411,Q,True,1604,,16,4,MURO
-22.577975400043208,16.77650964899422,Q,True,1605,,16,5,MURO
-2.900844804478993,118.42764076199809,Q,True,1701,,17,1,MURO
76.49121662428306,134.0429995966496,Q,True,1801,,18,1,MURO
-24.022916433857212,167.61390102041605,Q,True,1901,,19,1,MURO
-152.26920796699534,477.4152665511466,Q,True,2001,,20,1,MURO
-420.05908350379053,332.5654638186703,Q,True,2101,,21,1,MURO
-432.3418263398719,206.7632537348564,Q,True,2201,,22,1,MURO
578.8027458156791,335.93143459692897,Q,True,2302,,23,2,MURO
-96.21018769023408,314.3102491546632,Q,True,2402,,24,2,MURO
0.0786691222417133,-24.95010477594719,EX,True,101,,1,1,MURO
-1.3849892182005625,-22.90006224868754,EX,True,102,,1,2,MURO
0.6349903641885764,-14.894349878584094,EX,True,103,,1,3,MURO
-11.322105235926397,-7.924676178486997,EX,True,104,,1,4,MURO
-10.840201781803911,-3.159149025641356,EX,True,105,,1,5,MURO
69.29935933884323,-7.917260412805788,EX,True,201,,2,1,MURO
-1650.1944502560673,-7.266725629709981,EX,True,202,,2,2,MURO
-1954.4891452613354,-4.726338000862597,EX,True,203,,2,3,MURO
-1413.7006195775448,-2.5147007949794897,EX,True,204,,2,4,MURO
-802.8185054178073,-1.0024787566102304,EX,True,205,,2,5,MURO
0.1640368032637447,-24.051291530191882,EX,True,301,,3,1,MURO
-1.381863279967913,-22.054706627633735,EX,True,302,,3,2,MURO
0.3803378530664929,-14.246423265031385,EX,True,303,,3,3,MURO
-11.300675557398995,-7.455815200058714,EX,True,304,,3,4,MURO
-10.524137654386193,-2.888664151370003,EX,True,305,,3,5,MURO
69.28120806416436,-7.6189766996634205,EX,True,401,,4,1,MURO
-1650.0997380688236,-6.98649021289873,EX,True,402,,4,2,MURO
-1954.1863294402792,-4.512994265994394,EX,True,403,,4,3,MURO
-1413.5611024613936,-2.3618686678962604,EX,True,404,,4,4,MURO
-802.6747323849779,-0.915076705863612,EX,True,405,,4,5,MURO
0.037911700254754876,-12.65359420317694,EX,True,501,,5,1,MURO
-1.3037237065059468,-20.479879138888652,EX,True,502,,5,2,MURO
0.2697050878375715,2.849140469561264,EX,True,503,,5,3,MURO
-12.141531032164194,11.604629018103102,EX,True,504,,5,4,MURO
-14.063053091136188,4.440892098500626e-16,EX,True,505,,5,5,MURO
0.052197070154966774,-10.98397506564429,EX,True,601,,6,1,MURO
-0.7742977170587171,-10.833290739511297,EX,True,602,,6,2,MURO
1.3282823485606539,-10.518499404825768,EX,True,603,,6,3,MURO
-7.307665141841362,-7.613580939478564,EX,True,604,,6,4,MURO
-313.03127119243544,230.6810578342084,EX,True,705,,7,5,MURO
-110.15032501343947,-5.051875286565966,EX,True,801,,8,1,MURO
2428.0218710150966,-8.176475912328101,EX,True,802,,8,2,MURO
3033.992422947819,1.137504191123071,EX,True,803,,8,3,MURO
2165.503874610542,4.633052354577103,EX,True,804,,8,4,MURO
1099.4889742305113,5.605770903853454,EX,True,805,,8,5,MURO
0.014036577531402639,-4.687414373063486,EX,True,901,,9,1,MURO
-0.48297334883150267,-7.586593577379237,EX,True,902,,9,2,MURO
0.09985024072807869,1.0554367011713295,EX,True,903,,9,3,MURO
-4.497770688242141,4.298829618032567,EX,True,904,,9,4,MURO
-39.63983624243929,-236.2868287380628,EX,True,905,,9,5,MURO
-4069.6524762157705,-13.704786169692625,EX,True,1002,,10,2,MURO
-5085.331110458117,1.9065935656697093,EX,True,1003,,10,3,MURO
-3629.641309341661,7.765610657587672,EX,True,1004,,10,4,MURO
-3707.25488708254,-266.2431406349035,EX,True,1005,,10,5,MURO
0.012869456123322465,-4.297447719875661,EX,True,1101,,11,1,MURO
-0.44278348449939253,-6.955429279064182,EX,True,1102,,11,2,MURO
0.09161046678536244,0.9676326516548324,EX,True,1103,,11,3,MURO
-4.1235375691688185,3.9411948027818,EX,True,1104,,11,4,MURO
-71.83793567805773,3.552713678800501e-15,EX,True,1105,,11,5,MURO
0.012874079809593209,-4.297438147618408,EX,True,1201,,12,1,MURO
-0.4427609300721582,-6.955415728973076,EX,True,1202,,12,2,MURO
0.09166402049703198,0.9676334762805298,EX,True,1203,,12,3,MURO
-4.123491755525784,3.9411937714865415,EX,True,1204,,12,4,MURO
-0.286488194013657,266.24314063490345,EX,True,1205,,12,5,MURO
0.02750194605156775,-9.231623517656356,EX,True,1301,,13,1,MURO
-0.9514384242498748,-14.941525196457384,EX,True,1302,,13,2,MURO
0.19764863141503908,2.078674049663574,EX,True,1303,,13,3,MURO
-115.36172213327217,-56.62723495666845,EX,True,1304,,13,4,MURO
-163.1333987862442,34.80215230634839,EX,True,1305,,13,5,MURO
94.39477917545517,-4.329280018825234,EX,True,1401,,14,1,MURO
-2080.724562374895,-7.006952503257139,EX,True,1402,,14,2,MURO
-2600.018843813071,0.9748003129700464,EX,True,1403,,14,3,MURO
-1855.756422222351,3.9703884239849003,EX,True,1404,,14,4,MURO
-1395.1425854130216,-12.563670516597426,EX,True,1405,,14,5,MURO
0.007537498277454313,-2.5148074973350854,EX,True,1501,,15,1,MURO
-0.25908578000270555,-4.070223639662503,EX,True,1502,,15,2,MURO
0.0536471629990406,0.5662440052426857,EX,True,1503,,15,3,MURO
-2.412997116929014,2.306330449639968,EX,True,1504,,15,4,MURO
22.534532517629316,-214.10944404765831,EX,True,1505,,15,5,MURO
0.007526237222506116,-2.5147976188929313,EX,True,1601,,16,1,MURO
-0.2591333854353146,-4.070208424404126,EX,True,1602,,16,2,MURO
0.05357328497023936,0.5662433489106664,EX,True,1603,,16,3,MURO
-2.4130688384676504,2.3063280577341643,EX,True,1604,,16,4,MURO
-97.30847747863011,226.6731145642554,EX,True,1605,,16,5,MURO
77.73688523885832,-3.565283648060735,EX,True,1701,,17,1,MURO
3.570032349919514,1.3568694565952109,EX,True,1801,,18,1,MURO
6.101176033829187,-3.773723561236417,EX,True,1901,,19,1,MURO
-4.598373004908253,5.971994770705121,EX,True,2001,,20,1,MURO
102.81803369167618,13.45344944846536,EX,True,2101,,21,1,MURO
6.191711252726925,-5.150683085238384,EX,True,2201,,22,1,MURO
-17913.653460773552,35.12536666738197,EX,True,2302,,23,2,MURO
-48.727393646486746,-52.72298907838122,EX,True,2402,,24,2,MURO
144.07183585863797,-8.54577550791614,EY,True,101,,1,1,MURO
-3525.5483423458027,-7.414248935130445,EY,True,102,,1,2,MURO
-3623.484132739519,-4.35681233717105,EY,True,103,,1,3,MURO
-2583.3520673742405,-1.771471015657994,EY,True,104,,1,4,MURO
-618.6363591027732,-0.4281708475447772,EY,True,105,,1,5,MURO
-0.06664168618875133,-2.7117806935457347,EY,True,201,,2,1,MURO
-0.5143712250200672,-2.352719655946128,EY,True,202,,2,2,MURO
-2.1287390780192794,-1.3825217527538256,EY,True,203,,2,3,MURO
-7.056489007859539,-0.5621306492107365,EY,True,204,,2,4,MURO
-18.1128302805242,-0.13586879188750167,EY,True,205,,2,5,MURO
144.33985350032813,5.731278173829473,EY,True,301,,3,1,MURO
-3531.5962734318387,4.95285071203466,EY,True,302,,3,2,MURO
-3629.5389989848563,2.8343598490266686,EY,True,303,,3,3,MURO
-2588.015967707456,1.0500389082167203,EY,True,304,,3,4,MURO
-618.8925656352999,0.18311539192006876,EY,True,305,,3,5,MURO
-0.04573921406496628,1.8155584144401682,EY,True,401,,4,1,MURO
-0.3566864549956399,1.5689673021261685,EY,True,402,,4,2,MURO
-1.805048480031014,0.8978707579519443,EY,True,403,,4,3,MURO
-6.847043834100498,0.33263251364154467,EY,True,404,,4,4,MURO
-17.98855270237599,0.05800784310196505,EY,True,405,,4,5,MURO
169.83780970955974,-8.281202193389657,EY,True,501,,5,1,MURO
-3958.4898669000268,-5.656219829565998,EY,True,502,,5,2,MURO
-4044.102695427059,-6.512040622322047,EY,True,503,,5,3,MURO
-2868.1019672558946,-235.88692356285537,EY,True,504,,5,4,MURO
-1069.9023672737333,-4.263256414560601e-13,EY,True,505,,5,5,MURO
-985.7686793288038,-411.97345554127,EY,True,601,,6,1,MURO
-2899.7852533510477,-359.3836636448201,EY,True,602,,6,2,MURO
-1094.038218757114,-138.44881578725216,EY,True,603,,6,3,MURO
394.4625799208645,-38.63729824823246,EY,True,604,,6,4,MURO
-732.7725176205222,-52.655857012009335,EY,True,705,,7,5,MURO
-0.12999984841568413,-3.3062363442134943,EY,True,801,,8,1,MURO
0.7056991508912063,-2.258225417357018,EY,True,802,,8,2,MURO
2.6337083847570675,-2.5999050125390144,EY,True,803,,8,3,MURO
6.097443313203648,-94.17674603217077,EY,True,804,,8,4,MURO
20.217042709258273,104.45739957501225,EY,True,805,,8,5,MURO
62.91470280980838,-3.0676916767104103,EY,True,901,,9,1,MURO
-1466.3838635249758,-2.0952927618957347,EY,True,902,,9,2,MURO
-1498.0983442231764,-2.412319014667446,EY,True,903,,9,3,MURO
-1062.4603605619645,-87.38200737717699,EY,True,904,,9,4,MURO
-200.62233057465062,-51.80154256300318,EY,True,905,,9,5,MURO
-1.182903452769829,-3.7850273267620915,EY,True,1002,,10,2,MURO
-4.414277555091269,-4.357741882479793,EY,True,1003,,10,3,MURO
-10.21999097932111,-157.85137603859678,EY,True,1004,,10,4,MURO
-390.8176475038578,193.04909508425692,EY,True,1005,,10,5,MURO
57.680873925576506,-2.812483576276641,EY,True,1101,,11,1,MURO
-1344.3927523768443,-1.9209804701648636,EY,True,1102,,11,2,MURO
-1373.4687583453542,-2.211635733053299,EY,True,1103,,11,3,MURO
-974.0722785228384,-80.11254108599559,EY,True,1104,,11,4,MURO
-1256.6009062023381,1.7053025658242404e-13,EY,True,1105,,11,5,MURO
57.68089808742292,-2.812496725475345,EY,True,1201,,12,1,MURO
-1344.3927810350533,-1.920996663304777,EY,True,1202,,12,2,MURO
-1373.4687965173716,-2.2116350511626024,EY,True,1203,,12,3,MURO
-974.0723056622245,-80.11254001762501,EY,True,1204,,12,4,MURO
-1293.7718635368085,-193.04909508425686,EY,True,1205,,12,5,MURO
123.90690345737109,-6.041632092711971,EY,True,1301,,13,1,MURO
-2887.9549036559065,-4.126549840597136,EY,True,1302,,13,2,MURO
-2950.414586963416,-4.750899685586262,EY,True,1303,,13,3,MURO
-2904.123485223352,449.5221060016231,EY,True,1304,,13,4,MURO
-3230.250115436872,58.83714543138976,EY,True,1305,,13,5,MURO
0.11156095919908426,-2.833323357108618,EY,True,1401,,14,1,MURO
-0.604871923758603,-1.9352178509049034,EY,True,1402,,14,2,MURO
-2.256999530229004,-2.228016457692868,EY,True,1403,,14,3,MURO
-5.225281824268951,-80.70596934126637,EY,True,1404,,14,4,MURO
-43.88492848112333,-234.4244823621681,EY,True,1405,,14,5,MURO
33.75399457143783,-1.6458177908049159,EY,True,1501,,15,1,MURO
-786.7187149546842,-1.1241215958594353,EY,True,1502,,15,2,MURO
-803.733569309339,-1.294216285201287,EY,True,1503,,15,3,MURO
-570.0126708491498,-46.880675047546106,EY,True,1504,,15,4,MURO
-648.867619928432,110.78110016190368,EY,True,1505,,15,5,MURO
33.75401730068211,-1.6458154861754153,EY,True,1601,,16,1,MURO
-786.7187297604689,-1.1241184775793727,EY,True,1602,,16,2,MURO
-803.7335801793602,-1.294215698785024,EY,True,1603,,16,3,MURO
-570.0126729312174,-46.88067544252351,EY,True,1604,,16,4,MURO
-652.5188827647278,123.64338220026508,EY,True,1605,,16,5,MURO
0.09178055818155051,-2.3332937698231646,EY,True,1701,,17,1,MURO
26.146649917846133,41.957111794533496,EY,True,1801,,18,1,MURO
-0.7653443441776233,6.6633940915777625,EY,True,1901,,19,1,MURO
-60.0843467463623,-0.6201380813301394,EY,True,2001,,20,1,MURO
26.581296342412088,-12.133544471806125,EY,True,2101,,21,1,MURO
-192.6904421805663,46.46571281212803,EY,True,2201,,22,1,MURO
-50.705496831636296,25.58445508454283,EY,True,2302,,23,2,MURO
-12164.249540582154,-3.433509638515943,EY,True,2402,,24,2,MURO
22.301508519060008,3320.752546566816,R,True,101,,1,1,MURO
1245.3010286205101,2649.6165275339554,R,True,102,,1,2,MURO
1220.1893970497808,1974.2610373744442,R,True,103,,1,3,MURO
643.4248444392641,1293.5378935107576,R,True,104,,1,4,MURO
302.3270608651442,605.7638051194166,R,True,105,,1,5,MURO
77.61889377083531,1053.7551642295555,R,True,201,,2,1,MURO
-1227.182108441299,840.7874232771419,R,True,202,,2,2,MURO
-1537.7413376585869,626.4807783835386,R,True,203,,2,3,MURO
-1210.7285719055135,410.4708557925809,R,True,204,,2,4,MURO
-1035.3685929078997,192.2235122750352,R,True,205,,2,5,MURO
-115.30016612589452,3699.373369709652,R,True,301,,3,1,MURO
879.9431626507353,2939.086272616716,R,True,302,,3,2,MURO
913.7868409113378,2176.7879419696437,R,True,303,,3,3,MURO
327.80157904899306,1408.1892836255256,R,True,304,,3,4,MURO
-64.41519405214086,638.2563886644878,R,True,305,,3,5,MURO
85.84147985321351,1171.8906120273386,R,True,401,,4,1,MURO
-1207.6908753960458,931.046183290265,R,True,402,,4,2,MURO
-1523.6583323491175,689.564676872562,R,True,403,,4,3,MURO
-1193.7413217735357,446.08735618119397,R,True,404,,4,4,MURO
-1020.3262051730181,202.18740145211882,R,True,405,,4,5,MURO
-48.74964809822677,3224.9504169654033,R,True,501,,5,1,MURO
1217.7465882659067,2572.0096355149526,R,True,502,,5,2,MURO
1229.844261138769,1902.9982883243886,R,True,503,,5,3,MURO
568.5823745782706,791.497536516045,R,True,504,,5,4,MURO
217.7103709674806,115.77485823749942,R,True,505,,5,5,MURO
217.6721650616537,2393.464328287073,R,True,601,,6,1,MURO
753.5110268445495,2097.7356436123773,R,True,602,,6,2,MURO
110.4828735786283,1732.0086379643142,R,True,603,,6,3,MURO
-410.407717252131,1122.9101030483066,R,True,604,,6,4,MURO
-243.90374660050458,405.48784459061085,R,True,705,,7,5,MURO
-72.48052051568834,1287.5462329857119,R,True,801,,8,1,MURO
1935.6348039541351,1026.8627303221792,R,True,802,,8,2,MURO
2482.4917153389224,759.7630898634493,R,True,803,,8,3,MURO
1946.6293058840884,316.00162391121455,R,True,804,,8,4,MURO
1513.1871145073337,31.27550204448835,R,True,805,,8,5,MURO
-18.058788309399006,1194.6514176988098,R,True,901,,9,1,MURO
451.1022998173243,952.775877929728,R,True,902,,9,2,MURO
455.58374433915986,704.9471614509662,R,True,903,,9,3,MURO
210.62574564739313,293.2025436519756,R,True,904,,9,4,MURO
-5.695182533095931,-252.99442385534874,R,True,905,,9,5,MURO
-3244.3533810502763,1721.143488070154,R,True,1002,,10,2,MURO
-4160.950533843475,1273.4529428799624,R,True,1003,,10,3,MURO
-3262.7816238677756,529.6562034667683,R,True,1004,,10,4,MURO
-5017.102015709953,-325.0941727856982,R,True,1005,,10,5,MURO
-16.556503628998712,1095.266158340774,R,True,1101,,11,1,MURO
413.57427414420226,873.5127155651466,R,True,1102,,11,2,MURO
417.6829459261365,646.3013035520773,R,True,1103,,11,3,MURO
193.10343187057865,268.81048142147205,R,True,1104,,11,4,MURO
226.87082200161203,39.31976317500019,R,True,1105,,11,5,MURO
-16.556502486246245,1095.2661808842195,R,True,1201,,12,1,MURO
413.57431809693884,873.5127220190541,R,True,1202,,12,2,MURO
417.6830001726943,646.301305629376,R,True,1203,,12,3,MURO
193.10347846700935,268.81048645450653,R,True,1204,,12,4,MURO
331.16921003965183,441.8884322906992,R,True,1205,,12,5,MURO
-35.565969091392844,2352.7939924347347,R,True,1301,,13,1,MURO
888.4187490350364,1876.4345427361195,R,True,1302,,13,2,MURO
897.245545536829,1388.3510342254372,R,True,1303,,13,3,MURO
-948.7929824176581,1835.2668983366266,R,True,1304,,13,4,MURO
2040.2705371176612,934.2492617084803,R,True,1305,,13,5,MURO
62.11312638925949,1103.3792715546292,R,True,1401,,14,1,MURO
-1658.7670950139423,879.9831738016715,R,True,1402,,14,2,MURO
-2127.4032009067014,651.0887233641268,R,True,1403,,14,3,MURO
-1668.1890556966123,270.8016700215152,R,True,1404,,14,4,MURO
-1939.1084880373432,81.5941818250692,R,True,1405,,14,5,MURO
-9.688638010994396,640.9335418756725,R,True,1501,,15,1,MURO
242.0175675983711,511.1666837204431,R,True,1502,,15,2,MURO
244.42190334430526,378.20594852541893,R,True,1503,,15,3,MURO
113.00130023092787,157.30390898580612,R,True,1504,,15,4,MURO
196.74707782892182,-289.34380538143614,R,True,1505,,15,5,MURO
-9.68865305966176,640.933548815109,R,True,1601,,16,1,MURO
242.01753458640798,511.166695068528,R,True,1602,,16,2,MURO
244.42184736531382,378.2059490149369,R,True,1603,,16,3,MURO
113.0012378141701,157.3039135368092,R,True,1604,,16,4,MURO
38.41910467840755,293.3793300263659,R,True,1605,,16,5,MURO
51.15202157070996,908.6652464469676,R,True,1701,,17,1,MURO
446.20683644901817,818.1300088910646,R,True,1801,,18,1,MURO
-135.52612120151952,1046.9824598077216,R,True,1901,,19,1,MURO
-83.4627764496604,3297.380920381661,R,True,2001,,20,1,MURO
-2384.6495004544204,2473.8773069091203,R,True,2101,,21,1,MURO
-1584.119698730391,1464.0023371792895,R,True,2201,,22,1,MURO
-11586.380934343188,2370.399159776949,R,True,2302,,23,2,MURO
3295.271044043814,2095.7920703333766,R,True,2402,,24,2,MURO
0.7597817752467828,545.2991977429239,G,True,1,i,,,COLUMNA
1.5195634251242844,497.72713859292384,G,True,1,j,,,COLUMNA
5.695323885663084,979.921516328429,G,True,2,i,,,COLUMNA
11.390648123397797,932.349457178429,G,True,2,j,,,COLUMNA
18.378500421798428,3322.4975805548916,G,True,3,i,,,COLUMNA
36.75700120929457,3274.9255214048917,G,True,3,j,,,COLUMNA
25.815518282435132,585.4610404404025,G,True,4,i,,,COLUMNA
51.63103676662352,537.8889812904025,G,True,4,j,,,COLUMNA
71.87675736662247,3511.0750326318266,G,True,5,i,,,COLUMNA
143.7535155667553,3463.5029734818268,G,True,5,j,,,COLUMNA
4.74853749041281,3667.990590604737,G,True,6,i,,,COLUMNA
9.49707494167482,3620.418531454737,G,True,6,j,,,COLUMNA
33.247956310112635,765.4552341827529,G,True,7,i,,,COLUMNA
66.49591259460462,717.8831750327529,G,True,7,j,,,COLUMNA
11.889438713324344,968.4787798701963,G,True,8,i,,,COLUMNA
23.778877909873177,920.9067207201963,G,True,8,j,,,COLUMNA
14.489340009134462,2340.6749746165165,G,True,9,i,,,COLUMNA
28.978680399666175,2293.1029154665166,G,True,9,j,,,COLUMNA
49.22383591269121,3043.5490269451134,G,True,10,i,,,COLUMNA
98.4476723188289,2995.9769677951135,G,True,10,j,,,COLUMNA
53.63705575028274,2971.7156389914503,G,True,11,i,,,COLUMNA
107.27411194709484,2924.1435798414504,G,True,11,j,,,COLUMNA
0.3789168513910358,500.0110956912994,G,True,12,i,,,COLUMNA
0.7578339453615416,452.4390365412994,G,True,12,j,,,COLUMNA
58.31906567532499,3665.4610735893853,G,True,13,i,,,COLUMNA
116.63813184464507,3617.8890144393854,G,True,13,j,,,COLUMNA
33.18244888615772,4148.339872507918,G,True,14,i,,,COLUMNA
66.36489802670253,4100.7678133579175,G,True,14,j,,,COLUMNA
18.716145164431786,4534.211726186911,G,True,15,i,,,COLUMNA
37.43229056258618,4486.63966703691,G,True,15,j,,,COLUMNA
30.504048696082233,2362.1861429147148,G,True,16,i,,,COLUMNA
61.00809764651014,2314.614083764715,G,True,16,j,,,COLUMNA
33.594267293411164,2315.0080309164077,G,True,17,i,,,COLUMNA
67.18853495768707,2267.435971766408,G,True,17,j,,,COLUMNA
1.0331458683742862,441.56092759165074,G,True,18,i,,,COLUMNA
0.873304069181514,393.9888684416507,G,True,18,j,,,COLUMNA
45.399963426676486,2680.387703046151,G,True,19,i,,,COLUMNA
96.39709987485855,2632.815643896151,G,True,19,j,,,COLUMNA
36.75700120929456,3274.9255214048912,G,True,20,i,,,COLUMNA
129.7358620315798,3227.3534622548914,G,True,20,j,,,COLUMNA
32.74181405341337,2837.720000893675,G,True,21,i,,,COLUMNA
65.26595097158996,2790.1479417436753,G,True,21,j,,,COLUMNA
15.702414536311073,1129.9989885360837,G,True,22,i,,,COLUMNA
32.49118749868226,1082.4269293860837,G,True,22,j,,,COLUMNA
21.707219789912678,1476.5717379852856,G,True,23,i,,,COLUMNA
43.19676250731861,1428.9996788352855,G,True,23,j,,,COLUMNA
73.96483982131019,435.1599015228678,G,True,24,i,,,COLUMNA
69.39676689353128,387.5878423728678,G,True,24,j,,,COLUMNA
71.84918720055323,3120.0916344661296,G,True,25,i,,,COLUMNA
70.84554199131568,3072.5195753161297,G,True,25,j,,,COLUMNA
9.497074941674825,3620.4185314547362,G,True,26,i,,,COLUMNA
33.022084588318165,3572.8464723047364,G,True,26,j,,,COLUMNA
13.508444602871808,3662.032107861769,G,True,27,i,,,COLUMNA
26.79921188840533,3614.460048711769,G,True,27,j,,,COLUMNA
78.03388825381079,2667.4945900721186,G,True,28,i,,,COLUMNA
157.15413461064892,2619.9225309221188,G,True,28,j,,,COLUMNA
9.676729967879915,2287.275392177042,G,True,29,i,,,COLUMNA
19.13578275894128,2239.703333027042,G,True,29,j,,,COLUMNA
101.23097734589322,1185.213160866875,G,True,30,i,,,COLUMNA
102.93576399607186,1137.6411017168748,G,True,30,j,,,COLUMNA
59.533444229712394,2259.2557640207374,G,True,31,i,,,COLUMNA
117.83087699405587,2211.6837048707375,G,True,31,j,,,COLUMNA
28.97868039966617,2293.1029154665166,G,True,32,i,,,COLUMNA
101.64305943977187,2245.5308563165167,G,True,32,j,,,COLUMNA
23.461286142886323,1545.0007083032713,G,True,33,i,,,COLUMNA
47.1402511604185,1497.4286491532712,G,True,33,j,,,COLUMNA
21.199213825382326,1163.4242822920821,G,True,34,i,,,COLUMNA
43.48478663637021,1115.852223142082,G,True,34,j,,,COLUMNA
15.452310993106313,1112.4364001114157,G,True,35,i,,,COLUMNA
31.122300196143343,1064.8643409614156,G,True,35,j,,,COLUMNA
137.4761298838985,2412.5000845242566,G,True,36,i,,,COLUMNA
127.4984286788264,2364.928025374257,G,True,36,j,,,COLUMNA
149.92372462076307,2374.5073339994456,G,True,37,i,,,COLUMNA
139.15395897845886,2326.9352748494457,G,True,37,j,,,COLUMNA
1.2472704193244408,466.6688291993336,G,True,38,i,,,COLUMNA
1.1401116186456874,419.09677004933354,G,True,38,j,,,COLUMNA
166.87024542526538,2897.5179992655,G,True,39,i,,,COLUMNA
157.6969357694061,2849.9459401155,G,True,39,j,,,COLUMNA
97.81140876562687,3293.5258775827674,G,True,40,i,,,COLUMNA
94.9891132706813,3245.9538184327675,G,True,40,j,,,COLUMNA
54.279310823979436,3591.2474633749243,G,True,41,i,,,COLUMNA
52.19250789246858,3543.6754042249245,G,True,41,j,,,COLUMNA
88.5726011942983,1883.4358528182602,G,True,42,i,,,COLUMNA
85.4153782533185,1835.86379366826,G,True,42,j,,,COLUMNA
97.8447421188867,1854.1740248001945,G,True,43,i,,,COLUMNA
94.68900383992099,1806.6019656501944,G,True,43,j,,,COLUMNA
1.7402683650254427,332.32305286422036,G,True,44,i,,,COLUMNA
1.3079610270535313,284.75099371422033,G,True,44,j,,,COLUMNA
141.70742390910885,1949.235963714063,G,True,45,i,,,COLUMNA
135.63650853629866,1901.663904564063,G,True,45,j,,,COLUMNA
177.1834998109094,2598.4980814093883,G,True,46,i,,,COLUMNA
129.79588501619796,2550.9260222593884,G,True,46,j,,,COLUMNA
83.91295706397531,2389.4449697556247,G,True,47,i,,,COLUMNA
75.08087157573247,2341.872910605625,G,True,47,j,,,COLUMNA
57.801809107937615,1315.9948971097406,G,True,48,i,,,COLUMNA
74.880778666967,1268.4228379597405,G,True,48,j,,,COLUMNA
61.511691515612284,1308.4139137708216,G,True,49,i,,,COLUMNA
58.80878748715852,1260.8418546208216,G,True,49,j,,,COLUMNA
73.1601186111728,352.6040589781921,G,True,50,i,,,COLUMNA
83.34793527051183,305.03199982819206,G,True,50,j,,,COLUMNA
190.6196126288763,2356.039896986369,G,True,51,i,,,COLUMNA
169.55534637797825,2308.467837836369,G,True,51,j,,,COLUMNA
52.081430661271895,2694.926680847851,G,True,52,i,,,COLUMNA
48.08747698515422,2647.354621697851,G,True,52,j,,,COLUMNA
39.97883700035719,2722.135915744002,G,True,53,i,,,COLUMNA
40.339404591565966,2674.563856594002,G,True,53,j,,,COLUMNA
220.65403365653083,1957.1345328031157,G,True,54,i,,,COLUMNA
203.17729453811333,1909.5624736531156,G,True,54,j,,,COLUMNA
28.516151132580212,2011.9488791583947,G,True,55,i,,,COLUMNA
53.25937083438616,1964.3768200083946,G,True,55,j,,,COLUMNA
104.34123217518088,581.757200450398,G,True,56,i,,,COLUMNA
103.57020365104212,534.1851413003981,G,True,56,j,,,COLUMNA
167.10587410586183,1690.5926546630305,G,True,57,i,,,COLUMNA
157.6117283953167,1643.0205955130305,G,True,57,j,,,COLUMNA
162.437405730651,1715.535017993337,G,True,58,i,,,COLUMNA
150.09566327908507,1667.962958843337,G,True,58,j,,,COLUMNA
100.17159626279536,1770.1999469005418,G,True,59,i,,,COLUMNA
129.0522665693036,1722.6278877505417,G,True,59,j,,,COLUMNA
79.95686251559091,1300.4046986712024,G,True,60,i,,,COLUMNA
117.52102259274642,1252.8326395212023,G,True,60,j,,,COLUMNA
63.128011126543385,1426.141453013728,G,True,61,i,,,COLUMNA
78.99202316145364,1378.569393863728,G,True,61,j,,,COLUMNA
123.02321997897326,1781.1516017198583,G,True,62,i,,,COLUMNA
128.05400018381798,1733.5795425698582,G,True,62,j,,,COLUMNA
135.55622576702706,1767.127368032758,G,True,63,i,,,COLUMNA
142.25654697684575,1719.555308882758,G,True,63,j,,,COLUMNA
4.237798083429292,488.39838625318504,G,True,64,i,,,COLUMNA
7.914353363255236,440.826327103185,G,True,64,j,,,COLUMNA
152.44949664512833,2135.66195994037,G,True,65,i,,,COLUMNA
158.2317588376293,2088.08990079037,G,True,65,j,,,COLUMNA
92.34906850484361,2450.721141053529,G,True,66,i,,,COLUMNA
94.38771092765091,2403.1490819035293,G,True,66,j,,,COLUMNA
52.93919170813332,2667.8164863105385,G,True,67,i,,,COLUMNA
56.24438957751977,2620.2444271605386,G,True,67,j,,,COLUMNA
87.20846892587889,1398.4516974218698,G,True,68,i,,,COLUMNA
92.63049472354935,1350.8796382718697,G,True,68,j,,,COLUMNA
97.33359954556147,1387.8306047904514,G,True,69,i,,,COLUMNA
103.60564463650869,1340.2585456404513,G,True,69,j,,,COLUMNA
2.7075229188038277,150.87690955536323,G,True,70,i,,,COLUMNA
1.2935636794823409,103.30485040536325,G,True,70,j,,,COLUMNA
115.25334721070321,1236.8582702049255,G,True,71,i,,,COLUMNA
107.1645068798904,1189.2862110549254,G,True,71,j,,,COLUMNA
46.31523250785909,1771.9795337938463,G,True,72,i,,,COLUMNA
106.64033219894449,1724.4074746438462,G,True,72,j,,,COLUMNA
95.98112834953615,1785.073184602353,G,True,73,i,,,COLUMNA
103.05522576287936,1737.5011254523529,G,True,73,j,,,COLUMNA
86.57208425210527,923.4824642277501,G,True,74,i,,,COLUMNA
81.66791741406831,875.9104050777502,G,True,74,j,,,COLUMNA
62.66511150902639,1152.1072413341763,G,True,75,i,,,COLUMNA
184.46444281096035,1104.5351821841762,G,True,75,j,,,COLUMNA
57.07842660304013,815.82079331681,G,True,76,i,,,COLUMNA
32.99786770287129,768.24873416681,G,True,76,j,,,COLUMNA
159.3146576774502,1597.3648215354272,G,True,77,i,,,COLUMNA
176.36164063926,1549.792762385427,G,True,77,j,,,COLUMNA
38.590756479837616,1793.527256697461,G,True,78,i,,,COLUMNA
36.189539300037126,1745.955197547461,G,True,78,j,,,COLUMNA
37.14451032275885,1803.0253506355582,G,True,79,i,,,COLUMNA
36.690598363314095,1755.453291485558,G,True,79,j,,,COLUMNA
204.0997008950314,1227.16604817913,G,True,80,i,,,COLUMNA
216.27544039580852,1179.59398902913,G,True,80,j,,,COLUMNA
91.96951686821262,1749.13739935799,G,True,81,i,,,COLUMNA
275.6686520800572,1701.56534020799,G,True,81,j,,,COLUMNA
94.79815778104535,-25.48966918617792,G,True,82,i,,,COLUMNA
117.75427316044292,-73.06172833617791,G,True,82,j,,,COLUMNA
138.95611262432885,1124.1556194563946,G,True,83,i,,,COLUMNA
126.69309280660289,1076.5835603063945,G,True,83,j,,,COLUMNA
130.11352181220172,1134.2069698496139,G,True,84,i,,,COLUMNA
119.37157278593722,1086.6349106996138,G,True,84,j,,,COLUMNA
141.03988476943928,1173.4721510410318,G,True,85,i,,,COLUMNA
121.04528263770032,1125.9000918910317,G,True,85,j,,,COLUMNA
136.85000779335826,812.0483758916849,G,True,86,i,,,COLUMNA
118.47284297102001,764.476316741685,G,True,86,j,,,COLUMNA
98.64780815566476,1236.248610207039,G,True,87,i,,,COLUMNA
197.09693082231834,1188.676551057039,G,True,87,j,,,COLUMNA
126.38227921304775,1150.1420860045314,G,True,88,i,,,COLUMNA
116.57823557084271,1102.5700268545313,G,True,88,j,,,COLUMNA
137.19484746098738,1158.3028687726232,G,True,89,i,,,COLUMNA
122.33128070357489,1110.7308096226232,G,True,89,j,,,COLUMNA
11.099571229886884,688.9083752104735,G,True,90,i,,,COLUMNA
13.70978348521324,641.3363160604736,G,True,90,j,,,COLUMNA
151.18693655725383,1381.5436424066606,G,True,91,i,,,COLUMNA
144.58325798783582,1333.9715832566606,G,True,91,j,,,COLUMNA
92.49880401918172,1610.5812349258583,G,True,92,i,,,COLUMNA
94.79466067352884,1563.0091757758582,G,True,92,j,,,COLUMNA
52.92985120332297,1755.3222643164277,G,True,93,i,,,COLUMNA
49.41166084718441,1707.7502051664276,G,True,93,j,,,COLUMNA
89.17104400763449,910.8331214563913,G,True,94,i,,,COLUMNA
83.39110983982178,863.2610623063913,G,True,94,j,,,COLUMNA
99.40096105026726,919.7175275817227,G,True,95,i,,,COLUMNA
92.02577822161169,872.1454684317227,G,True,95,j,,,COLUMNA
37.85723293274951,357.80005604422126,G,True,96,i,,,COLUMNA
76.42085543570722,310.22799689422123,G,True,96,j,,,COLUMNA
155.1620121237227,636.2093628542402,G,True,97,i,,,COLUMNA
235.71895318826606,588.6373037042403,G,True,97,j,,,COLUMNA
205.86831258460563,1055.1997761009009,G,True,98,i,,,COLUMNA
237.06784161601618,1007.6277169509009,G,True,98,j,,,COLUMNA
215.89504249200803,1054.4781540699105,G,True,99,i,,,COLUMNA
250.8790370963664,1006.9060949199105,G,True,99,j,,,COLUMNA
191.9713700204997,588.9625444747173,G,True,100,i,,,COLUMNA
275.64833368970295,541.3904853247174,G,True,100,j,,,COLUMNA
320.7255609543695,590.1861944570426,G,True,101,i,,,COLUMNA
359.65794355535945,542.6141353070426,G,True,101,j,,,COLUMNA
478.3661307862649,35.64557689531701,G,True,102,i,,,COLUMNA
453.8202120220441,-11.926482254682998,G,True,102,j,,,COLUMNA
45.05445684677565,481.8052464941305,G,True,103,i,,,COLUMNA
57.485907470713826,434.23318734413044,G,True,103,j,,,COLUMNA
196.24399356699672,807.0647623455841,G,True,104,i,,,COLUMNA
223.55961298818204,759.4927031955841,G,True,104,j,,,COLUMNA
51.312683119528344,890.2437409601721,G,True,105,i,,,COLUMNA
71.9727538479776,842.6716818101721,G,True,105,j,,,COLUMNA
59.61483127026109,884.3145968204408,G,True,106,i,,,COLUMNA
82.32090331632214,836.7425376704408,G,True,106,j,,,COLUMNA
318.2064846061576,598.6968114591015,G,True,107,i,,,COLUMNA
383.48154095074887,551.1247523091015,G,True,107,j,,,COLUMNA
512.918863007932,865.1689082204526,G,True,108,i,,,COLUMNA
590.9501890616496,817.5968490704527,G,True,108,j,,,COLUMNA
675.6415675098197,47.32107476162287,G,True,109,i,,,COLUMNA
627.0834781737966,-0.25098438837714454,G,True,109,j,,,COLUMNA
123.70468613823093,586.0252333739295,G,True,110,i,,,COLUMNA
175.448473410308,538.4531742239295,G,True,110,j,,,COLUMNA
182.66252603588268,537.8695143368902,G,True,111,i,,,COLUMNA
251.54042064894963,490.2974551868902,G,True,111,j,,,COLUMNA
173.28296473675658,553.0391220736244,G,True,112,i,,,COLUMNA
238.59506321251195,505.4670629236244,G,True,112,j,,,COLUMNA
167.8723210428042,573.6109137857424,G,True,113,i,,,COLUMNA
235.36603494345837,526.0388546357424,G,True,113,j,,,COLUMNA
185.62860686187707,389.3056972384675,G,True,114,i,,,COLUMNA
222.19288383013642,341.73363808846744,G,True,114,j,,,COLUMNA
357.17575097823067,605.0988687661351,G,True,115,i,,,COLUMNA
408.1136960275044,557.5268096161351,G,True,115,j,,,COLUMNA
511.2788464326719,38.409916715921135,G,True,116,i,,,COLUMNA
481.7451477651954,-9.162142434078874,G,True,116,j,,,COLUMNA
148.32530148757988,523.2098650892219,G,True,117,i,,,COLUMNA
192.31695194075576,475.6378059392219,G,True,117,j,,,COLUMNA
172.05173249181075,576.1804405000248,G,True,118,i,,,COLUMNA
239.07629320277906,528.6083813500248,G,True,118,j,,,COLUMNA
9.440020209847962,47.57205915000001,G,True,119,i,,,COLUMNA
6.217248937900877e-15,-0.0,G,True,119,j,,,COLUMNA
179.88013189332617,631.5104975329622,G,True,120,i,,,COLUMNA
237.7648169584333,583.9384383829622,G,True,120,j,,,COLUMNA
90.56106554316216,779.2921723757721,G,True,121,i,,,COLUMNA
100.01574607048987,731.7201132257721,G,True,121,j,,,COLUMNA
68.73915299713181,849.127871394167,G,True,122,i,,,COLUMNA
89.14429392261871,801.555812244167,G,True,122,j,,,COLUMNA
113.51898265580702,419.77904393892055,G,True,123,i,,,COLUMNA
146.98624931812614,372.2069847889205,G,True,123,j,,,COLUMNA
130.0444622338502,445.25221725260883,G,True,124,i,,,COLUMNA
172.9977876448884,397.6801581026088,G,True,124,j,,,COLUMNA
0.3806146762223174,99.47922261036699,Q,True,1,i,,,COLUMNA
0.761229370258412,99.47922261036699,Q,True,1,j,,,COLUMNA
1.6921385271610547,215.73098464248963,Q,True,2,i,,,COLUMNA
3.384277198143627,215.73098464248963,Q,True,2,j,,,COLUMNA
6.084025544500373,778.6421917539476,Q,True,3,i,,,COLUMNA
12.168051173924502,778.6421917539476,Q,True,3,j,,,COLUMNA
10.791354561229115,116.01692528903222,Q,True,4,i,,,COLUMNA
21.58270918089408,116.01692528903222,Q,True,4,j,,,COLUMNA
31.029794271860013,1015.7661226838816,Q,True,5,i,,,COLUMNA
62.05958891718096,1015.7661226838816,Q,True,5,j,,,COLUMNA
1.786267908445648,1041.7741777564695,Q,True,6,i,,,COLUMNA
3.572535753342933,1041.7741777564695,Q,True,6,j,,,COLUMNA
13.49862675705623,197.87617709570128,Q,True,7,i,,,COLUMNA
26.997253417534342,197.87617709570128,Q,True,7,j,,,COLUMNA
3.768573499305942,238.44835291465546,Q,True,8,i,,,COLUMNA
7.537147145734873,238.44835291465546,Q,True,8,j,,,COLUMNA
5.496998826988261,562.3524986084925,Q,True,9,i,,,COLUMNA
10.993997847095946,562.3524986084925,Q,True,9,j,,,COLUMNA
26.063155643209175,980.3100923058846,Q,True,10,i,,,COLUMNA
52.126311441856835,980.3100923058846,Q,True,10,j,,,COLUMNA
29.331594070259694,998.0270682828872,Q,True,11,i,,,COLUMNA
58.663188292983065,998.0270682828872,Q,True,11,j,,,COLUMNA
0.145696881292586,90.78693205696963,Q,True,12,i,,,COLUMNA
0.29139393942061603,90.78693205696963,Q,True,12,j,,,COLUMNA
26.763181778656566,1202.9332480463243,Q,True,13,i,,,COLUMNA
53.52636373892192,1202.9332480463243,Q,True,13,j,,,COLUMNA
19.47060477551241,1632.4901368092353,Q,True,14,i,,,COLUMNA
38.94120966275372,1632.4901368092353,Q,True,14,j,,,COLUMNA
10.326329127917782,1882.799142245056,Q,True,15,i,,,COLUMNA
20.652658475635267,1882.799142245056,Q,True,15,j,,,COLUMNA
15.756917887672698,765.0527019019167,Q,True,16,i,,,COLUMNA
31.513836011451932,765.0527019019167,Q,True,16,j,,,COLUMNA
17.784094298003204,779.2733213782784,Q,True,17,i,,,COLUMNA
35.56818888426526,779.2733213782784,Q,True,17,j,,,COLUMNA
0.6881831794520474,79.20538162051247,Q,True,18,i,,,COLUMNA
0.6422934970681186,79.20538162051247,Q,True,18,j,,,COLUMNA
16.843716643257316,625.8069823734346,Q,True,19,i,,,COLUMNA
38.35607785815113,625.8069823734346,Q,True,19,j,,,COLUMNA
12.168051173924502,778.6421917539475,Q,True,20,i,,,COLUMNA
42.99595043216839,778.6421917539475,Q,True,20,j,,,COLUMNA
14.894094020902562,661.8142566323896,Q,True,21,i,,,COLUMNA
29.74922402990752,661.8142566323896,Q,True,21,j,,,COLUMNA
4.989988198156831,235.01271489527832,Q,True,22,i,,,COLUMNA
10.387747974519149,235.01271489527832,Q,True,22,j,,,COLUMNA
9.832709749062849,282.7562079635191,Q,True,23,i,,,COLUMNA
19.626455521732836,282.7562079635191,Q,True,23,j,,,COLUMNA
30.71779710863511,76.24865846402254,Q,True,24,i,,,COLUMNA
28.653759146505287,76.24865846402254,Q,True,24,j,,,COLUMNA
38.06466260284854,903.8475807893478,Q,True,25,i,,,COLUMNA
25.980882918805474,903.8475807893478,Q,True,25,j,,,COLUMNA
3.5725357533429327,1041.7741777564695,Q,True,26,i,,,COLUMNA
12.46491076840143,1041.7741777564695,Q,True,26,j,,,COLUMNA
3.9353981424025006,1107.4439585325863,Q,True,27,i,,,COLUMNA
7.831832166051145,1107.4439585325863,Q,True,27,j,,,COLUMNA
29.730859719798275,804.5207818677626,Q,True,28,i,,,COLUMNA
59.869490970124325,804.5207818677626,Q,True,28,j,,,COLUMNA
0.8645144722954528,516.3770795519329,Q,True,29,i,,,COLUMNA
2.1368002199288534,516.3770795519329,Q,True,29,j,,,COLUMNA
40.781483963200266,303.40058240836817,Q,True,30,i,,,COLUMNA
41.106052467026714,303.40058240836817,Q,True,30,j,,,COLUMNA
23.807916662168047,577.568268625796,Q,True,31,i,,,COLUMNA
45.7050909450278,577.568268625796,Q,True,31,j,,,COLUMNA
10.993997847095944,562.3524986084923,Q,True,32,i,,,COLUMNA
38.517956957649844,562.3524986084923,Q,True,32,j,,,COLUMNA
8.877106027412848,358.04100634814415,Q,True,33,i,,,COLUMNA
17.793176753900767,358.04100634814415,Q,True,33,j,,,COLUMNA
6.105642341603087,258.4706333514004,Q,True,34,i,,,COLUMNA
12.619056434453325,258.4706333514004,Q,True,34,j,,,COLUMNA
4.734568151579903,202.43887762342183,Q,True,35,i,,,COLUMNA
9.508100658945185,202.43887762342183,Q,True,35,j,,,COLUMNA
73.27872970750241,758.7158029150739,Q,True,36,i,,,COLUMNA
68.406956667716,758.7158029150739,Q,True,36,j,,,COLUMNA
82.5273465720464,777.4451294536464,Q,True,37,i,,,COLUMNA
77.09887518595264,777.4451294536464,Q,True,37,j,,,COLUMNA
0.3692261758113981,89.83227794473368,Q,True,38,i,,,COLUMNA
0.27352794680877635,89.83227794473368,Q,True,38,j,,,COLUMNA
77.20253972054466,925.0351125093644,Q,True,39,i,,,COLUMNA
73.70776269484335,925.0351125093644,Q,True,39,j,,,COLUMNA
57.37739316844882,1249.9576595537662,Q,True,40,i,,,COLUMNA
55.935200731009076,1249.9576595537662,Q,True,40,j,,,COLUMNA
29.74065702503467,1440.3739521728332,Q,True,41,i,,,COLUMNA
28.463361722133932,1440.3739521728332,Q,True,41,j,,,COLUMNA
45.69314526550341,593.1592253782595,Q,True,42,i,,,COLUMNA
44.0765719594766,593.1592253782595,Q,True,42,j,,,COLUMNA
51.74158679515331,606.1913081979591,Q,True,43,i,,,COLUMNA
50.09192562558204,606.1913081979591,Q,True,43,j,,,COLUMNA
0.8938686101600688,56.538499741471234,Q,True,44,i,,,COLUMNA
0.5608501276044149,56.538499741471234,Q,True,44,j,,,COLUMNA
58.61355509413657,417.7076075706188,Q,True,45,i,,,COLUMNA
57.98915451490515,417.7076075706188,Q,True,45,j,,,COLUMNA
54.44197323068285,574.3441731446435,Q,True,46,i,,,COLUMNA
34.429613538087814,574.3441731446435,Q,True,46,j,,,COLUMNA
35.60015280126009,526.6903558159609,Q,True,47,i,,,COLUMNA
32.894706222854424,526.6903558159609,Q,True,47,j,,,COLUMNA
23.013811141322357,258.2725666123187,Q,True,48,i,,,COLUMNA
33.08553663368903,258.2725666123187,Q,True,48,j,,,COLUMNA
25.390105767717515,235.4685422778906,Q,True,49,i,,,COLUMNA
21.45075987521861,235.4685422778906,Q,True,49,j,,,COLUMNA
29.642253226317592,63.67462239439426,Q,True,50,i,,,COLUMNA
33.32526862707296,63.67462239439426,Q,True,50,j,,,COLUMNA
63.54174191886469,635.8091335080242,Q,True,51,i,,,COLUMNA
56.544730473562254,635.8091335080242,Q,True,51,j,,,COLUMNA
20.63581263934585,714.5687770274872,Q,True,52,i,,,COLUMNA
20.00508936083448,714.5687770274872,Q,True,52,j,,,COLUMNA
12.349322069795669,763.8897856282915,Q,True,53,i,,,COLUMNA
13.06112768558868,763.8897856282915,Q,True,53,j,,,COLUMNA
87.30573022009914,540.304172944897,Q,True,54,i,,,COLUMNA
83.97285495729692,540.304172944897,Q,True,54,j,,,COLUMNA
10.95247449732202,431.8877058530411,Q,True,55,i,,,COLUMNA
17.8653797697577,431.8877058530411,Q,True,55,j,,,COLUMNA
41.35424539467305,123.02999599580508,Q,True,56,i,,,COLUMNA
45.143253280826855,123.02999599580508,Q,True,56,j,,,COLUMNA
63.50024617107837,420.9620160507127,Q,True,57,i,,,COLUMNA
59.307477161810695,420.9620160507127,Q,True,57,j,,,COLUMNA
61.559242779718005,406.3040789334982,Q,True,58,i,,,COLUMNA
56.98581970433089,406.3040789334982,Q,True,58,j,,,COLUMNA
37.8185636572118,418.3910738181562,Q,True,59,i,,,COLUMNA
48.8371300872775,418.3910738181562,Q,True,59,j,,,COLUMNA
30.075388433462315,302.0256741326476,Q,True,60,i,,,COLUMNA
44.44413022888568,302.0256741326476,Q,True,60,j,,,COLUMNA
18.94623567169824,273.2156160456763,Q,True,61,i,,,COLUMNA
23.520088538165062,273.2156160456763,Q,True,61,j,,,COLUMNA
64.57067052350257,536.3924700590137,Q,True,62,i,,,COLUMNA
65.51540650472701,536.3924700590137,Q,True,62,j,,,COLUMNA
73.31669039605357,552.4395609955973,Q,True,63,i,,,COLUMNA
74.87222647472053,552.4395609955973,Q,True,63,j,,,COLUMNA
1.2568047330904308,109.27446688945335,Q,True,64,i,,,COLUMNA
2.448792181321798,109.27446688945335,Q,True,64,j,,,COLUMNA
70.93253553758944,647.7441466137318,Q,True,65,i,,,COLUMNA
72.28256852580303,647.7441466137318,Q,True,65,j,,,COLUMNA
55.051512711686215,874.1308669306304,Q,True,66,i,,,COLUMNA
56.24050026827044,874.1308669306304,Q,True,66,j,,,COLUMNA
28.03286121016838,1007.4682328602883,Q,True,67,i,,,COLUMNA
28.97040643856203,1007.4682328602883,Q,True,67,j,,,COLUMNA
44.036180256137904,418.1130328446874,Q,True,68,i,,,COLUMNA
45.70311268754926,418.1130328446874,Q,True,68,j,,,COLUMNA
50.404131520658744,430.18794635294574,Q,True,69,i,,,COLUMNA
52.45674901161645,430.18794635294574,Q,True,69,j,,,COLUMNA
0.8053949031086616,11.339915687586592,Q,True,70,i,,,COLUMNA
0.3704642462427523,11.339915687586592,Q,True,70,j,,,COLUMNA
47.758417701321825,204.63608991492586,Q,True,71,i,,,COLUMNA
39.377658396588316,204.63608991492586,Q,True,71,j,,,COLUMNA
6.8729825956598285,295.6487409689696,Q,True,72,i,,,COLUMNA
9.28708008006703,295.6487409689696,Q,True,72,j,,,COLUMNA
40.52666068491515,322.24156348582363,Q,True,73,i,,,COLUMNA
26.49182077496004,322.24156348582363,Q,True,73,j,,,COLUMNA
35.79580593107586,145.39217048166483,Q,True,74,i,,,COLUMNA
29.47206910059871,145.39217048166483,Q,True,74,j,,,COLUMNA
18.60038023111489,200.6501708363266,Q,True,75,i,,,COLUMNA
34.48404321033503,200.6501708363266,Q,True,75,j,,,COLUMNA
21.379778138095414,212.0359096915586,Q,True,76,i,,,COLUMNA
23.31696239435763,212.0359096915586,Q,True,76,j,,,COLUMNA
44.456121816667505,369.9689512257497,Q,True,77,i,,,COLUMNA
40.590101415879644,369.9689512257497,Q,True,77,j,,,COLUMNA
16.18190671168661,398.59335963435285,Q,True,78,i,,,COLUMNA
14.027166544354625,398.59335963435285,Q,True,78,j,,,COLUMNA
13.556985754185689,429.8655494590931,Q,True,79,i,,,COLUMNA
14.378757505543538,429.8655494590931,Q,True,79,j,,,COLUMNA
78.57209502870145,282.9729772274901,Q,True,80,i,,,COLUMNA
75.2786333728861,282.9729772274901,Q,True,80,j,,,COLUMNA
13.290675109611485,358.46233850224877,Q,True,81,i,,,COLUMNA
52.58521221984729,358.46233850224877,Q,True,81,j,,,COLUMNA
38.379008823768565,-58.222406790979136,Q,True,82,i,,,COLUMNA
38.53097990045857,-58.222406790979136,Q,True,82,j,,,COLUMNA
54.30596820330304,264.90537711513304,Q,True,83,i,,,COLUMNA
52.45950902999998,264.90537711513304,Q,True,83,j,,,COLUMNA
48.856738700692596,248.75361984119968,Q,True,84,i,,,COLUMNA
44.26336145522366,248.75361984119968,Q,True,84,j,,,COLUMNA
53.16347408238647,257.27188319390643,Q,True,85,i,,,COLUMNA
45.43353234162791,257.27188319390643,Q,True,85,j,,,COLUMNA
51.633472769324236,174.9269402040816,Q,True,86,i,,,COLUMNA
43.416354114255526,174.9269402040816,Q,True,86,j,,,COLUMNA
31.21456726595614,233.74729828034427,Q,True,87,i,,,COLUMNA
36.44035079003213,233.74729828034427,Q,True,87,j,,,COLUMNA
70.25323196713067,313.8025635525543,Q,True,88,i,,,COLUMNA
73.00860468068065,313.8025635525543,Q,True,88,j,,,COLUMNA
78.94206306332336,326.60413410711163,Q,True,89,i,,,COLUMNA
80.41864564137029,326.60413410711163,Q,True,89,j,,,COLUMNA
2.7330877559209252,176.74817013646418,Q,True,90,i,,,COLUMNA
2.8631150515044332,176.74817013646418,Q,True,90,j,,,COLUMNA
75.15086863229,372.20938716390594,Q,True,91,i,,,COLUMNA
77.89471283448053,372.20938716390594,Q,True,91,j,,,COLUMNA
57.38099864060455,500.68492520683435,Q,True,92,i,,,COLUMNA
58.558086526818,500.68492520683435,Q,True,92,j,,,COLUMNA
29.553026618159386,579.7798082344917,Q,True,93,i,,,COLUMNA
30.23581953483731,579.7798082344917,Q,True,93,j,,,COLUMNA
47.104229158414256,241.59474126285394,Q,True,94,i,,,COLUMNA
47.87613001175836,241.59474126285394,Q,True,94,j,,,COLUMNA
53.848532647702214,253.00380832350163,Q,True,95,i,,,COLUMNA
54.22541675563563,253.00380832350163,Q,True,95,j,,,COLUMNA
6.496070565352846,62.048007660068336,Q,True,96,i,,,COLUMNA
14.70550425818547,62.048007660068336,Q,True,96,j,,,COLUMNA
26.683583512343585,72.6874386318886,Q,True,97,i,,,COLUMNA
34.55181669839248,72.6874386318886,Q,True,97,j,,,COLUMNA
28.624277258336004,130.08498734831542,Q,True,98,i,,,COLUMNA
39.32611593456011,130.08498734831542,Q,True,98,j,,,COLUMNA
29.398011236537307,153.32945412282604,Q,True,99,i,,,COLUMNA
36.54915976990972,153.32945412282604,Q,True,99,j,,,COLUMNA
34.70060595221279,69.09411611948738,Q,True,100,i,,,COLUMNA
41.65900227313221,69.09411611948738,Q,True,100,j,,,COLUMNA
60.61860330562908,91.8470383582223,Q,True,101,i,,,COLUMNA
66.98021746850185,91.8470383582223,Q,True,101,j,,,COLUMNA
84.93695958683304,-1.9153845496551378,Q,True,102,i,,,COLUMNA
82.9876142764872,-1.9153845496551378,Q,True,102,j,,,COLUMNA
19.030505879922803,81.66924623811153,Q,True,103,i,,,COLUMNA
14.210743521645696,81.66924623811153,Q,True,103,j,,,COLUMNA
29.52758622702251,139.40928682246042,Q,True,104,i,,,COLUMNA
29.166752599883925,139.40928682246042,Q,True,104,j,,,COLUMNA
17.43826058383069,148.67287410545993,Q,True,105,i,,,COLUMNA
24.402391630848843,148.67287410545993,Q,True,105,j,,,COLUMNA
17.29295747831248,172.8456929200531,Q,True,106,i,,,COLUMNA
20.780903317237634,172.8456929200531,Q,True,106,j,,,COLUMNA
81.84268772951914,110.38081046191847,Q,True,107,i,,,COLUMNA
87.99920381118156,110.38081046191847,Q,True,107,j,,,COLUMNA
97.0722110235515,155.22998049222173,Q,True,108,i,,,COLUMNA
105.9656729968198,155.22998049222173,Q,True,108,j,,,COLUMNA
121.38316555068424,-8.842631265975617,Q,True,109,i,,,COLUMNA
120.82780049999222,-8.842631265975617,Q,True,109,j,,,COLUMNA
38.23724131381216,106.20892375807792,Q,True,110,i,,,COLUMNA
36.38767647319352,106.20892375807792,Q,True,110,j,,,COLUMNA
59.33486118859413,107.30976304008676,Q,True,111,i,,,COLUMNA
66.6555966174624,107.30976304008676,Q,True,111,j,,,COLUMNA
51.221641335859616,104.57516177245988,Q,True,112,i,,,COLUMNA
61.375001768168545,104.57516177245988,Q,True,112,j,,,COLUMNA
49.41148077212297,108.17695320316253,Q,True,113,i,,,COLUMNA
59.72385342680906,108.17695320316253,Q,True,113,j,,,COLUMNA
45.81421770226876,70.69352039249074,Q,True,114,i,,,COLUMNA
55.03646162477237,70.69352039249074,Q,True,114,j,,,COLUMNA
65.63609404176391,104.06954920238071,Q,True,115,i,,,COLUMNA
72.73251470852536,104.06954920238071,Q,True,115,j,,,COLUMNA
90.31569543153238,-2.7728516941888484,Q,True,116,i,,,COLUMNA
88.33969124411378,-2.7728516941888484,Q,True,116,j,,,COLUMNA
63.023229900353556,90.42462431872987,Q,True,117,i,,,COLUMNA
51.02175859082723,90.42462431872987,Q,True,117,j,,,COLUMNA
75.18640139899587,108.87525606826166,Q,True,118,i,,,COLUMNA
69.21685144365185,108.87525606826166,Q,True,118,j,,,COLUMNA
2.259533263245564,0.0,Q,True,119,i,,,COLUMNA
4.440892098500626e-16,-0.0,Q,True,119,j,,,COLUMNA
68.222856288303,98.56722606553643,Q,True,120,i,,,COLUMNA
58.90060640157144,98.56722606553643,Q,True,120,j,,,COLUMNA
51.27325027404488,128.38321803874555,Q,True,121,i,,,COLUMNA
45.904776990641345,128.38321803874555,Q,True,121,j,,,COLUMNA
29.67825407685843,151.8546821464239,Q,True,122,i,,,COLUMNA
27.698618925887622,151.8546821464239,Q,True,122,j,,,COLUMNA
47.42153158336671,64.77781486332458,Q,True,123,i,,,COLUMNA
45.45575619026141,64.77781486332458,Q,True,123,j,,,COLUMNA
56.07772089486207,73.81044785230694,Q,True,124,i,,,COLUMNA
56.81386418900682,73.81044785230694,Q,True,124,j,,,COLUMNA
10.199732284198474,-2.9948430339418026,EX,True,1,i,,,COLUMNA
20.39947550550208,-2.9948430339418026,EX,True,1,j,,,COLUMNA
3.7048519566984797,2.7147926707643597,EX,True,2,i,,,COLUMNA
7.40971462709617,2.7147926707643597,EX,True,2,j,,,COLUMNA
21.166079041556443,3.124275235851471,EX,True,3,i,,,COLUMNA
42.33216884789146,3.124275235851471,EX,True,3,j,,,COLUMNA
11.598647476027265,30.72340646272364,EX,True,4,i,,,COLUMNA
23.197305241343017,30.72340646272364,EX,True,4,j,,,COLUMNA
15.420086608010623,7.363439939852682,EX,True,5,i,,,COLUMNA
30.84018339166734,7.363439939852682,EX,True,5,j,,,COLUMNA
20.937519508791176,-1.8107357184965904,EX,True,6,i,,,COLUMNA
41.875049253062556,-1.8107357184965904,EX,True,6,j,,,COLUMNA
7.146199950765321,10.944107187357446,EX,True,7,i,,,COLUMNA
14.29240940046078,10.944107187357446,EX,True,7,j,,,COLUMNA
4.600752033153114,3.252120135184811,EX,True,8,i,,,COLUMNA
9.201513605479224,3.252120135184811,EX,True,8,j,,,COLUMNA
21.26220982568994,-4.44711666097307,EX,True,9,i,,,COLUMNA
42.52442924786855,-4.44711666097307,EX,True,9,j,,,COLUMNA
12.243675118395723,-1.058152562573303,EX,True,10,i,,,COLUMNA
24.487365956908256,-1.058152562573303,EX,True,10,j,,,COLUMNA
12.400912397930076,6.554141393924472,EX,True,11,i,,,COLUMNA
24.80184051576567,6.554141393924472,EX,True,11,j,,,COLUMNA
12.88064038654105,-3.1716453457542055,EX,True,12,i,,,COLUMNA
25.761296715840587,-3.1716453457542055,EX,True,12,j,,,COLUMNA
13.049678586040695,-53.66108678665127,EX,True,13,i,,,COLUMNA
26.099371419168907,-53.66108678665127,EX,True,13,j,,,COLUMNA
11.219260636767723,22.735831866839337,EX,True,14,i,,,COLUMNA
22.438535514869145,22.735831866839337,EX,True,14,j,,,COLUMNA
12.02343936535932,0.4438334945644216,EX,True,15,i,,,COLUMNA
24.046892977164454,0.4438334945644216,EX,True,15,j,,,COLUMNA
12.249482471984775,-0.8038804388319374,EX,True,16,i,,,COLUMNA
24.49897799495964,-0.8038804388319374,EX,True,16,j,,,COLUMNA
11.971058959160487,-1.0894275003291687,EX,True,17,i,,,COLUMNA
23.942130966150714,-1.0894275003291687,EX,True,17,j,,,COLUMNA
51.96356176955599,-4.847162595744525,EX,True,18,i,,,COLUMNA
19.281928992951634,-4.847162595744525,EX,True,18,j,,,COLUMNA
73.85674022733973,-1.8526024153017502,EX,True,19,i,,,COLUMNA
43.58364458077929,-1.8526024153017502,EX,True,19,j,,,COLUMNA
42.332168847891474,3.1242752358514707,EX,True,20,i,,,COLUMNA
32.91818318224266,3.1242752358514707,EX,True,20,j,,,COLUMNA
81.7154592176414,0.6914325824702154,EX,True,21,i,,,COLUMNA
48.18649020635131,0.6914325824702154,EX,True,21,j,,,COLUMNA
63.88178533429513,-48.26178606527802,EX,True,22,i,,,COLUMNA
12.51914482999415,-48.26178606527802,EX,True,22,j,,,COLUMNA
82.62565368934436,109.04826869350971,EX,True,23,i,,,COLUMNA
50.00687916422571,109.04826869350971,EX,True,23,j,,,COLUMNA
50.41928281625111,90.04605832418862,EX,True,24,i,,,COLUMNA
20.39011631671973,90.04605832418862,EX,True,24,j,,,COLUMNA
52.87081933548362,3.24021542793329,EX,True,25,i,,,COLUMNA
36.75750653421893,3.24021542793329,EX,True,25,j,,,COLUMNA
41.875049253062556,-1.81073571849659,EX,True,26,i,,,COLUMNA
31.318265192522386,-1.81073571849659,EX,True,26,j,,,COLUMNA
80.0085867808737,-4.233336136485125,EX,True,27,i,,,COLUMNA
44.77274696091236,-4.233336136485125,EX,True,27,j,,,COLUMNA
86.44771079907386,-69.5760053527338,EX,True,28,i,,,COLUMNA
57.65099505418213,-69.5760053527338,EX,True,28,j,,,COLUMNA
78.50342370237861,104.97481125516276,EX,True,29,i,,,COLUMNA
41.76242079311241,104.97481125516276,EX,True,29,j,,,COLUMNA
66.94129780140086,8.886484145521617,EX,True,30,i,,,COLUMNA
40.07680319440033,8.886484145521617,EX,True,30,j,,,COLUMNA
71.67163861763949,0.9965195507127788,EX,True,31,i,,,COLUMNA
41.901141123904274,0.9965195507127788,EX,True,31,j,,,COLUMNA
42.52442924786854,-4.447116660973071,EX,True,32,i,,,COLUMNA
33.59109591132241,-4.447116660973071,EX,True,32,j,,,COLUMNA
81.11352047133074,-546.584001459506,EX,True,33,i,,,COLUMNA
46.9826185899415,-546.584001459506,EX,True,33,j,,,COLUMNA
62.00315974635737,-36.926147821629584,EX,True,34,i,,,COLUMNA
8.76189709680726,-36.926147821629584,EX,True,34,j,,,COLUMNA
79.81999219798327,606.4525949598132,EX,True,35,i,,,COLUMNA
44.3955619540713,606.4525949598132,EX,True,35,j,,,COLUMNA
58.39836784449801,-0.03782281561066997,EX,True,36,i,,,COLUMNA
38.28338775022278,-0.03782281561066997,EX,True,36,j,,,COLUMNA
56.9832786575588,4.973354957490232,EX,True,37,i,,,COLUMNA
35.92492121029786,4.973354957490232,EX,True,37,j,,,COLUMNA
36.43034857606014,-3.3223296960175217,EX,True,38,i,,,COLUMNA
3.741754404693019,-3.3223296960175217,EX,True,38,j,,,COLUMNA
50.51305998385168,-47.64529697881209,EX,True,39,i,,,COLUMNA
24.93077689778968,-47.64529697881209,EX,True,39,j,,,COLUMNA
62.26453811164518,20.416239295916014,EX,True,40,i,,,COLUMNA
42.94247930975687,20.416239295916014,EX,True,40,j,,,COLUMNA
58.587238021527696,-0.14926388668595478,EX,True,41,i,,,COLUMNA
38.00041532284801,-0.14926388668595478,EX,True,41,j,,,COLUMNA
58.28356335163082,0.14992248096753927,EX,True,42,i,,,COLUMNA
38.07119081505524,0.14992248096753927,EX,True,42,j,,,COLUMNA
58.75739819440234,-1.7201779225248484,EX,True,43,i,,,COLUMNA
38.183589955487776,-1.7201779225248484,EX,True,43,j,,,COLUMNA
39.977601410125246,0.6743325340893901,EX,True,44,i,,,COLUMNA
47.95645130695365,0.6743325340893901,EX,True,44,j,,,COLUMNA
61.10137976927707,-1.1081708731804079,EX,True,45,i,,,COLUMNA
63.49375527505464,-1.1081708731804079,EX,True,45,j,,,COLUMNA
68.43985376858612,-0.1951428538399508,EX,True,46,i,,,COLUMNA
67.97705474976595,-0.1951428538399508,EX,True,46,j,,,COLUMNA
61.60052515456041,3.644311972124211,EX,True,47,i,,,COLUMNA
63.1450790310809,3.644311972124211,EX,True,47,j,,,COLUMNA
34.27697537144592,-43.75316746121637,EX,True,48,i,,,COLUMNA
61.998995141277035,-43.75316746121637,EX,True,48,j,,,COLUMNA
60.31619208502819,61.22395052241938,EX,True,49,i,,,COLUMNA
57.84582944009044,61.22395052241938,EX,True,49,j,,,COLUMNA
41.74182840054106,-19.842909493634675,EX,True,50,i,,,COLUMNA
47.724248167813,-19.842909493634675,EX,True,50,j,,,COLUMNA
66.04694889306428,1.3639908535349023,EX,True,51,i,,,COLUMNA
66.05124523959775,1.3639908535349023,EX,True,51,j,,,COLUMNA
65.550455149998,-0.4760303665520405,EX,True,52,i,,,COLUMNA
64.94097037434432,-0.4760303665520405,EX,True,52,j,,,COLUMNA
58.711356607719495,-3.003010749666091,EX,True,53,i,,,COLUMNA
62.487352211230025,-3.003010749666091,EX,True,53,j,,,COLUMNA
75.77482732291571,-42.92198515740197,EX,True,54,i,,,COLUMNA
77.29692148981735,-42.92198515740197,EX,True,54,j,,,COLUMNA
53.294955936829695,67.58402027612023,EX,True,55,i,,,COLUMNA
56.17004012005376,67.58402027612023,EX,True,55,j,,,COLUMNA
59.28781412767455,10.308697858160837,EX,True,56,i,,,COLUMNA
59.96485649039707,10.308697858160837,EX,True,56,j,,,COLUMNA
60.750125241591476,0.4261684698663072,EX,True,57,i,,,COLUMNA
63.97114370608695,0.4261684698663072,EX,True,57,j,,,COLUMNA
69.01911339756828,-3.203809771594516,EX,True,58,i,,,COLUMNA
67.98200111036539,-3.203809771594516,EX,True,58,j,,,COLUMNA
60.542186090253765,10.231381785285759,EX,True,59,i,,,COLUMNA
62.83419523098064,10.231381785285759,EX,True,59,j,,,COLUMNA
27.296707208748018,-30.276463365783677,EX,True,60,i,,,COLUMNA
53.674320355473526,-30.276463365783677,EX,True,60,j,,,COLUMNA
52.30387349073038,44.2372081861769,EX,True,61,i,,,COLUMNA
50.23815503575241,44.2372081861769,EX,True,61,j,,,COLUMNA
63.56737172292402,-0.34160155103928885,EX,True,62,i,,,COLUMNA
63.56787823271168,-0.34160155103928885,EX,True,62,j,,,COLUMNA
61.59490344945716,3.8272237340495723,EX,True,63,i,,,COLUMNA
62.924785583012785,3.8272237340495723,EX,True,63,j,,,COLUMNA
8.258503550645512,-3.637121143803841,EX,True,64,i,,,COLUMNA
18.00160757347329,-3.637121143803841,EX,True,64,j,,,COLUMNA
46.32096115197838,-30.056063604932195,EX,True,65,i,,,COLUMNA
47.894971964989885,-30.056063604932195,EX,True,65,j,,,COLUMNA
69.65406712505614,12.227008641463085,EX,True,66,i,,,COLUMNA
70.28925722669652,12.227008641463085,EX,True,66,j,,,COLUMNA
62.91491086837378,0.39693483622898945,EX,True,67,i,,,COLUMNA
63.01777258974981,0.39693483622898945,EX,True,67,j,,,COLUMNA
63.432081980460055,-0.202851764207017,EX,True,68,i,,,COLUMNA
63.60689000954084,-0.202851764207017,EX,True,68,j,,,COLUMNA
63.28222950726126,-1.268605207224772,EX,True,69,i,,,COLUMNA
63.55622162302023,-1.268605207224772,EX,True,69,j,,,COLUMNA
23.36974335217257,2.7465750055236957,EX,True,70,i,,,COLUMNA
33.34586812639277,2.7465750055236957,EX,True,70,j,,,COLUMNA
32.36975940355797,0.852056259466313,EX,True,71,i,,,COLUMNA
41.39507059214435,0.852056259466313,EX,True,71,j,,,COLUMNA
33.29910614523267,-3.3626263524759206,EX,True,72,i,,,COLUMNA
41.62563908431778,-3.3626263524759206,EX,True,72,j,,,COLUMNA
31.669105138938768,2.419029010599396,EX,True,73,i,,,COLUMNA
41.190259942541395,2.419029010599396,EX,True,73,j,,,COLUMNA
49.835138508661025,-21.92657165514312,EX,True,74,i,,,COLUMNA
52.49094480657094,-21.92657165514312,EX,True,74,j,,,COLUMNA
24.235423398122762,30.763509085153803,EX,True,75,i,,,COLUMNA
35.63706257656668,30.763509085153803,EX,True,75,j,,,COLUMNA
11.272518655206353,5.294551559075694,EX,True,76,i,,,COLUMNA
11.380053949570398,5.294551559075694,EX,True,76,j,,,COLUMNA
33.94038407752958,0.5963502408657594,EX,True,77,i,,,COLUMNA
44.366911174688205,0.5963502408657594,EX,True,77,j,,,COLUMNA
31.232364076406565,0.3916014649912704,EX,True,78,i,,,COLUMNA
40.674927141428356,0.3916014649912704,EX,True,78,j,,,COLUMNA
32.56220935110484,-2.3675990843119967,EX,True,79,i,,,COLUMNA
41.40275552447849,-2.3675990843119967,EX,True,79,j,,,COLUMNA
43.01746438979795,-20.692163445340906,EX,True,80,i,,,COLUMNA
49.75759774273121,-20.692163445340906,EX,True,80,j,,,COLUMNA
25.922860583907884,35.18468233605161,EX,True,81,i,,,COLUMNA
35.342281512408015,35.18468233605161,EX,True,81,j,,,COLUMNA
36.03810779392258,11.50926636360755,EX,True,82,i,,,COLUMNA
53.97600391296301,11.50926636360755,EX,True,82,j,,,COLUMNA
32.4330033740027,0.10690795182679852,EX,True,83,i,,,COLUMNA
40.21553172848229,0.10690795182679852,EX,True,83,j,,,COLUMNA
33.836900725721115,-1.8656312949590446,EX,True,84,i,,,COLUMNA
43.27059973985271,-1.8656312949590446,EX,True,84,j,,,COLUMNA
31.897029294381547,6.1352230233574385,EX,True,85,i,,,COLUMNA
41.209541674443436,6.1352230233574385,EX,True,85,j,,,COLUMNA
40.70849984635174,-13.076302725954564,EX,True,86,i,,,COLUMNA
43.90675349915252,-13.076302725954564,EX,True,86,j,,,COLUMNA
17.37419885459014,20.193374518131648,EX,True,87,i,,,COLUMNA
29.11764858388177,20.193374518131648,EX,True,87,j,,,COLUMNA
32.735203723034694,0.4110128273831805,EX,True,88,i,,,COLUMNA
44.44370458734034,0.4110128273831805,EX,True,88,j,,,COLUMNA
31.47881406919813,2.602980630132669,EX,True,89,i,,,COLUMNA
41.244642302724834,2.602980630132669,EX,True,89,j,,,COLUMNA
9.025571583834179,-6.542039690797942,EX,True,90,i,,,COLUMNA
52.23525064186133,-6.542039690797942,EX,True,90,j,,,COLUMNA
20.21869534914789,-13.416638947477527,EX,True,91,i,,,COLUMNA
33.51008964025154,-13.416638947477527,EX,True,91,j,,,COLUMNA
38.44374402968538,5.080428877090076,EX,True,92,i,,,COLUMNA
48.50472243309475,5.080428877090076,EX,True,92,j,,,COLUMNA
33.83335197241577,-0.05102546739147279,EX,True,93,i,,,COLUMNA
47.08775134733831,-0.05102546739147279,EX,True,93,j,,,COLUMNA
32.69056607444011,0.638933658614438,EX,True,94,i,,,COLUMNA
44.14111566812664,0.638933658614438,EX,True,94,j,,,COLUMNA
33.36519563010099,-1.8955632871112977,EX,True,95,i,,,COLUMNA
45.44185908109118,-1.8955632871112977,EX,True,95,j,,,COLUMNA
16.010235696914815,-5.866559212892657,EX,True,96,i,,,COLUMNA
21.346219850647454,-5.866559212892657,EX,True,96,j,,,COLUMNA
28.715493423871983,0.7061709931838417,EX,True,97,i,,,COLUMNA
39.658346487310965,0.7061709931838417,EX,True,97,j,,,COLUMNA
27.439985221123532,-1.7030347846997862,EX,True,98,i,,,COLUMNA
37.57553983813719,-1.7030347846997862,EX,True,98,j,,,COLUMNA
28.228503094802583,1.2088017153100494,EX,True,99,i,,,COLUMNA
38.39333286237379,1.2088017153100494,EX,True,99,j,,,COLUMNA
32.68133899169491,-7.671077048280071,EX,True,100,i,,,COLUMNA
42.86366824557825,-7.671077048280071,EX,True,100,j,,,COLUMNA
19.66667756244406,11.37120197924926,EX,True,101,i,,,COLUMNA
24.94239476927202,11.37120197924926,EX,True,101,j,,,COLUMNA
4.432862495684639,-1.0253249663806956,EX,True,102,i,,,COLUMNA
2.847763529735388,-1.0253249663806956,EX,True,102,j,,,COLUMNA
13.558215835601986,-31.252421581622357,EX,True,103,i,,,COLUMNA
48.279830299842445,-31.252421581622357,EX,True,103,j,,,COLUMNA
29.1707747103247,-1.5391983999303527,EX,True,104,i,,,COLUMNA
36.19909880194329,-1.5391983999303527,EX,True,104,j,,,COLUMNA
27.949535882781607,0.45706418893214307,EX,True,105,i,,,COLUMNA
38.432569224215825,0.45706418893214307,EX,True,105,j,,,COLUMNA
27.964480917443886,-1.2437938740211398,EX,True,106,i,,,COLUMNA
38.3366477930299,-1.2437938740211398,EX,True,106,j,,,COLUMNA
33.287580551000985,-7.140821442853642,EX,True,107,i,,,COLUMNA
42.72841766499166,-7.140821442853642,EX,True,107,j,,,COLUMNA
17.422467954609523,13.927310140018376,EX,True,108,i,,,COLUMNA
22.73422109411449,13.927310140018376,EX,True,108,j,,,COLUMNA
2.27555176389956,-0.9661563615169644,EX,True,109,i,,,COLUMNA
1.1920620109389284,-0.9661563615169644,EX,True,109,j,,,COLUMNA
39.73270509347374,-0.3995487437681557,EX,True,110,i,,,COLUMNA
40.206482847052385,-0.3995487437681557,EX,True,110,j,,,COLUMNA
26.73553956695941,0.8756840683081644,EX,True,111,i,,,COLUMNA
38.12799175021923,0.8756840683081644,EX,True,111,j,,,COLUMNA
30.69745539529364,-0.945356597897713,EX,True,112,i,,,COLUMNA
41.345584747717965,-0.945356597897713,EX,True,112,j,,,COLUMNA
28.31073248941633,2.845829535794256,EX,True,113,i,,,COLUMNA
38.75438362584268,2.845829535794256,EX,True,113,j,,,COLUMNA
22.807088653796963,-3.937678943296241,EX,True,114,i,,,COLUMNA
31.16414278977176,-3.937678943296241,EX,True,114,j,,,COLUMNA
12.542177117669208,7.063442425913659,EX,True,115,i,,,COLUMNA
16.878228592413183,7.063442425913659,EX,True,115,j,,,COLUMNA
3.751985870039752,-0.8528842815414458,EX,True,116,i,,,COLUMNA
2.4118243675012927,-0.8528842815414458,EX,True,116,j,,,COLUMNA
18.494852438298263,0.892082518428625,EX,True,117,i,,,COLUMNA
29.80805823275444,0.892082518428625,EX,True,117,j,,,COLUMNA
15.335064034888266,-0.2319196824843327,EX,True,118,i,,,COLUMNA
28.630216340017217,-0.2319196824843327,EX,True,118,j,,,COLUMNA
32.26275710755792,0.0,EX,True,119,i,,,COLUMNA
3.907985046680551e-14,-0.0,EX,True,119,j,,,COLUMNA
8.808971425206824,-3.4824902482210733,EX,True,120,i,,,COLUMNA
19.787010511837387,-3.4824902482210733,EX,True,120,j,,,COLUMNA
20.431829712787543,0.9627599863153802,EX,True,121,i,,,COLUMNA
31.268510190768787,0.9627599863153802,EX,True,121,j,,,COLUMNA
19.481827487615774,1.5177221881698195,EX,True,122,i,,,COLUMNA
27.592055848981573,1.5177221881698195,EX,True,122,j,,,COLUMNA
18.159147253196842,0.8871055871714291,EX,True,123,i,,,COLUMNA
29.697174982544063,0.8871055871714291,EX,True,123,j,,,COLUMNA
20.137621216249315,-1.1796135757962818,EX,True,124,i,,,COLUMNA
31.727265641801427,-1.1796135757962818,EX,True,124,j,,,COLUMNA
6.278883573874121,-1.959988555863103,EY,True,1,i,,,COLUMNA
12.557822861891218,-1.959988555863103,EY,True,1,j,,,COLUMNA
2.176388266662821,-9.821002315239907,EY,True,2,i,,,COLUMNA
4.352820045729845,-9.821002315239907,EY,True,2,j,,,COLUMNA
11.849193827415304,-25.451475986391692,EY,True,3,i,,,COLUMNA
23.698419370539675,-25.451475986391692,EY,True,3,j,,,COLUMNA
8.281797678464452,-1.874343836082562,EY,True,4,i,,,COLUMNA
16.56365099341103,-1.874343836082562,EY,True,4,j,,,COLUMNA
9.190270879190074,10.219901858692218,EY,True,5,i,,,COLUMNA
18.380585392474025,10.219901858692218,EY,True,5,j,,,COLUMNA
12.959784490493949,7.8484029958008055,EY,True,6,i,,,COLUMNA
25.919600716454635,7.8484029958008055,EY,True,6,j,,,COLUMNA
9.06430801728325,60.156881331683735,EY,True,7,i,,,COLUMNA
18.128671568639867,60.156881331683735,EY,True,7,j,,,COLUMNA
2.446973993101406,9.773863999215921,EY,True,8,i,,,COLUMNA
4.893991483119496,9.773863999215921,EY,True,8,j,,,COLUMNA
11.637267165770194,16.483095246192242,EY,True,9,i,,,COLUMNA
23.274566043479226,16.483095246192242,EY,True,9,j,,,COLUMNA
9.411396983004915,15.267261022570505,EY,True,10,i,,,COLUMNA
18.822915734092245,15.267261022570505,EY,True,10,j,,,COLUMNA
9.42038149263102,16.454549083097668,EY,True,11,i,,,COLUMNA
18.840853203335524,16.454549083097668,EY,True,11,j,,,COLUMNA
10.398761473395908,295.14544725304864,EY,True,12,i,,,COLUMNA
20.797581655705564,295.14544725304864,EY,True,12,j,,,COLUMNA
8.66109599645417,4.282639456837598,EY,True,13,i,,,COLUMNA
17.32233742073954,4.282639456837598,EY,True,13,j,,,COLUMNA
8.240107059342035,4.88720361161292,EY,True,14,i,,,COLUMNA
16.480335881982022,4.88720361161292,EY,True,14,j,,,COLUMNA
8.240055079310421,8.252525787418254,EY,True,15,i,,,COLUMNA
16.480200371903866,8.252525787418254,EY,True,15,j,,,COLUMNA
9.224137611906016,-21.56010837869468,EY,True,16,i,,,COLUMNA
18.4483969912404,-21.56010837869468,EY,True,16,j,,,COLUMNA
9.239367112847813,-20.844420871891035,EY,True,17,i,,,COLUMNA
18.478824443170044,-20.844420871891035,EY,True,17,j,,,COLUMNA
39.276921125455246,-1.3387098145559215,EY,True,18,i,,,COLUMNA
26.013406875689178,-1.3387098145559215,EY,True,18,j,,,COLUMNA
41.84107650985167,-23.84283505433331,EY,True,19,i,,,COLUMNA
18.83418744563318,-23.84283505433331,EY,True,19,j,,,COLUMNA
23.698419370539693,-25.451475986391696,EY,True,20,i,,,COLUMNA
11.567246786121403,-25.451475986391696,EY,True,20,j,,,COLUMNA
44.98257464330342,-28.772977865403032,EY,True,21,i,,,COLUMNA
18.58786364653976,-28.772977865403032,EY,True,21,j,,,COLUMNA
48.22783481142039,-345.44997129917533,EY,True,22,i,,,COLUMNA
25.07838374076545,-345.44997129917533,EY,True,22,j,,,COLUMNA
44.85733772816914,-48.89228930374349,EY,True,23,i,,,COLUMNA
18.337387121133265,-48.89228930374349,EY,True,23,j,,,COLUMNA
33.85909364165243,-1.6500692255446312,EY,True,24,i,,,COLUMNA
21.186494148831056,-1.6500692255446312,EY,True,24,j,,,COLUMNA
32.87962103932857,9.726004479409948,EY,True,25,i,,,COLUMNA
21.952924832640463,9.726004479409948,EY,True,25,j,,,COLUMNA
25.91960071645464,7.8484029958008055,EY,True,26,i,,,COLUMNA
19.341381518626,7.8484029958008055,EY,True,26,j,,,COLUMNA
50.44876237866646,6.587204844007435,EY,True,27,i,,,COLUMNA
29.520239169112326,6.587204844007435,EY,True,27,j,,,COLUMNA
48.026609987731504,5.353700178293082,EY,True,28,i,,,COLUMNA
24.675932567279855,5.353700178293082,EY,True,28,j,,,COLUMNA
50.2902860615279,8.43322358438656,EY,True,29,i,,,COLUMNA
29.203283838986717,8.43322358438656,EY,True,29,j,,,COLUMNA
28.8889776654521,137.16862075813194,EY,True,30,i,,,COLUMNA
13.593792991809892,137.16862075813194,EY,True,30,j,,,COLUMNA
39.568279802034496,19.951952521309593,EY,True,31,i,,,COLUMNA
15.100351168761886,19.951952521309593,EY,True,31,j,,,COLUMNA
23.27456604347925,16.483095246192242,EY,True,32,i,,,COLUMNA
10.083760137597398,16.483095246192242,EY,True,32,j,,,COLUMNA
32.951738290406624,14.37731097351398,EY,True,33,i,,,COLUMNA
5.473806711809498,14.37731097351398,EY,True,33,j,,,COLUMNA
48.0152326206666,340.19111173418537,EY,True,34,i,,,COLUMNA
24.653179352092966,340.19111173418537,EY,True,34,j,,,COLUMNA
32.86841742430096,26.892944848594333,EY,True,35,i,,,COLUMNA
5.640452934778111,26.892944848594333,EY,True,35,j,,,COLUMNA
27.80154537857124,13.04577414779166,EY,True,36,i,,,COLUMNA
12.460445491986452,13.04577414779166,EY,True,36,j,,,COLUMNA
27.73798204540048,14.526357818353663,EY,True,37,i,,,COLUMNA
12.360153192459773,14.526357818353663,EY,True,37,j,,,COLUMNA
24.939574899150156,242.55565569628726,EY,True,38,i,,,COLUMNA
9.698359693471112,242.55565569628726,EY,True,38,j,,,COLUMNA
32.38119982214063,3.6410727738346047,EY,True,39,i,,,COLUMNA
19.36894079217568,3.6410727738346047,EY,True,39,j,,,COLUMNA
34.687504379131234,4.125158024463629,EY,True,40,i,,,COLUMNA
22.718493722413747,4.125158024463629,EY,True,40,j,,,COLUMNA
34.69483800654177,7.424894852692017,EY,True,41,i,,,COLUMNA
22.73288587519346,7.424894852692017,EY,True,41,j,,,COLUMNA
28.966169739969892,-18.40405880085329,EY,True,42,i,,,COLUMNA
14.227916101952891,-18.40405880085329,EY,True,42,j,,,COLUMNA
28.88283560150193,-18.105476425502076,EY,True,43,i,,,COLUMNA
14.10681716588614,-18.105476425502076,EY,True,43,j,,,COLUMNA
27.451163838440323,-1.541263027554888,EY,True,44,i,,,COLUMNA
32.15856194704431,-1.541263027554888,EY,True,44,j,,,COLUMNA
11.907323360949942,-17.545117880143827,EY,True,45,i,,,COLUMNA
17.99347740831402,-17.545117880143827,EY,True,45,j,,,COLUMNA
14.980297940210754,-17.79064583520227,EY,True,46,i,,,COLUMNA
20.53065276882764,-17.79064583520227,EY,True,46,j,,,COLUMNA
10.714808740666793,-20.182508266393846,EY,True,47,i,,,COLUMNA
19.242607810493187,-20.182508266393846,EY,True,47,j,,,COLUMNA
15.535900881601176,-1.4209383451560318,EY,True,48,i,,,COLUMNA
19.14900692671258,-1.4209383451560318,EY,True,48,j,,,COLUMNA
10.102670486665863,-37.1119211122901,EY,True,49,i,,,COLUMNA
18.3940416410261,-37.1119211122901,EY,True,49,j,,,COLUMNA
22.906310571548012,9.11834128660402,EY,True,50,i,,,COLUMNA
27.304853355206166,9.11834128660402,EY,True,50,j,,,COLUMNA
24.799233771711314,7.616242596848369,EY,True,51,i,,,COLUMNA
28.578367894357008,7.616242596848369,EY,True,51,j,,,COLUMNA
25.895252235632178,5.206041786911483,EY,True,52,i,,,COLUMNA
29.03347324689916,5.206041786911483,EY,True,52,j,,,COLUMNA
23.147771435560017,5.462707246411553,EY,True,53,i,,,COLUMNA
27.709969895631865,5.462707246411553,EY,True,53,j,,,COLUMNA
18.007796469816686,3.459085181979206,EY,True,54,i,,,COLUMNA
24.69647691184593,3.459085181979206,EY,True,54,j,,,COLUMNA
22.68728055328566,7.3079379036735075,EY,True,55,i,,,COLUMNA
27.26441667849425,7.3079379036735075,EY,True,55,j,,,COLUMNA
13.768479483656748,131.22279025240613,EY,True,56,i,,,COLUMNA
19.2444775137546,131.22279025240613,EY,True,56,j,,,COLUMNA
8.94348491805359,14.459987350274055,EY,True,57,i,,,COLUMNA
17.260676373283378,14.459987350274055,EY,True,57,j,,,COLUMNA
12.697445569804149,11.684801984054642,EY,True,58,i,,,COLUMNA
18.508067995154406,11.684801984054642,EY,True,58,j,,,COLUMNA
11.428290807671974,14.965907076363063,EY,True,59,i,,,COLUMNA
11.048911075663348,14.965907076363063,EY,True,59,j,,,COLUMNA
14.749087906495607,-4.243968884376773,EY,True,60,i,,,COLUMNA
18.213187562889594,-4.243968884376773,EY,True,60,j,,,COLUMNA
11.718368917390158,32.65460019047156,EY,True,61,i,,,COLUMNA
10.718722431987688,32.65460019047156,EY,True,61,j,,,COLUMNA
10.755326657325407,7.394080412944974,EY,True,62,i,,,COLUMNA
14.397400320332451,7.394080412944974,EY,True,62,j,,,COLUMNA
10.62989768298499,9.239330970184417,EY,True,63,i,,,COLUMNA
14.283579902962247,9.239330970184417,EY,True,63,j,,,COLUMNA
7.440390951742479,21.620805476412816,EY,True,64,i,,,COLUMNA
10.429762585034812,21.620805476412816,EY,True,64,j,,,COLUMNA
19.19386550127117,1.9402785144610675,EY,True,65,i,,,COLUMNA
22.037129655796942,1.9402785144610675,EY,True,65,j,,,COLUMNA
23.257758650990425,2.2084320668009125,EY,True,66,i,,,COLUMNA
25.77212685255332,2.2084320668009125,EY,True,66,j,,,COLUMNA
23.269506430418932,5.251700264426899,EY,True,67,i,,,COLUMNA
25.774187998779922,5.251700264426899,EY,True,67,j,,,COLUMNA
12.895956680751913,-10.306688999293478,EY,True,68,i,,,COLUMNA
16.30834350955643,-10.306688999293478,EY,True,68,j,,,COLUMNA
12.742988934010892,-11.085138472706644,EY,True,69,i,,,COLUMNA
16.161288015209948,-11.085138472706644,EY,True,69,j,,,COLUMNA
18.821558821786176,-55.829542863091035,EY,True,70,i,,,COLUMNA
24.008076142959787,-55.829542863091035,EY,True,70,j,,,COLUMNA
0.5043030071622656,-11.526168312069435,EY,True,71,i,,,COLUMNA
0.8452006354056076,-11.526168312069435,EY,True,71,j,,,COLUMNA
0.4513437389161645,-11.59469387579703,EY,True,72,i,,,COLUMNA
1.9473921339206635,-11.59469387579703,EY,True,72,j,,,COLUMNA
1.5338965247704817,-13.746055234330903,EY,True,73,i,,,COLUMNA
1.4716810662847164,-13.746055234330903,EY,True,73,j,,,COLUMNA
2.5490465422597706,-1.1613448969076356,EY,True,74,i,,,COLUMNA
2.874168220106357,-1.1613448969076356,EY,True,74,j,,,COLUMNA
2.8534819115716683,-28.301822214217715,EY,True,75,i,,,COLUMNA
1.336680376715932,-28.301822214217715,EY,True,75,j,,,COLUMNA
5.7853258608697224,499.3572420977964,EY,True,76,i,,,COLUMNA
9.23155671316612,499.3572420977964,EY,True,76,j,,,COLUMNA
7.269072525156424,5.173202007725362,EY,True,77,i,,,COLUMNA
5.411566258330193,5.173202007725362,EY,True,77,j,,,COLUMNA
7.15852944038623,3.071418391742842,EY,True,78,i,,,COLUMNA
5.376292589286235,3.071418391742842,EY,True,78,j,,,COLUMNA
7.317741667859702,3.4917055604366976,EY,True,79,i,,,COLUMNA
5.5942477245478415,3.4917055604366976,EY,True,79,j,,,COLUMNA
5.766764043333892,2.101966335989012,EY,True,80,i,,,COLUMNA
3.3793082349893284,2.101966335989012,EY,True,80,j,,,COLUMNA
6.869431181877192,5.528275044600226,EY,True,81,i,,,COLUMNA
5.12824943040072,5.528275044600226,EY,True,81,j,,,COLUMNA
3.1658174397321113,127.76218794379287,EY,True,82,i,,,COLUMNA
8.12545190197804,127.76218794379287,EY,True,82,j,,,COLUMNA
1.3383483464254002,9.842227588763986,EY,True,83,i,,,COLUMNA
2.2891396070050845,9.842227588763986,EY,True,83,j,,,COLUMNA
0.6852170729759232,8.020550940199772,EY,True,84,i,,,COLUMNA
2.458196575715508,8.020550940199772,EY,True,84,j,,,COLUMNA
4.727100547765961,10.47145155741457,EY,True,85,i,,,COLUMNA
1.6337484983664359,10.47145155741457,EY,True,85,j,,,COLUMNA
2.9685269623311026,-3.0571630698468786,EY,True,86,i,,,COLUMNA
3.772111132030539,-3.0571630698468786,EY,True,86,j,,,COLUMNA
4.415468279798887,25.49167214667964,EY,True,87,i,,,COLUMNA
1.130528631442018,25.49167214667964,EY,True,87,j,,,COLUMNA
5.4793773856941,2.557889825631787,EY,True,88,i,,,COLUMNA
16.150195225579267,2.557889825631787,EY,True,88,j,,,COLUMNA
5.404031676720347,4.544518305964641,EY,True,89,i,,,COLUMNA
16.101717418657017,4.544518305964641,EY,True,89,j,,,COLUMNA
2.6715817312512296,-78.1907079306268,EY,True,90,i,,,COLUMNA
4.468620111988285,-78.1907079306268,EY,True,90,j,,,COLUMNA
11.08269446754627,0.5500352499968939,EY,True,91,i,,,COLUMNA
20.515908243374135,0.5500352499968939,EY,True,91,j,,,COLUMNA
13.818501233265422,0.534672945233387,EY,True,92,i,,,COLUMNA
22.581421841316768,0.534672945233387,EY,True,92,j,,,COLUMNA
13.799198346508291,3.469116096463518,EY,True,93,i,,,COLUMNA
22.550443305370028,3.469116096463518,EY,True,93,j,,,COLUMNA
6.826165143599802,-3.397479818170315,EY,True,94,i,,,COLUMNA
17.162514384983936,-3.397479818170315,EY,True,94,j,,,COLUMNA
6.687219969488776,-5.107571848881291,EY,True,95,i,,,COLUMNA
17.025769029487606,-5.107571848881291,EY,True,95,j,,,COLUMNA
38.227152110478286,-247.85683682321365,EY,True,96,i,,,COLUMNA
19.16796871083227,-247.85683682321365,EY,True,96,j,,,COLUMNA
24.396627953566963,-5.3382800238389585,EY,True,97,i,,,COLUMNA
22.336905425496532,-5.3382800238389585,EY,True,97,j,,,COLUMNA
22.83967142960795,-5.484084955985993,EY,True,98,i,,,COLUMNA
21.82020174735629,-5.484084955985993,EY,True,98,j,,,COLUMNA
22.940823032155365,-6.6127388049981315,EY,True,99,i,,,COLUMNA
22.096872011007427,-6.6127388049981315,EY,True,99,j,,,COLUMNA
22.188579916382672,-0.8866789858583524,EY,True,100,i,,,COLUMNA
20.135203504107132,-0.8866789858583524,EY,True,100,j,,,COLUMNA
23.307054777405085,-13.650906938341281,EY,True,101,i,,,COLUMNA
21.99918848130324,-13.650906938341281,EY,True,101,j,,,COLUMNA
18.029197722451556,-0.04607926882601897,EY,True,102,i,,,COLUMNA
18.088177891084428,-0.04607926882601897,EY,True,102,j,,,COLUMNA
28.602129964997488,180.16934514988066,EY,True,103,i,,,COLUMNA
28.701968860904692,180.16934514988066,EY,True,103,j,,,COLUMNA
34.284280608079186,3.159197199741597,EY,True,104,i,,,COLUMNA
36.86599572456923,3.159197199741597,EY,True,104,j,,,COLUMNA
34.36066253244615,1.2751506515278705,EY,True,105,i,,,COLUMNA
36.92200024125157,1.2751506515278705,EY,True,105,j,,,COLUMNA
34.61467757483429,1.6994182715933532,EY,True,106,i,,,COLUMNA
37.096568693954524,1.6994182715933532,EY,True,106,j,,,COLUMNA
31.370173031823107,0.9692931440631053,EY,True,107,i,,,COLUMNA
33.429697365571755,0.9692931440631053,EY,True,107,j,,,COLUMNA
34.05088730828631,2.6862528713176874,EY,True,108,i,,,COLUMNA
36.36752888185787,2.6862528713176874,EY,True,108,j,,,COLUMNA
32.41977589383653,0.02025750455145203,EY,True,109,i,,,COLUMNA
32.404557926111906,0.02025750455145203,EY,True,109,j,,,COLUMNA
26.334820208540357,5.463292744436035,EY,True,110,i,,,COLUMNA
27.381951181794918,5.463292744436035,EY,True,110,j,,,COLUMNA
21.660195700087208,5.283713745111467,EY,True,111,i,,,COLUMNA
19.779067551689124,5.283713745111467,EY,True,111,j,,,COLUMNA
21.997451215053193,3.848449280834986,EY,True,112,i,,,COLUMNA
20.020809385718394,3.848449280834986,EY,True,112,j,,,COLUMNA
20.853907689878938,5.2005561970347705,EY,True,113,i,,,COLUMNA
19.854841272532738,5.2005561970347705,EY,True,113,j,,,COLUMNA
20.78698273421993,-1.1576413268478476,EY,True,114,i,,,COLUMNA
18.13651062717568,-1.1576413268478476,EY,True,114,j,,,COLUMNA
20.666496115617974,12.319113335285364,EY,True,115,i,,,COLUMNA
19.589156941707532,12.319113335285364,EY,True,115,j,,,COLUMNA
18.286738540861233,0.0636845774261299,EY,True,116,i,,,COLUMNA
18.379246646716048,0.0636845774261299,EY,True,116,j,,,COLUMNA
6.392814566828221,0.28516281451970266,EY,True,117,i,,,COLUMNA
1.8958092144783771,0.28516281451970266,EY,True,117,j,,,COLUMNA
6.366606393588235,1.2624580383404678,EY,True,118,i,,,COLUMNA
1.9698470469390772,1.2624580383404678,EY,True,118,j,,,COLUMNA
14.946826403709881,0.0,EY,True,119,i,,,COLUMNA
1.4210854715202004e-14,-0.0,EY,True,119,j,,,COLUMNA
4.184661965912788,-0.009288773241069076,EY,True,120,i,,,COLUMNA
3.1839967749907534,-0.009288773241069076,EY,True,120,j,,,COLUMNA
3.316865505366288,-0.08954467514516697,EY,True,121,i,,,COLUMNA
3.524377949833685,-0.08954467514516697,EY,True,121,j,,,COLUMNA
3.396330494854542,1.1218593410268891,EY,True,122,i,,,COLUMNA
3.408113736607536,1.1218593410268891,EY,True,122,j,,,COLUMNA
6.0855780222526,-0.1437892847493824,EY,True,123,i,,,COLUMNA
1.832431741395654,-0.1437892847493824,EY,True,123,j,,,COLUMNA
6.286996209188136,-1.7819285344072664,EY,True,124,i,,,COLUMNA
3.619273231969988,-1.7819285344072664,EY,True,124,j,,,COLUMNA
6.711576695773254,791.8220773181242,R,True,1,i,,,COLUMNA
13.423165199925942,734.7356063381242,R,True,1,j,,,COLUMNA
6.215846525535791,1483.0473329073172,R,True,2,i,,,COLUMNA
12.431682133700235,1425.9608619273172,R,True,2,j,,,COLUMNA
47.52641166766158,5087.231024265198,R,True,3,i,,,COLUMNA
95.05283543849012,5030.1445532851985,R,True,3,j,,,COLUMNA
55.353339486187224,890.1179871662775,R,True,4,i,,,COLUMNA
110.70668786361877,833.0315161862775,R,True,4,j,,,COLUMNA
117.35612166785553,5638.187398059575,R,True,5,i,,,COLUMNA
234.7122363819767,5581.100927079575,R,True,5,j,,,COLUMNA
20.306962649081623,5856.269448770593,R,True,6,i,,,COLUMNA
40.61393397634616,5799.182977790593,R,True,6,j,,,COLUMNA
61.51326405767164,1186.281162072432,R,True,7,i,,,COLUMNA
123.0265468342042,1129.1946910924319,R,True,7,j,,,COLUMNA
15.864048885619546,1495.671761291585,R,True,8,i,,,COLUMNA
31.72809381357882,1438.585290311585,R,True,8,j,,,COLUMNA
21.594016510561385,3587.6008482457996,R,True,9,i,,,COLUMNA
43.18802317025949,3530.5143772658,R,True,9,j,,,COLUMNA
98.40856701638904,5019.26626130997,R,True,10,i,,,COLUMNA
196.817171019762,4962.17979032997,R,True,10,j,,,COLUMNA
108.2415505107391,4963.603613899817,R,True,11,i,,,COLUMNA
216.4831298047901,4906.517142919817,R,True,11,j,,,COLUMNA
10.509006328907965,636.0340800882263,R,True,12,i,,,COLUMNA
21.018019437538776,578.9476091082264,R,True,12,j,,,COLUMNA
117.89721571900262,6038.446154724844,R,True,13,i,,,COLUMNA
235.7944464167204,5981.359683744844,R,True,13,j,,,COLUMNA
76.04423830747882,7280.216551676447,R,True,14,i,,,COLUMNA
152.0884912036328,7223.130080696447,R,True,14,j,,,COLUMNA
34.456053958648376,8074.852179960461,R,True,15,i,,,COLUMNA
68.91208047287736,8017.765708980462,R,True,15,j,,,COLUMNA
55.94532434317705,3911.5220793161216,R,True,16,i,,,COLUMNA
111.89061314567047,3854.4356083361217,R,True,16,j,,,COLUMNA
62.445062237632655,3874.374067754949,R,True,17,i,,,COLUMNA
124.89009728996474,3817.287596774949,R,True,17,j,,,COLUMNA
43.76832753999739,637.2845365467904,R,True,18,i,,,COLUMNA
17.359579081647983,580.1980655667903,R,True,18,j,,,COLUMNA
58.931031584929485,4098.26578157627,R,True,19,i,,,COLUMNA
146.29674609702428,4041.1793105962693,R,True,19,j,,,COLUMNA
95.05283543849012,5030.144553285197,R,True,20,i,,,COLUMNA
242.3731008287541,4973.058082305197,R,True,20,j,,,COLUMNA
73.67934424096373,4340.988994633742,R,True,21,i,,,COLUMNA
125.65007770199051,4283.902523653742,R,True,21,j,,,COLUMNA
77.11820083559624,1750.0421104332581,R,True,22,i,,,COLUMNA
63.924559570682064,1692.955639453258,R,True,22,j,,,COLUMNA
65.84873329381576,2269.6511179420427,R,True,23,i,,,COLUMNA
84.73465227343594,2212.564646962043,R,True,23,j,,,COLUMNA
94.64234400714327,701.4719169879386,R,True,24,i,,,COLUMNA
107.18923346732991,644.3854460079386,R,True,24,j,,,COLUMNA
181.84980594344142,5009.170950057055,R,True,25,i,,,COLUMNA
113.41431831234124,4952.084479077055,R,True,25,j,,,COLUMNA
40.613933976346175,5799.182977790593,R,True,26,i,,,COLUMNA
62.869405695015374,5742.096506810593,R,True,26,j,,,COLUMNA
65.63731102425922,5939.497241336303,R,True,27,i,,,COLUMNA
50.76012575494326,5882.410770356303,R,True,27,j,,,COLUMNA
204.42256760239988,4270.055656726535,R,True,28,i,,,COLUMNA
318.5332913890637,4212.969185746535,R,True,28,j,,,COLUMNA
57.91273087587379,3549.1083156137247,R,True,29,i,,,COLUMNA
33.50318208013606,3492.021844633725,R,True,29,j,,,COLUMNA
170.06737699185908,1812.9752297179416,R,True,30,i,,,COLUMNA
177.30351291856965,1755.8887587379415,R,True,30,j,,,COLUMNA
92.85941357050686,3514.5141275817,R,True,31,i,,,COLUMNA
200.82199286487284,3457.4276566017,R,True,31,j,,,COLUMNA
43.188023170259505,3530.5143772658007,R,True,32,i,,,COLUMNA
172.86667393422937,3473.427906285801,R,True,32,j,,,COLUMNA
74.80036959515401,1913.677691304345,R,True,33,i,,,COLUMNA
83.71499422542855,1856.591220324345,R,True,33,j,,,COLUMNA
83.35625751876101,1626.3697779167744,R,True,34,i,,,COLUMNA
76.40067512054107,1569.2833069367744,R,True,34,j,,,COLUMNA
60.27424767957733,2095.4325083644785,R,True,35,i,,,COLUMNA
51.79423437539418,2038.3460373844787,R,True,35,j,,,COLUMNA
259.3590190135404,3953.258235216957,R,True,36,i,,,COLUMNA
245.20081991854198,3896.171764236957,R,True,36,j,,,COLUMNA
287.10431740004003,3937.452761226058,R,True,37,i,,,COLUMNA
271.1924975042075,3880.3662902460583,R,True,37,j,,,COLUMNA
28.689124984143284,610.3432346791435,R,True,38,i,,,COLUMNA
4.623223596819606,553.2567636991436,R,True,38,j,,,COLUMNA
267.9609977130652,4732.862179232144,R,True,39,i,,,COLUMNA
272.5421442330975,4675.775708252144,R,True,39,j,,,COLUMNA
147.8532459187167,5717.26722860163,R,True,40,i,,,COLUMNA
157.8855736026291,5660.180757621631,R,True,40,j,,,COLUMNA
117.1988667188725,6323.673609566102,R,True,41,i,,,COLUMNA
109.32105482814467,6266.587138586102,R,True,41,j,,,COLUMNA
179.09652804551575,3096.187091919715,R,True,42,i,,,COLUMNA
168.64859742582172,3039.100620939715,R,True,42,j,,,COLUMNA
198.508583667881,3077.7321581441747,R,True,43,i,,,COLUMNA
187.97346340563877,3020.645687164175,R,True,43,j,,,COLUMNA
35.31168251461292,478.94343839896436,R,True,44,i,,,COLUMNA
40.276161913147284,421.85696741896436,R,True,44,j,,,COLUMNA
220.27004481072356,2928.2508004269416,R,True,45,i,,,COLUMNA
209.20657732019762,2871.164329446942,R,True,45,j,,,COLUMNA
343.7904485175677,3927.460614385264,R,True,46,i,,,COLUMNA
258.4911586274825,3870.374143405264,R,True,46,j,,,COLUMNA
153.85326694723204,3613.670659751538,R,True,47,i,,,COLUMNA
186.2373949666584,3556.5841887715383,R,True,47,j,,,COLUMNA
124.48747391066573,1906.1991889179262,R,True,48,i,,,COLUMNA
158.84766130046765,1849.1127179379262,R,True,48,j,,,COLUMNA
112.23325962832469,1959.8654152506924,R,True,49,i,,,COLUMNA
105.88988560050194,1902.7789442706924,R,True,49,j,,,COLUMNA
94.65359290135589,493.659562212426,R,True,50,i,,,COLUMNA
105.79381225804664,436.573091232426,R,True,50,j,,,COLUMNA
264.888891519073,3716.1869871352733,R,True,51,i,,,COLUMNA
229.96320782550623,3659.1005161552735,R,True,51,j,,,COLUMNA
106.8495172567936,4232.365669154857,R,True,52,i,,,COLUMNA
111.24271292877017,4175.279198174857,R,True,52,j,,,COLUMNA
70.4690594230668,4331.967578761684,R,True,53,i,,,COLUMNA
73.32328440749346,4274.8811077816845,R,True,53,j,,,COLUMNA
447.63826339943637,3069.611946029701,R,True,54,i,,,COLUMNA
423.23614109168307,3012.525475049701,R,True,54,j,,,COLUMNA
83.17700842619558,3070.8563157809385,R,True,55,i,,,COLUMNA
133.8431442362863,3013.7698448009387,R,True,55,j,,,COLUMNA
208.8547757746279,839.2307768841498,R,True,56,i,,,COLUMNA
228.39832953503418,782.1443059041497,R,True,56,j,,,COLUMNA
286.80103363591564,2614.0609510614745,R,True,57,i,,,COLUMNA
267.146442476591,2556.9744800814747,R,True,57,j,,,COLUMNA
277.37611837843826,2621.399246359959,R,True,58,i,,,COLUMNA
254.5358633657326,2564.312775379959,R,True,58,j,,,COLUMNA
177.86804597780747,2713.6827804746376,R,True,59,i,,,COLUMNA
221.6382460621647,2656.596309494638,R,True,59,j,,,COLUMNA
148.55407267339547,1960.3735847189787,R,True,60,i,,,COLUMNA
197.89489130861946,1903.2871137389786,R,True,60,j,,,COLUMNA
104.74029694652612,2119.4650301371985,R,True,61,i,,,COLUMNA
123.26389670405851,2062.3785591571987,R,True,61,j,,,COLUMNA
234.97529710470835,2885.8398751586988,R,True,62,i,,,COLUMNA
241.23692193989365,2828.753404178699,R,True,62,j,,,COLUMNA
262.05296951393353,2894.258208690255,R,True,63,i,,,COLUMNA
271.1542078777014,2837.171737710255,R,True,63,j,,,COLUMNA
9.078834424927953,729.666400872975,R,True,64,i,,,COLUMNA
18.537396241034646,672.579929892975,R,True,64,j,,,COLUMNA
245.27707767226454,3445.009211407562,R,True,65,i,,,COLUMNA
252.82723741682145,3387.922740427562,R,True,65,j,,,COLUMNA
132.10609576099753,4173.767665343751,R,True,66,i,,,COLUMNA
135.69066311689724,4116.681194363751,R,True,66,j,,,COLUMNA
109.82828042743725,4610.577347456933,R,True,67,i,,,COLUMNA
115.88437123018933,4553.490876476933,R,True,67,j,,,COLUMNA
170.448632545798,2266.4300059117545,R,True,68,i,,,COLUMNA
180.36764947249634,2209.3435349317547,R,True,68,j,,,COLUMNA
191.22545833733628,2269.970504409334,R,True,69,i,,,COLUMNA
202.68362680808644,2212.884033429334,R,True,69,j,,,COLUMNA
23.134886869261123,215.87427186908994,R,True,70,i,,,COLUMNA
25.991156933143007,158.78780088908997,R,True,70,j,,,COLUMNA
179.4212530231841,1774.8599409558356,R,True,71,i,,,COLUMNA
150.62221148176474,1717.7734699758355,R,True,71,j,,,COLUMNA
91.89316299769514,2541.071978238982,R,True,72,i,,,COLUMNA
139.64550264897173,2483.985507258982,R,True,72,j,,,COLUMNA
196.8743609569374,2599.2850454748564,R,True,73,i,,,COLUMNA
152.7606351692732,2542.1985744948565,R,True,73,j,,,COLUMNA
171.93568163984787,1294.535126969069,R,True,74,i,,,COLUMNA
175.62553900374493,1237.448655989069,R,True,74,j,,,COLUMNA
95.77062606459874,1696.5402868096974,R,True,75,i,,,COLUMNA
240.8735317993221,1639.4538158296973,R,True,75,j,,,COLUMNA
83.26017687464002,1130.2638749822868,R,True,76,i,,,COLUMNA
74.05186769885907,1073.1774040022867,R,True,76,j,,,COLUMNA
226.48223003769345,2433.7194402997434,R,True,77,i,,,COLUMNA
232.96490805476446,2376.6329693197436,R,True,77,j,,,COLUMNA
75.95422493030685,2709.6552688413954,R,True,78,i,,,COLUMNA
65.38115420899081,2652.5687978613955,R,True,78,j,,,COLUMNA
64.57639838518483,2762.500599882134,R,True,79,i,,,COLUMNA
65.30531177759661,2705.414128902134,R,True,79,j,,,COLUMNA
389.32690014316756,1851.5770969124553,R,True,80,i,,,COLUMNA
404.7818084747331,1794.4906259324553,R,True,80,j,,,COLUMNA
108.15340144071358,2627.3014352196974,R,True,81,i,,,COLUMNA
375.8540557211367,2570.2149642396976,R,True,81,j,,,COLUMNA
167.4594831249422,-141.22019443578407,R,True,82,i,,,COLUMNA
154.04537124716688,-198.30666541578404,R,True,82,j,,,COLUMNA
242.55654244110832,1716.9871334554366,R,True,83,i,,,COLUMNA
225.29121683382357,1659.9006624754365,R,True,83,j,,,COLUMNA
224.55948516537944,1705.4047644587447,R,True,84,i,,,COLUMNA
205.09334112108593,1648.3182934787446,R,True,84,j,,,COLUMNA
243.68668082229456,1770.1139666473125,R,True,85,i,,,COLUMNA
209.63489091830445,1713.0274956673125,R,True,85,j,,,COLUMNA
236.88321417139258,1209.8118689217345,R,True,86,i,,,COLUMNA
224.6540956356539,1152.7253979417344,R,True,86,j,,,COLUMNA
159.04945706723407,1819.2517685320008,R,True,87,i,,,COLUMNA
264.577816320252,1762.1652975520008,R,True,87,j,,,COLUMNA
248.65890631946542,1819.055535355688,R,True,88,i,,,COLUMNA
237.4892665867029,1761.969064375688,R,True,88,j,,,COLUMNA
273.5423535234685,1847.9282601919408,R,True,89,i,,,COLUMNA
254.49925493387974,1790.8417892119407,R,True,89,j,,,COLUMNA
16.158355474976833,1092.3610679439957,R,True,90,i,,,COLUMNA
44.98142671265363,1035.2745969639957,R,True,90,j,,,COLUMNA
270.55117404055056,2168.0471899364484,R,True,91,i,,,COLUMNA
255.7629271910506,2110.9607189564485,R,True,91,j,,,COLUMNA
160.582050854391,2637.560318675289,R,True,92,i,,,COLUMNA
156.92684760147262,2580.4738476952894,R,True,92,j,,,COLUMNA
109.00443130721365,2916.996893244691,R,True,93,i,,,COLUMNA
108.39840632419262,2859.910422264691,R,True,93,j,,,COLUMNA
175.2122229040394,1432.7627725181349,R,True,94,i,,,COLUMNA
172.46777860494151,1375.6763015381348,R,True,94,j,,,COLUMNA
196.61179474503948,1457.8821820217245,R,True,95,i,,,COLUMNA
191.41179990568773,1400.7957110417244,R,True,95,j,,,COLUMNA
63.95450054786336,585.8909443490328,R,True,96,i,,,COLUMNA
117.23710985386516,528.8044733690327,R,True,96,j,,,COLUMNA
190.3507826593254,867.3800674148162,R,True,97,i,,,COLUMNA
266.71183928645604,810.2935964348161,R,True,97,j,,,COLUMNA
279.84301551202043,1448.6415079690657,R,True,98,i,,,COLUMNA
331.92151655403603,1391.5550369890657,R,True,98,j,,,COLUMNA
296.6848321758613,1482.9858812585874,R,True,99,i,,,COLUMNA
348.9022798235154,1425.8994102785873,R,True,99,j,,,COLUMNA
305.6335753245681,797.6159530691998,R,True,100,i,,,COLUMNA
424.1183116534388,740.5294820891997,R,True,100,j,,,COLUMNA
454.94385611981374,850.0015192611727,R,True,101,i,,,COLUMNA
506.34477217805113,792.9150482811726,R,True,101,j,,,COLUMNA
692.512202630287,39.28671648581795,R,True,102,i,,,COLUMNA
661.5346705070612,-17.799754494182064,R,True,102,j,,,COLUMNA
88.08931329764121,613.4505596166798,R,True,103,i,,,COLUMNA
97.24825788454928,556.3640886366798,R,True,103,j,,,COLUMNA
251.84151756137095,1161.4715996159484,R,True,104,i,,,COLUMNA
272.09304771941845,1104.3851286359484,R,True,104,j,,,COLUMNA
94.12265577915463,1276.4176199594303,R,True,105,i,,,COLUMNA
125.00533677863811,1219.3311489794303,R,True,105,j,,,COLUMNA
102.540450902907,1301.6566260304478,R,True,106,i,,,COLUMNA
135.228589324981,1244.5701550504477,R,True,106,j,,,COLUMNA
522.6029025261305,866.9658620786255,R,True,107,i,,,COLUMNA
617.111491082703,809.8793910986254,R,True,107,j,,,COLUMNA
737.4824031180062,1265.8606412304018,R,True,108,i,,,COLUMNA
839.2676962788494,1208.7741702504018,R,True,108,j,,,COLUMNA
978.4114317809438,43.626602499499334,R,True,109,i,,,COLUMNA
920.5811691313701,-13.459868480500676,R,True,109,j,,,COLUMNA
195.9306468847477,849.9641493005607,R,True,110,i,,,COLUMNA
254.9481714631963,792.8776783205607,R,True,110,j,,,COLUMNA
297.2399806578675,794.7925214617007,R,True,111,i,,,COLUMNA
390.20552440945664,737.7060504817007,R,True,111,j,,,COLUMNA
274.5479128915219,808.1413547779873,R,True,112,i,,,COLUMNA
367.2533999831763,751.0548837979873,R,True,112,j,,,COLUMNA
267.753676418791,840.4973309667023,R,True,113,i,,,COLUMNA
363.7423399467205,783.4108599867022,R,True,113,j,,,COLUMNA
299.6596617485293,563.3349148554195,R,True,114,i,,,COLUMNA
355.9595544110927,506.2484438754194,R,True,114,j,,,COLUMNA
510.57152093263227,873.7710391391747,R,True,115,i,,,COLUMNA
578.1740503851578,816.6845681591747,R,True,115,j,,,COLUMNA
734.4809814055294,41.50849391630313,R,True,116,i,,,COLUMNA
697.4080231228791,-15.577977063696878,R,True,116,j,,,COLUMNA
268.4255084837186,755.0744286428557,R,True,117,i,,,COLUMNA
302.03445985053145,697.9879576628556,R,True,117,j,,,COLUMNA
313.5768592831701,843.2776131902579,R,True,118,i,,,COLUMNA
383.2006244884052,786.1911422102578,R,True,118,j,,,COLUMNA
39.955073507020224,57.086470980000094,R,True,119,i,,,COLUMNA
3.907985046680551e-14,8.526512829121202e-14,R,True,119,j,,,COLUMNA
304.49886045479946,893.0235104704474,R,True,120,i,,,COLUMNA
352.10345925370245,835.9370394904473,R,True,120,j,,,COLUMNA
164.38193338793977,1115.6841818568334,R,True,121,i,,,COLUMNA
159.57264076401452,1058.5977108768334,R,True,121,j,,,COLUMNA
123.0602096255679,1232.4276209533307,R,True,122,i,,,COLUMNA
146.8249764684656,1175.3411499733306,R,True,122,j,,,COLUMNA
201.10776656281217,595.1766134890381,R,True,123,i,,,COLUMNA
240.98912987318468,538.0901425090381,R,True,123,j,,,COLUMNA
232.68934400595913,637.2281737211313,R,True,124,i,,,COLUMNA
287.6638217405042,580.1417027411312,R,True,124,j,,,COLUMNA
