node,ux,uy,uz,rx,ry,rz
1,0.0,0.0,0.0,0.0,0.0,0.0
2,0.0,0.0,0.0,0.0,0.0,0.0
3,0.0,0.0,0.0,0.0,0.0,0.0
4,0.0,0.0,0.0,0.0,0.0,0.0
5,1.0812212419965553e-05,5.049006123928926e-06,-4.999999999999973e-05,-0.00045216654843428805,0.0008081127653140763,1.6226942353585276e-18
6,-1.0812212419955016e-05,5.049006123950815e-06,-5.000000000000017e-05,-0.00045216654843427114,-0.0008081127653140572,1.308688963224243e-18
7,-1.081221241995742e-05,-5.049006123960995e-06,-5.000000000000082e-05,0.0004521665484342713,-0.0008081127653141398,2.30520737487741e-18
8,1.0812212419965146e-05,-5.0490061239835795e-06,-5.000000000000183e-05,0.00045216654843431396,0.0008081127653141477,1.2613329599462181e-18
9,9.010177016638828e-06,5.049006123930027e-06,-0.0005082105382689461,-0.0004521665484342866,0.0009977762627617105,2.7326818467703963e-18
10,9.010177016638264e-06,-5.049006123982702e-06,-0.0005082105382689898,0.00045216654843431076,0.0009977762627618031,2.2222480387570368e-18
11,7.2081416133121026e-06,5.049006123931617e-06,-0.0010214090752617123,-0.00045216654843428507,0.0010296272602093551,3.584094794313861e-18
12,7.208141613311383e-06,-5.049006123981386e-06,-0.0010214090752618035,0.0004521665484343077,0.0010296272602094505,3.019026408288932e-18
13,5.406106209985377e-06,5.049006123933565e-06,-0.0015138143609783026,-0.00045216654843428355,0.0009177282576570077,4.1661959435149375e-18
14,5.406106209984502e-06,-5.0490061239797034e-06,-0.0015138143609784401,0.0004521665484343047,0.0009177282576570943,3.684256127224347e-18
15,3.6040708066586496e-06,5.049006123935751e-06,-0.0019190201454187211,-0.0004521665484342821,0.0006855167551046659,4.544986942623186e-18
16,3.6040708066576204e-06,-5.049006123977722e-06,-0.001919020145418898,0.0004521665484343017,0.0006855167551047378,4.213639261438194e-18
17,1.8020354033319218e-06,5.049006123938073e-06,-0.0021846826785829696,-0.0004521665484342807,0.00036580525255232825,4.718782000392855e-18
18,1.802035403330739e-06,-5.049006123975523e-06,-0.002184682678583176,0.0004521665484342987,0.0003658052525523708,4.556912749746064e-18
19,5.192780319239142e-18,5.049006123940441e-06,-0.002277110554221051,-0.0004521665484342793,-1.937836089475336e-18,4.721448254649279e-18
20,3.856535059213708e-18,-5.049006123973192e-06,-0.002277110554221268,0.0004521665484342957,-1.6047327917060382e-18,4.740402227092827e-18
21,-1.8020354033215363e-06,5.0490061239427635e-06,-0.002184682678582969,-0.0004521665484342781,-0.0003658052525523284,4.540909435284848e-18
22,-1.8020354033230248e-06,-5.049006123970803e-06,-0.0021846826785831734,0.0004521665484342925,-0.0003658052525523724,4.785748085877508e-18
23,-3.6040708066482654e-06,5.049006123944965e-06,-0.001919020145418721,-0.00045216654843427666,-0.0006855167551046657,4.241677589639527e-18
24,-3.6040708066499044e-06,-5.049006123968434e-06,-0.0019190201454188948,0.00045216654843428935,-0.0006855167551047402,4.655080000032498e-18
25,-5.4061062099749635e-06,5.0490061239469605e-06,-0.0015138143609783026,-0.00045216654843427515,-0.0009177282576570075,3.719807392544197e-18
26,-5.406106209976784e-06,-5.049006123966181e-06,-0.0015138143609784343,0.00045216654843428626,-0.0009177282576570998,4.328253436960303e-18
27,-7.208141613301643e-06,5.049006123948646e-06,-0.0010214090752617099,-0.0004521665484342737,-0.0010296272602093638,3.0075857018064563e-18
28,-7.2081416133036636e-06,-5.049006123964135e-06,-0.0010214090752617968,0.00045216654843428306,-0.0010296272602094505,3.8301846311937166e-18
29,-9.010177016628328e-06,5.049006123949943e-06,-0.0005082105382689416,-0.00045216654843427233,-0.0009977762627617094,2.1817138777842215e-18
30,-9.010177016630543e-06,-5.049006123962376e-06,-0.000508210538268985,0.0004521665484342767,-0.0009977762627617962,3.1777287408197713e-18
31,1.0812212419964967e-05,4.039204899137669e-06,-0.00030435385304543316,-0.0005461082387474446,0.0008081127653140833,7.679720329672537e-19
32,-1.0812212419955519e-05,4.039204899159632e-06,-0.0003043538530454228,-0.000546108238747419,-0.0008081127653140651,7.331132950074539e-19
33,1.0812212419964748e-05,3.02940367434641e-06,-0.0005775535512474432,-0.000529112429060594,0.0008081127653140902,1.412358478214642e-19
34,-1.081221241995577e-05,3.029403674368447e-06,-0.0005775535512474187,-0.0005291124290605639,-0.000808112765314073,2.784894957750561e-19
35,1.0812212419964782e-05,2.019602449555152e-06,-0.0008172553446060264,-0.0004152416193737377,0.0008081127653140971,-2.514551033200655e-19
36,-1.0812212419955804e-05,2.0196024495772635e-06,-0.0008172553446059871,-0.00041524161937371026,-0.0008081127653140809,-1.1114635880501723e-19
37,1.081221241996497e-05,1.009801224763894e-06,-0.0009804904831211799,-0.0002279333096868751,0.0008081127653141042,-4.649665596427554e-19
38,-1.0812212419955685e-05,1.0098012247860803e-06,-0.0009804904831211296,-0.00022793330968685896,-0.0008081127653140887,-3.3080886056282864e-19
39,1.0812212419965226e-05,-2.7364239657578768e-17,-0.0010383527167929008,-7.771387119930792e-18,0.0008081127653141116,-5.379794667129964e-19
40,-1.0812212419955522e-05,-5.103599066582174e-18,-0.0010383527167928451,-3.628556632151531e-18,-0.0008081127653140968,-2.841443241843011e-19
41,1.0812212419965482e-05,-1.0098012248186225e-06,-0.000980490483121187,0.00022793330968686265,0.0008081127653141187,-4.663110468944748e-19
42,-1.0812212419955438e-05,-1.0098012247962873e-06,-0.0009804904831211326,0.00022793330968685335,-0.0008081127653141049,-2.876447070691967e-20
43,1.0812212419965677e-05,-2.019602449609876e-06,-0.0008172553446060385,0.00041524161937373096,0.000808112765314126,-2.771347388382113e-19
44,-1.0812212419955533e-05,-2.0196024495874703e-06,-0.0008172553446059918,0.0004152416193737097,-0.0008081127653141136,4.1773328785472356e-19
45,1.0812212419965734e-05,-3.029403674401117e-06,-0.000577553551247457,0.0005291124290605941,0.0008081127653141335,9.764856743540329e-20
46,-1.0812212419955871e-05,-3.029403674378653e-06,-0.0005775535512474228,0.0005291124290605661,-0.0008081127653141222,9.452061647484233e-19
47,1.0812212419965585e-05,-4.039204899192352e-06,-0.0003043538530454444,0.0005461082387474558,0.0008081127653141408,5.56992465991983e-19
48,-1.0812212419956475e-05,-4.0392048991698245e-06,-0.0003043538530454249,0.0005461082387474252,-0.0008081127653141311,1.4782123609307336e-18
