case,reference_station_m,model_cut_x_m,field,unit,reference,model_section,magnitude_difference_pct,axes_verified
G,0.0,0.4,n,kN,-3556.504,3644.3396422455758,2.4697186407094174,False
G,0.0,0.4,vy,kN,-3.09,4.671759321875532,51.189622067169324,False
G,0.0,0.4,vz,kN,-10.309,-9.367221258460665,-9.135500451443734,False
G,0.0,0.4,t,kN*m,0.402987,1.0676666801362873e-08,-99.99999735061756,False
G,0.0,0.4,my,kN*m,-10.254164,4.566258532555975,-55.46922662290192,False
G,0.0,0.4,mz,kN*m,-5.591646,2.0537055093304355,-63.27189687382864,False
G,3.16,3.56,n,kN,-3518.542,3606.3781000955755,2.496377763732127,False
G,3.16,3.56,vy,kN,-3.09,4.671759321875532,51.189622067169324,False
G,3.16,3.56,vz,kN,-10.309,-9.367221258460665,-9.135500451443734,False
G,3.16,3.56,t,kN*m,0.402987,1.0676666801362871e-08,-99.99999735061756,False
G,3.16,3.56,my,kN*m,22.321961,-25.03416064417973,12.150364585708795,False
G,3.16,3.56,mz,kN*m,4.172415,-12.709053947796244,204.5970726257154,False
Q,0.0,0.4,n,kN,-1062.18,1261.7307009663357,18.78690061631132,False
Q,0.0,0.4,vy,kN,-2.125,1.6122202269137633,-24.13081285111702,False
Q,0.0,0.4,vz,kN,-5.819,-2.8955357386796114,-50.2399769946793,False
Q,0.0,0.4,t,kN*m,0.045327,6.2270964424382385e-09,-99.99998626183854,False
Q,0.0,0.4,my,kN*m,-5.817738,1.3963350844612534,-75.99865988359646,False
Q,0.0,0.4,mz,kN*m,-2.308048,0.6998666961780439,-69.67711693266155,False
Q,3.16,3.56,n,kN,-1062.18,1261.7307009663357,18.78690061631132,False
Q,3.16,3.56,vy,kN,-2.125,1.6122202269137633,-24.13081285111702,False
Q,3.16,3.56,vz,kN,-5.819,-2.8955357386796114,-50.2399769946793,False
Q,3.16,3.56,t,kN*m,0.045327,6.2270964424382385e-09,-99.99998626183854,False
Q,3.16,3.56,my,kN*m,12.570612,-7.7535578497663185,-38.31996525096536,False
Q,3.16,3.56,mz,kN*m,4.40711,-4.394749220869448,-0.2804735786161916,False
